lei,lender_name,source_year,source,status
01ERPZV3DOLNXY2MLB90,"Libertyville Bank & Trust Company, N.A.",2025,Official HMDA Data Browser filers API,matched
01J4SO3XTWZF4PP38209,Trustmark National Bank,2025,Official HMDA Data Browser filers API,matched
01KWVG908KE7RKPTNP46,HomeStreet Bank,2025,Official HMDA Data Browser filers API,matched
03D0JEWFDFUS0SEEKG89,"TD Bank, National Association",2025,Official HMDA Data Browser filers API,matched
1DU7IM20QESYGDO4HO54,The Northwestern Mutual Life Insurance Company,2025,Official HMDA Data Browser filers API,matched
1IE8VN30JCEQV1H4R804,"HSBC BANK USA, NATIONAL ASSOCIATION",2025,Official HMDA Data Browser filers API,matched
1TMVIO1SD0RLIPEIW803,Great Southern Bank,2025,Official HMDA Data Browser filers API,matched
1VUZZZCW0TWP6R7N3Z33,Union Savings Bank,2025,Official HMDA Data Browser filers API,matched
20TVKH7M13MUBGE80C53,Independent Bank,2025,Official HMDA Data Browser filers API,matched
2138004QPZ7FMGPTU106,CorTrust Bank National Association,2025,Official HMDA Data Browser filers API,matched
21380054U5NKZKBQ4128,Central Federal Savings and Loan Association,2025,Official HMDA Data Browser filers API,matched
2138005KH543RLMQHE28,CITIZENS SAVINGS BANK AND TRUST COMPANY,2024,Official HMDA Data Browser filers API,matched
2138007DQF1WY8NDYM18,NORTHWEST BANK OF ROCKFORD,2025,Official HMDA Data Browser filers API,matched
2138009TTY1M4OJRXV14,BANKORION,2025,Official HMDA Data Browser filers API,matched
213800GF3VF8WSF5Q651,FOREST PARK NATIONAL BANK AND TRUST COMPANY,2025,Official HMDA Data Browser filers API,matched
213800K8DDKEL9X4OK57,FIRST SOUTHERN BANK.,2024,Official HMDA Data Browser filers API,matched
213800KVD76WKI6PN868,"CAPITAL CENTER, L.L.C.",2025,Official HMDA Data Browser filers API,matched
213800M6RMI3YBX62W88,"CORTRUST MORTGAGE, INC.",2025,Official HMDA Data Browser filers API,matched
213800QUAI2VH5YM6310,"EMBRACE HOME LOANS, INC.",2025,Official HMDA Data Browser filers API,matched
213800THW6KSUL191M34,FIRST COMMUNITY CREDIT UNION,2023,Official HMDA Data Browser filers API,matched
213800XR2TCBQJSF1X93,NBKC BANK,2025,Official HMDA Data Browser filers API,matched
25490000OGVJZR74L509,Utah Mortgage Loan Corporation,2025,Official HMDA Data Browser filers API,matched
25490000VM5YTLF4NM50,FOCUS BANK,2024,Official HMDA Data Browser filers API,matched
25490001F0A9F7BV6B05,Albany Bank and Trust Company National Association,2025,Official HMDA Data Browser filers API,matched
254900040LMONERSH242,VISIONBANK OF IOWA,2023,Official HMDA Data Browser filers API,matched
25490007ROE3S0978636,Monterey Credit Union,2025,Official HMDA Data Browser filers API,matched
2549000A72B92T5BS479,Bank of Travelers Rest,2023,Official HMDA Data Browser filers API,matched
2549000C5KZ15Q2U9V68,BANK,2025,Official HMDA Data Browser filers API,matched
2549000PNXYVRN44TV91,My Community Credit Union,2023,Official HMDA Data Browser filers API,matched
2549000U02CCY5TWKA10,,,Official HMDA Data Browser filers API,unmatched
2549000VVDQ9NNW01Q23,Listerhill Credit Union,2024,Official HMDA Data Browser filers API,matched
2549000VZA9BKX17VB15,Independence Bank,2024,Official HMDA Data Browser filers API,matched
25490010EMNKWA8L9813,Downey Federal Credit Union,2025,Official HMDA Data Browser filers API,matched
25490010KVYW9UG1WT69,PROVIDENCE FEDERAL CREDIT UNION,2023,Official HMDA Data Browser filers API,matched
254900114YHTRFBALC74,"Genesis Capital, LLC",2025,Official HMDA Data Browser filers API,matched
254900132A3VX6LLZU43,Associated Credit Union,2025,Official HMDA Data Browser filers API,matched
25490014T1E9ZF0ODZ87,"ECLIPSE BANK, INC.",2025,Official HMDA Data Browser filers API,matched
254900158KALQ2PWDU44,The Adirondack Trust Company,2025,Official HMDA Data Browser filers API,matched
25490018IFQOT83Q7H49,"GO MORTGAGE, LLC",2025,Official HMDA Data Browser filers API,matched
2549001E11O22GGBEL86,Prairie State Bank and Trust,2025,Official HMDA Data Browser filers API,matched
2549001EL4XFDHGNJO24,USC Credit Union,2025,Official HMDA Data Browser filers API,matched
2549001FRVJW21ARMV74,RNB State Bank,2023,Official HMDA Data Browser filers API,matched
2549001IK7UDPADKAG34,Unitus Community Credit Union,2025,Official HMDA Data Browser filers API,matched
2549001NJY765EZWDI06,"RELIANT HOME FUNDING, INC",2025,Official HMDA Data Browser filers API,matched
2549001R6R928Y08SC30,"Black Hills Community Bank, N.A.",2025,Official HMDA Data Browser filers API,matched
2549001R901BOUXDJQ68,Bank of Holly Springs,2023,Official HMDA Data Browser filers API,matched
2549001SGCT0DXW9UA79,The First National Bank of Mount Dora,2025,Official HMDA Data Browser filers API,matched
2549001SI0EMFPT39035,"Cornerstone First Mortgage, Inc",2025,Official HMDA Data Browser filers API,matched
2549001SMFSVFT382M09,Time Bank,2023,Official HMDA Data Browser filers API,matched
2549001TX8MBDGWWWF50,First National Bank of Kentucky,2024,Official HMDA Data Browser filers API,matched
2549001URDOO8V3DI280,First Federal Savings and Loan Association of Greensburg,2025,Official HMDA Data Browser filers API,matched
2549001VTOPU7JA6G249,FNCB Bank,2023,Official HMDA Data Browser filers API,matched
2549001XVX1R2ITF6935,Hearthside Bank Corporation,2025,Official HMDA Data Browser filers API,matched
2549001ZX3163R62TB83,UNIFIED BANK,2025,Official HMDA Data Browser filers API,matched
25490021P4C9ZH17EO78,MORTGAGE CLEARING CORPORATION,2025,Official HMDA Data Browser filers API,matched
254900237R332M8L2724,The Miners National Bank of Eveleth,2023,Official HMDA Data Browser filers API,matched
25490024BC19WWC88469,Security Savings Bank,2023,Official HMDA Data Browser filers API,matched
2549002AEOG52GLE5B68,"Affinity Bancshares, Inc.",2023,Official HMDA Data Browser filers API,matched
2549002AOWUCD3BSTP80,AmeriFirst Bank,2025,Official HMDA Data Browser filers API,matched
2549002CETMLVOOVS913,The Claxton Bank,2025,Official HMDA Data Browser filers API,matched
2549002DGXCCIY4BGZ41,Complex Community Federal Credit Union,2025,Official HMDA Data Browser filers API,matched
2549002KNNRT791PG760,Farmers and Merchants Bank,2025,Official HMDA Data Browser filers API,matched
2549002N9QET42VCAS33,New Market Bank,2025,Official HMDA Data Browser filers API,matched
2549002OCMCJIOOONI88,United Bank of Iowa,2024,Official HMDA Data Browser filers API,matched
2549002VH9C0PKB8K153,Logan Finance Corporation,2025,Official HMDA Data Browser filers API,matched
2549002W5VVAQ5IH5726,Goodfield State Bank,2025,Official HMDA Data Browser filers API,matched
25490031FYE1X5QNTK83,First Basin Credit Union,2025,Official HMDA Data Browser filers API,matched
25490034TADWBQX5BB10,Peoples State Bank,2025,Official HMDA Data Browser filers API,matched
25490036VZXFDDH37Q07,Century Bank of Georgia,2024,Official HMDA Data Browser filers API,matched
254900378RFGMBEKAF12,Empeople Credit Union,2025,Official HMDA Data Browser filers API,matched
25490039MDCTJ7ZJ8204,Century Credit Union,2025,Official HMDA Data Browser filers API,matched
2549003GSJF52BBIBW81,LENDING CAPITAL GROUP Inc,2025,Official HMDA Data Browser filers API,matched
2549003IXQM06TTWQV75,Andover State Bank,2024,Official HMDA Data Browser filers API,matched
2549003K48UGTWEK6O31,SECURED INVESTMENT CORP.,2024,Official HMDA Data Browser filers API,matched
2549003KE4TBG4N5AY60,Union Bank,2023,Official HMDA Data Browser filers API,matched
2549003O1765OJT2BV03,American Riviera Bank,2025,Official HMDA Data Browser filers API,matched
2549003SD8SH7JXN6S72,"First Bankers Trust Company, National Association",2025,Official HMDA Data Browser filers API,matched
2549003SYL72OG7Y6S21,Superior National Bank,2025,Official HMDA Data Browser filers API,matched
2549003Z8R5QM0WPS603,IDB Global Federal Credit Union,2025,Official HMDA Data Browser filers API,matched
2549003ZYZM7FHPZV590,DEPARTMENT OF THE INTERIOR FEDERAL CREDIT UNION,2025,Official HMDA Data Browser filers API,matched
25490041Y3ITG7RD6H37,"Chain Bridge Bank, National Association",2025,Official HMDA Data Browser filers API,matched
254900433OUXXNWBRL57,First Commerce Bank,2023,Official HMDA Data Browser filers API,matched
25490043Z1O3CFY7D576,First National Bank of Hereford,2025,Official HMDA Data Browser filers API,matched
25490046GL77VSFSYG24,Signature Bank of Arkansas,2025,Official HMDA Data Browser filers API,matched
25490049BUGXLHXJZD76,The Credit Union For All,2025,Official HMDA Data Browser filers API,matched
25490049RRVB8S6CG210,Farmers and Merchants Bank of Long Beach,2025,Official HMDA Data Browser filers API,matched
2549004CKM8OCTXNKO02,"SouthTrust Bank, N.A.",2025,Official HMDA Data Browser filers API,matched
2549004CU9LAM5CYA280,KWIK MORTGAGE CORPORATION,2025,Official HMDA Data Browser filers API,matched
2549004DP0SBHRLH4J27,The Bank of Magnolia Company,2024,Official HMDA Data Browser filers API,matched
2549004EEJO192FMAC61,KODABANK,2025,Official HMDA Data Browser filers API,matched
2549004EXIAAMK5CLH54,Capital City Bank,2025,Official HMDA Data Browser filers API,matched
2549004FXPNKCLIN8250,"Synergy One Lending, Inc.",2025,Official HMDA Data Browser filers API,matched
2549004G86NS7ZIP2L97,I3 Bank,2023,Official HMDA Data Browser filers API,matched
2549004NC9AQ00THAD39,"WAGGONER NATIONAL BANK OF VERNON, THE",2025,Official HMDA Data Browser filers API,matched
2549004O2ZT0HSAP5S70,First Independence Bank,2025,Official HMDA Data Browser filers API,matched
2549004OC91L41W9XR37,EDUCATIONAL EMPLOYEES CREDIT UNION,2025,Official HMDA Data Browser filers API,matched
2549004ODQE9FVROV477,"So-Cal Capital, Inc.",2025,Official HMDA Data Browser filers API,matched
2549004SC7QSM97SYR40,Farmers State Bank of Western Illinois,2023,Official HMDA Data Browser filers API,matched
2549004W2JKWS6P17T44,United Bank of Michigan,2025,Official HMDA Data Browser filers API,matched
2549004W7ZN0N715U578,CommonWealth Central Credit Union,2025,Official HMDA Data Browser filers API,matched
2549004WBDC394DA3W87,Premier Credit Union,2025,Official HMDA Data Browser filers API,matched
2549004XDCE3LGQW7H72,,,Official HMDA Data Browser filers API,unmatched
2549004XJQQPBYQSMT39,Quontic Bank,2025,Official HMDA Data Browser filers API,matched
2549004YKXDDHUWUOH37,,,Official HMDA Data Browser filers API,unmatched
2549004Z576VEJBK3N72,"NQM FUNDING, LLC",2025,Official HMDA Data Browser filers API,matched
2549004ZRHLORHQ9LT73,Exchange Bank,2025,Official HMDA Data Browser filers API,matched
25490051DLR50J3F0F68,"Abundance 99, Inc.",2025,Official HMDA Data Browser filers API,matched
25490053QEQO83AZIX15,Citizens Community Bank,2025,Official HMDA Data Browser filers API,matched
254900561K135J92VD38,First Security Bank,2025,Official HMDA Data Browser filers API,matched
25490059CRJPDQXWL974,AUBURN COMMUNITY FEDERAL CREDIT UNION,2025,Official HMDA Data Browser filers API,matched
2549005AK04LGIZGXS10,The First National Bank of Anson,2025,Official HMDA Data Browser filers API,matched
2549005AULHKP8HBJL75,Home Bank of California,2023,Official HMDA Data Browser filers API,matched
2549005B0YP23JCTYV51,POPA FEDERAL CREDIT UNION,2025,Official HMDA Data Browser filers API,matched
2549005B6S44QVVMBU11,"First Grayson Bancorp, Inc.",2025,Official HMDA Data Browser filers API,matched
2549005BWLPEBQA7QJ63,Ohio Catholic Federal Credit Union,2025,Official HMDA Data Browser filers API,matched
2549005DO6VPVH5MOS59,CREDIT UNION OF SOUTHERN CALIFORNIA,2025,Official HMDA Data Browser filers API,matched
2549005FUF02T1IFCA22,,,Official HMDA Data Browser filers API,unmatched
2549005HG8EMM4748S60,Germantown Trust & Savings Bank,2025,Official HMDA Data Browser filers API,matched
2549005IUIJTSX4P5695,The First National Bank of Bellville,2025,Official HMDA Data Browser filers API,matched
2549005K0ZG1MFV3R260,Reliable Holdings Manager dba Lendz Financial,2025,Official HMDA Data Browser filers API,matched
2549005LG69OCBT9WE71,The Riddell National Bank,2025,Official HMDA Data Browser filers API,matched
2549005NO86X9J3D1U18,Anoka Hennepin Credit Union,2023,Official HMDA Data Browser filers API,matched
2549005O94DAZVV0P036,Cross County Savings Bank,2025,Official HMDA Data Browser filers API,matched
2549005PPHHZWJNR6L41,Exchange Bank of Missouri,2023,Official HMDA Data Browser filers API,matched
2549005PYIZHRT9M1C75,First FarmBank,2023,Official HMDA Data Browser filers API,matched
2549005Q4HZ55QX7YC64,"Watermark Capital, Inc.",2025,Official HMDA Data Browser filers API,matched
2549005RQQ9A5CNFVG05,COMMERCIAL BANKING COMPANY,2025,Official HMDA Data Browser filers API,matched
2549005SIVTHG14U2905,A&D Mortgage LLC,2025,Official HMDA Data Browser filers API,matched
2549005SKP81W00YW119,The First National Bank of Dryden,2025,Official HMDA Data Browser filers API,matched
2549005T4NUXGTZTUE50,McCoy Federal Credit Union,2025,Official HMDA Data Browser filers API,matched
2549005Z23HAAZ6QDM98,,,Official HMDA Data Browser filers API,unmatched
254900641GGR26VXNC67,Sidney Federal Credit Union,2025,Official HMDA Data Browser filers API,matched
254900667M5CK6Y3DF27,Banco do Brasil Americas,2025,Official HMDA Data Browser filers API,matched
25490066WMF8ZMQXQB18,"Lendage, LLC",2025,Official HMDA Data Browser filers API,matched
254900695MEPYT475810,Charter Bank,2025,Official HMDA Data Browser filers API,matched
2549006970DDWK8E1864,FIELDPOINT PRIVATE BANK & TRUST,2024,Official HMDA Data Browser filers API,matched
25490069UL3FH6Q66B18,Oswego Teachers Employees Federal Credit Union,2025,Official HMDA Data Browser filers API,matched
2549006A34A1F1ZGTT81,East Cambridge Savings Bank,2024,Official HMDA Data Browser filers API,matched
2549006AC9Y4MDVXIL37,Extra,2025,Official HMDA Data Browser filers API,matched
2549006HGDHH72X1BE36,The Greenwood's State Bank,2025,Official HMDA Data Browser filers API,matched
2549006HZDO3SULWNR95,Outdoor Bank,2025,Official HMDA Data Browser filers API,matched
2549006I89JVMC44TE62,Murphy-Wall State Bank and Trust Company,2023,Official HMDA Data Browser filers API,matched
2549006II76YXSS5XM65,"George Mason Mortgage, LLC",2023,Official HMDA Data Browser filers API,matched
2549006L3U88MNTL7K26,Stillman BancCorp N.A.,2025,Official HMDA Data Browser filers API,matched
2549006MTEQ1VE0AAQ20,PINNACLE BANK,2025,Official HMDA Data Browser filers API,matched
2549006MX2M0D119SZ27,Dover Federal Credit Union,2025,Official HMDA Data Browser filers API,matched
2549006ONI6N95VKB649,Southern Michigan Bank & Trust,2025,Official HMDA Data Browser filers API,matched
2549006RTCWYNJPDX013,Envision Credit Union,2024,Official HMDA Data Browser filers API,matched
2549006SH1GKAA6QVG47,BANK OF MADISON,2025,Official HMDA Data Browser filers API,matched
2549006T1BV8J2I7XC10,Citizens State Bank,2025,Official HMDA Data Browser filers API,matched
2549006T9J2DMLJVRS64,Municipal Credit Union,2025,Official HMDA Data Browser filers API,matched
2549006U8SXATH10WI14,Exchange Bank & Trust,2024,Official HMDA Data Browser filers API,matched
2549006V23YD1XWUR350,MapleMark Bank,2025,Official HMDA Data Browser filers API,matched
2549006VBLRP288VX853,"American Bank, National Association",2025,Official HMDA Data Browser filers API,matched
2549006VWQC6XCFQO747,Mission City Federal Credit Union,2025,Official HMDA Data Browser filers API,matched
2549006WPD8JIY1AFO12,Southeast First National Bank,2025,Official HMDA Data Browser filers API,matched
25490070QB5LWJ9JID79,"Community Bank & Trust, Waco, Texas",2025,Official HMDA Data Browser filers API,matched
25490072C0PMGDUJQU77,GNB BANK,2025,Official HMDA Data Browser filers API,matched
25490074OSKMLQ1W0I88,Castle Rock Bank,2025,Official HMDA Data Browser filers API,matched
25490074WALW1U7G4555,The Farmers Bank and Savings Company,2025,Official HMDA Data Browser filers API,matched
25490076YOMAEM6W0N66,West Central Bank,2025,Official HMDA Data Browser filers API,matched
2549007AU24FVDMNUB40,Connexus Credit Union,2025,Official HMDA Data Browser filers API,matched
2549007E9BI08H1N1T92,AAFMAA Mortgage Services LLC,2025,Official HMDA Data Browser filers API,matched
2549007G9V4FYWWWDZ31,"Acre Mortgage & Financial, Inc.",2025,Official HMDA Data Browser filers API,matched
2549007GLTHLP3ZYS308,The First National Bank of Gilbert,2025,Official HMDA Data Browser filers API,matched
2549007IU6SKFLLNKZ07,PACIFIC LENDING LLC,2025,Official HMDA Data Browser filers API,matched
2549007JQKHU8KQ0FC19,"FIRSTTRUST HOME LOANS, INC.",2025,Official HMDA Data Browser filers API,matched
2549007JZSAICH4GZJ60,POINT MORTGAGE CORPORATION,2025,Official HMDA Data Browser filers API,matched
2549007LQQOUAPFNHY39,OPTIONWIDE FINANCIAL CORPORATION,2024,Official HMDA Data Browser filers API,matched
2549007M6CTUCB5K0R54,San Joaquin Power Employees Credit Union,2025,Official HMDA Data Browser filers API,matched
2549007NTZZX7VJJPB03,TexasBank,2025,Official HMDA Data Browser filers API,matched
2549007Q0B6XK1XTYG16,First State Bank of Le Center,2025,Official HMDA Data Browser filers API,matched
2549007QTEURUDVZQ980,FIRST CAPITAL BANK,2025,Official HMDA Data Browser filers API,matched
2549007RR4DXYXPJCZ82,FREEDOM BANK OF SOUTHERN MISSOURI,2023,Official HMDA Data Browser filers API,matched
2549007UK2BZOOSF6C76,"First Security Bank, Batesville, Mississippi",2024,Official HMDA Data Browser filers API,matched
2549007UO49TL9LEDN58,"LINKED HOME LOANS, LLC",2025,Official HMDA Data Browser filers API,matched
2549007W5PWUV8XG3V90,RCB Bank,2025,Official HMDA Data Browser filers API,matched
2549007WBD70RLDH1669,FIRST PEOPLES COMMUNITY FEDERAL CREDIT UNION,2025,Official HMDA Data Browser filers API,matched
2549007ZL90U2M5ZNA78,United Fidelity Funding Corp.,2023,Official HMDA Data Browser filers API,matched
254900826Z45GD791J96,Grinnell State Bank,2024,Official HMDA Data Browser filers API,matched
2549008684GZZI5B5H82,encurage financial network,2024,Official HMDA Data Browser filers API,matched
25490087M8OYX68SQN42,"ISB Capital, LLC",2025,Official HMDA Data Browser filers API,matched
2549008AGLU4AEH9GZ71,Pineland Bank,2025,Official HMDA Data Browser filers API,matched
2549008CUN0J8JKWUL22,Telco Plus Credit Union,2025,Official HMDA Data Browser filers API,matched
2549008CZOYIG4FIKS25,Forbright Bank,2024,Official HMDA Data Browser filers API,matched
2549008DKNX6KPDOUX53,Wellington State Bank,2025,Official HMDA Data Browser filers API,matched
2549008F85XOERURYW13,First Savings Bank of Hegewisch,2025,Official HMDA Data Browser filers API,matched
2549008G9SP4WM32NN96,"WARSHAW CAPITAL, LLC",2025,Official HMDA Data Browser filers API,matched
2549008LK3474E9U2888,ONPOINT COMMUNITY CREDIT UNION,2025,Official HMDA Data Browser filers API,matched
2549008LUH7QKMXQ8N53,Flanagan State Bank,2025,Official HMDA Data Browser filers API,matched
2549008N2M81OOM8SX05,"First Bridge Funding, LLC",2025,Official HMDA Data Browser filers API,matched
2549008NZFLT1BQ8EN23,Kirtland Federal Credit Union,2024,Official HMDA Data Browser filers API,matched
2549008O36ZLTWMCKU62,"F & M Community Bank, National Association",2025,Official HMDA Data Browser filers API,matched
2549008TT6UNYR7AXF54,"Sunflower Bank, National Association",2025,Official HMDA Data Browser filers API,matched
2549008VBYJ5IEXJDR42,,,Official HMDA Data Browser filers API,unmatched
2549008X67CV1MNM7747,MEADOWBROOK FINANCIAL MORTGAGE BANKERS CORP.,2025,Official HMDA Data Browser filers API,matched
2549008XU46NWFIFUY72,"Shelby Savings Bank, SSB",2025,Official HMDA Data Browser filers API,matched
25490099UNYWX2PZ4J91,"WNB FINANCIAL, N.A.",2025,Official HMDA Data Browser filers API,matched
2549009BJ1OZ4H7KTG46,Churchill Funding I LLC,2025,Official HMDA Data Browser filers API,matched
2549009DWV1Z50JILS65,The First National Bank of Groton,2025,Official HMDA Data Browser filers API,matched
2549009E2AX2506YWP38,"Bank of Brenham, National Association",2025,Official HMDA Data Browser filers API,matched
2549009GDCGUR2T6KU55,"Hingham Institution for Savings, The",2025,Official HMDA Data Browser filers API,matched
2549009GERLEDM651T51,Vermillion State Bank,2025,Official HMDA Data Browser filers API,matched
2549009I5SQ5XN6WFU76,Residential First Capital,2025,Official HMDA Data Browser filers API,matched
2549009IIR21WKPEE762,AlaTrust Credit Union,2023,Official HMDA Data Browser filers API,matched
2549009JMGPU64G0O296,Bank of Millbrook,2025,Official HMDA Data Browser filers API,matched
2549009M5QY5LPV18B47,GREAT BASIN FEDERAL CREDIT UNION,2025,Official HMDA Data Browser filers API,matched
2549009PABKV8ZBDH619,CENTRAL CREDIT UNION OF ILLINOIS,2025,Official HMDA Data Browser filers API,matched
2549009PBYH62M6NZK12,Peoples State Bank of Plainview,2023,Official HMDA Data Browser filers API,matched
2549009PZCHF8GGHET49,Santa Barbara Teachers Federal Credit Union,2025,Official HMDA Data Browser filers API,matched
2549009RNMXHS9AICA61,Kaiperm Federal Credit Union,2024,Official HMDA Data Browser filers API,matched
2549009SLV9L2AAN3089,Amalgamated Bank of Chicago,2024,Official HMDA Data Browser filers API,matched
2549009UITWIC4FV7F43,Residential Acceptance Corporation,2024,Official HMDA Data Browser filers API,matched
2549009X2AG1P20YAJ63,Axos Bank,2025,Official HMDA Data Browser filers API,matched
254900A1LV2U6NM10498,Archwest Funding,2025,Official HMDA Data Browser filers API,matched
254900A1UQKL3B7FJW54,Algonquin State Bank,2024,Official HMDA Data Browser filers API,matched
254900A9B6ZESX14S984,Bank of Yates City,2023,Official HMDA Data Browser filers API,matched
254900A9IPKYRVXEJ156,PRESTON HOME LOANS INC,2025,Official HMDA Data Browser filers API,matched
254900AASWOQ6SVWCG44,Tulsa Federal Credit Union,2025,Official HMDA Data Browser filers API,matched
254900ABIIEL07U0EA82,,,Official HMDA Data Browser filers API,unmatched
254900ACU16O36WZP625,"212 LOANS, LLC.",2025,Official HMDA Data Browser filers API,matched
254900ACUWEGW702BR80,"FM Home Loans, LLC",2025,Official HMDA Data Browser filers API,matched
254900AD895KKZTSFT42,"MORTGAGE ASSURANCE, INC.",2025,Official HMDA Data Browser filers API,matched
254900AECSSNLT5FBU41,The Union State Bank of Everest,2025,Official HMDA Data Browser filers API,matched
254900AG9OLNQOYN9650,"Great Midwest Bank, S.S.B.",2025,Official HMDA Data Browser filers API,matched
254900AH8L5ZM1JZET07,,,Official HMDA Data Browser filers API,unmatched
254900AHEC0ZH6MGNX19,"RockPointBank, National Association",2025,Official HMDA Data Browser filers API,matched
254900AHLSHUJOTJG402,COLONY BANK,2025,Official HMDA Data Browser filers API,matched
254900AJB66305WKCT53,American Partners Federal Credit Union,2025,Official HMDA Data Browser filers API,matched
254900APUOKMIQ9Z9027,JOHNS HOPKINS FEDERAL CREDIT UNION,2025,Official HMDA Data Browser filers API,matched
254900ARL5FDX2OOH702,"SUPERIOR CREDIT UNION, INC.",2025,Official HMDA Data Browser filers API,matched
254900ARLAZ571P0Z136,Industry State Bank,2025,Official HMDA Data Browser filers API,matched
254900AU2FARCMPNA566,Bank of Holland,2025,Official HMDA Data Browser filers API,matched
254900AVP2JVTYYT3V92,"THE PEOPLES BANK, BILOXI, MISSISSIPPI",2023,Official HMDA Data Browser filers API,matched
254900AX110CHF6FVV28,"TOWN SQUARE MORTGAGE & INVESTMENTS, LLC",2024,Official HMDA Data Browser filers API,matched
254900AX2RRO2WMRP742,VERMONT FEDERAL CREDIT UNION,2023,Official HMDA Data Browser filers API,matched
254900B0P7ZWM2SQVJ36,,,Official HMDA Data Browser filers API,unmatched
254900B5PW4JPZAQI721,Woodford State Bank,2025,Official HMDA Data Browser filers API,matched
254900B5Z0UM2W57TK83,Citizens First Bank,2024,Official HMDA Data Browser filers API,matched
254900B631B05UVLUA59,Concordia Bank & Trust Company,2024,Official HMDA Data Browser filers API,matched
254900B71NF607TXAW72,Bodcaw Bank,2025,Official HMDA Data Browser filers API,matched
254900B7OQXWTD0I4K81,The First National Bank of Hughes Springs,2025,Official HMDA Data Browser filers API,matched
254900B9B6TYYGLOXT47,Think Mutual Bank,2025,Official HMDA Data Browser filers API,matched
254900BAR7I9CB7YO393,The First State Bank,2025,Official HMDA Data Browser filers API,matched
254900BBEPZS8MDE1S61,F&A Federal Credit Union,2025,Official HMDA Data Browser filers API,matched
254900BBWJ82FQDQ6823,ABL RPC Residential Credit Acquisition LLC,2025,Official HMDA Data Browser filers API,matched
254900BD5NFQPLWIEE89,UNITED POLES FEDERAL CREDIT UNION,2025,Official HMDA Data Browser filers API,matched
254900BDGU9FU91PQA51,The Union Bank Company,2025,Official HMDA Data Browser filers API,matched
254900BKU8W7ACVJRW27,Home Federal Savings and Loan Association of Niles,2023,Official HMDA Data Browser filers API,matched
254900BLPLW0LXHKFX20,Jersey State Bank,2025,Official HMDA Data Browser filers API,matched
254900BM3N9MMKAA9U54,Lamar National Bank,2025,Official HMDA Data Browser filers API,matched
254900BMQSLV9Y2QJR87,Commercial Bank of California,2023,Official HMDA Data Browser filers API,matched
254900BMXWPEHXG4LF21,"SmartFi Home Loans, LLC",2025,Official HMDA Data Browser filers API,matched
254900BQVRDMH5K9QS04,Frankenmuth Credit Union,2024,Official HMDA Data Browser filers API,matched
254900BX43CTU32Z6G15,Lindell Bank & Trust Company,2025,Official HMDA Data Browser filers API,matched
254900C19X1M3IN6AM89,First State Bank of Burnet,2023,Official HMDA Data Browser filers API,matched
254900C2QXQ435D8TY78,Queensborough National Bank & Trust Company,2025,Official HMDA Data Browser filers API,matched
254900C303DGB8I7GG88,LA Financial Federal Credit Union,2025,Official HMDA Data Browser filers API,matched
254900C44LTMSEGQ5K05,Island Federal Credit Union,2025,Official HMDA Data Browser filers API,matched
254900C4L5I47E388980,PEOPLES SAVINGS BANK,2024,Official HMDA Data Browser filers API,matched
254900C7T2ET9EM0RK88,,,Official HMDA Data Browser filers API,unmatched
254900CBU2F2TON68T25,First National Bank of East Texas,2025,Official HMDA Data Browser filers API,matched
254900CHU7PX7ZS6RI74,State Bank,2025,Official HMDA Data Browser filers API,matched
254900CIEUZUO7CHPG88,COVANTAGE CREDIT UNION,2025,Official HMDA Data Browser filers API,matched
254900CLULPZ13KI0S29,NORTHEASTERN OPERATING ENGINEERS FEDERAL CREDIT UNION,2023,Official HMDA Data Browser filers API,matched
254900CN1DD55MJDFH69,University of Wisconsin Credit Union,2025,Official HMDA Data Browser filers API,matched
254900CNZPI5WN45KW48,First Financial Bank,2025,Official HMDA Data Browser filers API,matched
254900CRPFBFJUTD8P12,,,Official HMDA Data Browser filers API,unmatched
254900CTT87ZKAUTIJ37,,,Official HMDA Data Browser filers API,unmatched
254900CUL2SYJXAEFW91,Bank of the Southwest,2023,Official HMDA Data Browser filers API,matched
254900CUWSNZ9IXV1Z27,"NEW MILLENNIUM BANK, INC",2025,Official HMDA Data Browser filers API,matched
254900CX4A85W20A2X77,Azuza LLC dba Z Loans Funding,2025,Official HMDA Data Browser filers API,matched
254900D3ZSLR3VYI9A24,The First National Bank of Shiner,2025,Official HMDA Data Browser filers API,matched
254900D4M439MIWMBX82,Cooperative Teachers Credit Union,2025,Official HMDA Data Browser filers API,matched
254900D8UVDBN0LNLV64,Platinum Home Mortgage Corporation,2023,Official HMDA Data Browser filers API,matched
254900D8X5TTTSY8Z707,"ARIXA SECURED INCOME FUND, LLC",2025,Official HMDA Data Browser filers API,matched
254900DGJQT6H4M24F92,One Bank of Tennessee,2025,Official HMDA Data Browser filers API,matched
254900DJ8WC0BQHYR275,South Story Bank & Trust,2025,Official HMDA Data Browser filers API,matched
254900DNLSAVSRPDRK61,"Carthage Savings and Loan, National Association",2025,Official HMDA Data Browser filers API,matched
254900DNPJINSUKFZ002,NOTRE DAME FEDERAL CREDIT UNION CORPORATION,2025,Official HMDA Data Browser filers API,matched
254900DON8SDKGYIL122,"Intercredit Bank, National Association",2025,Official HMDA Data Browser filers API,matched
254900DP3BW5KXGW1D65,Security State Bank of Hibbing,2023,Official HMDA Data Browser filers API,matched
254900DRRUT25BYSOL40,Bank Northwest,2023,Official HMDA Data Browser filers API,matched
254900DRSIZBQXDCJ875,"Easy Street Capital, LLC",2025,Official HMDA Data Browser filers API,matched
254900DS8F7DYEEO5B60,Moog Employees Federal Credit Union,2025,Official HMDA Data Browser filers API,matched
254900DSZI6CJXJL6Z14,"RPE Home, Inc",2025,Official HMDA Data Browser filers API,matched
254900DTLB5WWMBJAD86,Bank Five Nine,2025,Official HMDA Data Browser filers API,matched
254900DTLHVWQ7NP7R34,"THE LOAN STORE, INC.",2025,Official HMDA Data Browser filers API,matched
254900E211LMPD5PAM20,BLUE SKY BANK,2025,Official HMDA Data Browser filers API,matched
254900E3R2YX26OH3128,HealthCare Associates Credit Union,2025,Official HMDA Data Browser filers API,matched
254900E5EHQD56Y9WV93,TransPecos Banks,2025,Official HMDA Data Browser filers API,matched
254900E6AIE4Z8YQM970,Citadel Servicing Corporation,2025,Official HMDA Data Browser filers API,matched
254900E8AB6YT3KRD187,"FIRST NATIONAL BANCORP, INC.",2025,Official HMDA Data Browser filers API,matched
254900E9OABDJHASZ507,The Cottonport Bank,2024,Official HMDA Data Browser filers API,matched
254900E9QYJ6OX8QXL76,SouthPoint Bank,2025,Official HMDA Data Browser filers API,matched
254900EDYO1UYWLWP146,"CNB Bank, Inc.",2025,Official HMDA Data Browser filers API,matched
254900EEAW181JIGNK52,"Beacon Credit Union, Incorporated",2025,Official HMDA Data Browser filers API,matched
254900EHOJ91PS23E696,Yolo Federal Credit Union,2025,Official HMDA Data Browser filers API,matched
254900EKE4KU163TA318,American Broadcast Employees Federal Credit Union,2025,Official HMDA Data Browser filers API,matched
254900EL4XB15QW2WI69,First National Bank of Griffin,2024,Official HMDA Data Browser filers API,matched
254900EL5N0NK8M96118,DADE COUNTY FEDERAL CREDIT UNION,2025,Official HMDA Data Browser filers API,matched
254900EQ47K76CF2A976,CORNHUSKER BANK,2025,Official HMDA Data Browser filers API,matched
254900EQ7TPQ6NBKRF55,4U Federal Credit Union,2025,Official HMDA Data Browser filers API,matched
254900EQCMVB0XTB5Y50,First State Bank,2024,Official HMDA Data Browser filers API,matched
254900ERAT50PIMMZH17,First Alliance Credit Union,2025,Official HMDA Data Browser filers API,matched
254900ERGGNLW2R5J379,"Heritage Mortgage, LLC",2025,Official HMDA Data Browser filers API,matched
254900EWUWDU43PY5R60,First Texas Bank,2024,Official HMDA Data Browser filers API,matched
254900EY91VUW4KYE555,ValueBank Texas,2025,Official HMDA Data Browser filers API,matched
254900EZO02JGHXM3V19,SAN DIEGO FUNDING,2025,Official HMDA Data Browser filers API,matched
254900EZRN0CBEP77K34,State Department Federal Credit Union,2025,Official HMDA Data Browser filers API,matched
254900F213LCBO4VGA06,The Lowell Five Cent Savings Bank,2025,Official HMDA Data Browser filers API,matched
254900F3ZV3WV1ADSM47,MJW FINANCIAL LLC,2025,Official HMDA Data Browser filers API,matched
254900F4CV5EF7UPS652,SunWest Federal Credit Union,2025,Official HMDA Data Browser filers API,matched
254900F8XCJE1G9OYR92,TTCU Federal Credit Union,2023,Official HMDA Data Browser filers API,matched
254900F9ZTVTX763V835,"Advisors Mortgage Group, L.L.C.",2025,Official HMDA Data Browser filers API,matched
254900FB4VEI37KZPQ74,Miami Postal Service Credit Union,2024,Official HMDA Data Browser filers API,matched
254900FBWEZ3YUPOBN33,"LIMA ONE CAPITAL, LLC",2025,Official HMDA Data Browser filers API,matched
254900FBWHJU34E26I78,ACCUNET MORTGAGE LLC,2025,Official HMDA Data Browser filers API,matched
254900FDN5GT0HEKMT95,WESTERN DIVISION FEDERAL CREDIT UNION,2025,Official HMDA Data Browser filers API,matched
254900FERTTAUD38US42,BANK OF HOUSTON,2023,Official HMDA Data Browser filers API,matched
254900FFZUXK3B729T97,Deseret First Credit Union,2025,Official HMDA Data Browser filers API,matched
254900FG1PR8UNV77C36,CCB Community Bank,2025,Official HMDA Data Browser filers API,matched
254900FGJF0W42LS9S31,Alliance Bank,2023,Official HMDA Data Browser filers API,matched
254900FI363837PZX856,"Midwest Heritage Bank, FSB",2025,Official HMDA Data Browser filers API,matched
254900FJRICL380R4T46,Leaders Credit Union,2025,Official HMDA Data Browser filers API,matched
254900FL0I8OUMMBOZ11,Bench Equity L.L.C.,2023,Official HMDA Data Browser filers API,matched
254900FMBXF85WQYV433,Amalgamated Bank,2025,Official HMDA Data Browser filers API,matched
254900FN90BBXGBCPB30,The First National Bank of Hartford,2025,Official HMDA Data Browser filers API,matched
254900FP6SX9QWAB1J85,First Texoma National Bank,2025,Official HMDA Data Browser filers API,matched
254900FSIRD1E5MR0U30,RMS & ASSOCIATES,2024,Official HMDA Data Browser filers API,matched
254900FT9OP3VNCXMZ53,CROSSROADS COMMUNITY FEDERAL CREDIT UNION,2023,Official HMDA Data Browser filers API,matched
254900FTCNECUOWATD22,First FSB of Mascoutah,2025,Official HMDA Data Browser filers API,matched
254900FYIFXD18THEZ65,"Litton Mortgage, Inc.",2023,Official HMDA Data Browser filers API,matched
254900FYMABY3EPG2K50,Bank of Milton,2025,Official HMDA Data Browser filers API,matched
254900G7NNSN8LRSPM89,First Resource Bank,2025,Official HMDA Data Browser filers API,matched
254900G9TLX0Q50U7H04,PremierBank,2025,Official HMDA Data Browser filers API,matched
254900GACVFC2JIZYT69,First National Bank of Coffee County,2025,Official HMDA Data Browser filers API,matched
254900GBKSHEUZ4PGG08,Powell Valley National Bank,2023,Official HMDA Data Browser filers API,matched
254900GG6WW4AAUFXJ50,Marathon Bank,2025,Official HMDA Data Browser filers API,matched
254900GHFQ9KF6G4PN32,First Central Credit Union,2025,Official HMDA Data Browser filers API,matched
254900GKRYTQSJG61D90,Texas Regional Bank,2025,Official HMDA Data Browser filers API,matched
254900GNK8YXIZQ6LW40,Sabine State Bank and Trust Company,2025,Official HMDA Data Browser filers API,matched
254900GP2576VSW7TS47,Adventure Credit Union,2025,Official HMDA Data Browser filers API,matched
254900GRDRKSA8ZPAJ55,Traditions Bank,2024,Official HMDA Data Browser filers API,matched
254900GS7VFHDE55TH92,The Yoakum National Bank,2025,Official HMDA Data Browser filers API,matched
254900GVA8WBFNUQTV33,,,Official HMDA Data Browser filers API,unmatched
254900GXB4AVD3FPHO33,Investor Mortgage Finance LLC,2025,Official HMDA Data Browser filers API,matched
254900GYV99GSRS94462,Liberty Bank,2023,Official HMDA Data Browser filers API,matched
254900GZAWIVGN884M22,Planters First Bank,2025,Official HMDA Data Browser filers API,matched
254900H07R1I9HDMFT89,Today's Bank,2024,Official HMDA Data Browser filers API,matched
254900H565SUNWJ0IV44,,,Official HMDA Data Browser filers API,unmatched
254900H6Q0VRU6MPSX83,AMERICA'S CREDIT UNION,2025,Official HMDA Data Browser filers API,matched
254900HA4DQWAE0W3342,"AMERIHOME MORTGAGE COMPANY, LLC",2025,Official HMDA Data Browser filers API,matched
254900HEJ9F73IMPX887,"Tomo Mortgage, LLC",2025,Official HMDA Data Browser filers API,matched
254900HEPQK96AEXHS12,Frontier Bank,2025,Official HMDA Data Browser filers API,matched
254900HHWJCW5OPA1I45,Commerceone Bank,2023,Official HMDA Data Browser filers API,matched
254900HI61SSH8KEBQ58,Range Bank,2024,Official HMDA Data Browser filers API,matched
254900HIDMT4ZG09RP47,CREDENCE FUNDING CORPORATION,2025,Official HMDA Data Browser filers API,matched
254900HJA1Y85EJCGB90,Charter Oak Federal Credit Union,2023,Official HMDA Data Browser filers API,matched
254900HL2VMAYA3J5494,,,Official HMDA Data Browser filers API,unmatched
254900HO9WPE4LTLQU96,Valley West Corporation,2025,Official HMDA Data Browser filers API,matched
254900HQBR2XD7IAKH63,"Towpath Credit Union, Inc.",2025,Official HMDA Data Browser filers API,matched
254900HQK1GFTN5BRG15,Chicago Mortgage Solutions LLC,2023,Official HMDA Data Browser filers API,matched
254900HXPUN0BQEZ4350,Alternatives Federal Credit Union,2025,Official HMDA Data Browser filers API,matched
254900I445780YG38U05,"North Coast Financial, Inc.",2025,Official HMDA Data Browser filers API,matched
254900I67KZHMHRJRD62,Timberline Bank,2023,Official HMDA Data Browser filers API,matched
254900I68BOSEM149Q58,"ENCOMPASS LENDING GROUP, LP",2025,Official HMDA Data Browser filers API,matched
254900IEGKUDRDS23V26,"AAA CAPITAL INVESTMENT, INC.",2025,Official HMDA Data Browser filers API,matched
254900IHGFQJY2WUC891,FIRST OPTION BANK,2025,Official HMDA Data Browser filers API,matched
254900IHP9HX92C8DX39,Frontier Bank of Texas,2025,Official HMDA Data Browser filers API,matched
254900IJMAVCJR5W8K61,V.I.P. Trust Deed Company,2023,Official HMDA Data Browser filers API,matched
254900IL7D0ACZ6YVF12,Home Federal Savings and Loan Association of Grand Island,2024,Official HMDA Data Browser filers API,matched
254900INHDNXVATC1I76,Lone Star Bank,2023,Official HMDA Data Browser filers API,matched
254900IQQH2FDQ54AX07,SPACE CITY CREDIT UNION,2025,Official HMDA Data Browser filers API,matched
254900IRE136HFEI2562,,,Official HMDA Data Browser filers API,unmatched
254900IU2EZH8TXNXE23,"StanCorp Mortgage Investors, LLC",2025,Official HMDA Data Browser filers API,matched
254900IUXHAK73AEH918,Bank of Frankewing,2025,Official HMDA Data Browser filers API,matched
254900IVR37DW5QD1I94,South Coast Bank & Trust,2025,Official HMDA Data Browser filers API,matched
254900J2RKTTDJSUWD76,,,Official HMDA Data Browser filers API,unmatched
254900J2U7OF6AWF3P54,Security Bank & Trust Company,2025,Official HMDA Data Browser filers API,matched
254900J5OSYRB4AN2309,CorePlus Federal Credit Union,2025,Official HMDA Data Browser filers API,matched
254900J67JRUY8SSE075,Tradition Capital Bank,2025,Official HMDA Data Browser filers API,matched
254900J71IJLMJZJV608,Bank of Zachary,2024,Official HMDA Data Browser filers API,matched
254900J9CE43FKIA7D19,,,Official HMDA Data Browser filers API,unmatched
254900J9O6LD52M7KM82,Cooperative Choice Network Credit Union,2024,Official HMDA Data Browser filers API,matched
254900JG0TE6ZVYQ7857,DENVER SAVINGS BANK,2024,Official HMDA Data Browser filers API,matched
254900JH11ROOV921P96,ML Mortgage Corp.,2025,Official HMDA Data Browser filers API,matched
254900JH47ETFGVNKS92,CALL FEDERAL CREDIT UNION,2024,Official HMDA Data Browser filers API,matched
254900JH5HOQQ4CDPC30,The First National Bank of McConnelsville,2025,Official HMDA Data Browser filers API,matched
254900JK3YLXUJEHMB45,Neighborhood Mortgage Solutions,2025,Official HMDA Data Browser filers API,matched
254900JOP4NNUK6I6R61,"COLINA MORTGAGE GROUP, LLC",2025,Official HMDA Data Browser filers API,matched
254900JP0RZQA3KX5N51,"Investmark Mortgage, LLC",2025,Official HMDA Data Browser filers API,matched
254900JPFVLN18XNDG98,"Day Air Credit Union, Inc.",2025,Official HMDA Data Browser filers API,matched
254900JRAD3MMK4R6V08,Heritage Bank of Schaumburg,2023,Official HMDA Data Browser filers API,matched
254900JRJMMWO6A10H16,First Port City Bank,2025,Official HMDA Data Browser filers API,matched
254900JS5SVEQWC9SC57,New Century Federal Credit Union,2023,Official HMDA Data Browser filers API,matched
254900JTDI619PKQ5A82,Bank of Prairie Village,2025,Official HMDA Data Browser filers API,matched
254900JWLQKPGK4C0B30,WORTHINGTON NATIONAL BANK,2025,Official HMDA Data Browser filers API,matched
254900JXCS783CPF1D02,"RCN Capital, LLC",2025,Official HMDA Data Browser filers API,matched
254900JZN2V0PWFMW808,AHL FUNDING,2025,Official HMDA Data Browser filers API,matched
254900K39SBWA2QOUF69,,,Official HMDA Data Browser filers API,unmatched
254900KD58MIT0K3NP70,Los Angeles Federal Credit Union,2025,Official HMDA Data Browser filers API,matched
254900KE1KGYIP021V52,Greenville National Bank,2025,Official HMDA Data Browser filers API,matched
254900KE9OJJUH139Q12,Byron Bank,2025,Official HMDA Data Browser filers API,matched
254900KI0CM65KPBM547,International Bank of Chicago,2025,Official HMDA Data Browser filers API,matched
254900KI7219LQKCI772,First Western Trust Bank,2025,Official HMDA Data Browser filers API,matched
254900KKWIJLOTNP7667,M&T REALTY CAPITAL CORPORATION,2025,Official HMDA Data Browser filers API,matched
254900KN1X8B3CQDSO97,SUNSTATE BANK,2024,Official HMDA Data Browser filers API,matched
254900KOW652UXXY2V12,FIRST SECURITY BANK AND TRUST COMPANY,2024,Official HMDA Data Browser filers API,matched
254900KPCI98XVKU8U39,Acadia Federal Credit Union,2023,Official HMDA Data Browser filers API,matched
254900KRDEAJ7MYWD034,BLOOMSDALE BANK,2025,Official HMDA Data Browser filers API,matched
254900KSUTZO899YU680,HomeTown Bank,2024,Official HMDA Data Browser filers API,matched
254900KX4PZDHAK8I871,First Federal Savings Bank of Champaign Urbana,2025,Official HMDA Data Browser filers API,matched
254900KXYZ881E3D5449,"First Suncoast Trust BancShares, Inc.",2025,Official HMDA Data Browser filers API,matched
254900L0MIAM922ZEC34,Mid Penn Bank,2025,Official HMDA Data Browser filers API,matched
254900L3N47KFV5KSJ32,Financial Trust,2025,Official HMDA Data Browser filers API,matched
254900L3UJN7196A5W71,Central National Bank,2025,Official HMDA Data Browser filers API,matched
254900L5MERNYAI3AH26,,,Official HMDA Data Browser filers API,unmatched
254900L67A0ZTJRS6614,First Bank,2025,Official HMDA Data Browser filers API,matched
254900L9ZR7FYE68H705,Citizens Community Bank,2025,Official HMDA Data Browser filers API,matched
254900LBMDUHY340Y645,Citizens State Bank,2025,Official HMDA Data Browser filers API,matched
254900LD3DEBFTITLD76,Farmers National Bank,2025,Official HMDA Data Browser filers API,matched
254900LDLCTUL5TXVH85,First Capital Bank,2025,Official HMDA Data Browser filers API,matched
254900LDNBFL67R4FW27,The Farmers & Merchants State Bank,2025,Official HMDA Data Browser filers API,matched
254900LEJ4HP6RMWD374,Abound Federal Credit Union,2025,Official HMDA Data Browser filers API,matched
254900LGGK2DOWIZA524,"KEYSTONE BANK, SSB",2023,Official HMDA Data Browser filers API,matched
254900LGRONOY5BBXN36,"Premier Lending Alliance, LLC",2024,Official HMDA Data Browser filers API,matched
254900LIEBWBUKVDWP33,Du Trac Community Credit Union,2025,Official HMDA Data Browser filers API,matched
254900LKAJBFGO0IIP75,REPUBLIC STATE MORTGAGE CO.,2025,Official HMDA Data Browser filers API,matched
254900LNRKOG7TRURB32,Ukrainian Federal Credit Union,2025,Official HMDA Data Browser filers API,matched
254900LP2WHZQ61VBS60,National Police Federal Credit Union effective,2025,Official HMDA Data Browser filers API,matched
254900LQPR8CYPBIJ478,First Texas Bank,2025,Official HMDA Data Browser filers API,matched
254900LTD432L5CHIZ48,Home Mortgage Alliance Corporation (HMAC),2025,Official HMDA Data Browser filers API,matched
254900LTYFDA8IOP9O78,Cornerstone Community Federal Credit Union,2025,Official HMDA Data Browser filers API,matched
254900LW4R4AM7URY378,Great Oaks Bank,2025,Official HMDA Data Browser filers API,matched
254900LXHR6OP0TSZ915,Circle Federal Credit Union,2024,Official HMDA Data Browser filers API,matched
254900M1AHTCIYKM7V90,The City National Bank of Sulphur Springs,2025,Official HMDA Data Browser filers API,matched
254900M2C4Q6DATP2889,,,Official HMDA Data Browser filers API,unmatched
254900M3DBBSBUPR5L27,R.I.A. Federal Credit Union,2025,Official HMDA Data Browser filers API,matched
254900MC07ETGW6C0M17,SIERRA LENDING CORPORATION,2024,Official HMDA Data Browser filers API,matched
254900MC3K81XOEBSM60,Pittsburgh Firefighter's Federal Credit Union,2023,Official HMDA Data Browser filers API,matched
254900MCB5QTUWUWQ396,Public Service Credit Union,2025,Official HMDA Data Browser filers API,matched
254900MHEKUVX1BTCD10,Community State Bank,2025,Official HMDA Data Browser filers API,matched
254900MHHOS58M9D0445,Operating Engineers Local Union #3,2025,Official HMDA Data Browser filers API,matched
254900MIHY4N3F840P17,Ouachita Valley Federal Credit Union,2025,Official HMDA Data Browser filers API,matched
254900MKY47WU65N1J56,Timberland Bank,2025,Official HMDA Data Browser filers API,matched
254900MMTF4DOQ9XV924,Marion Bank & Trust Company,2025,Official HMDA Data Browser filers API,matched
254900MNIT450KPDA114,ADVANTIS CREDIT UNION,2023,Official HMDA Data Browser filers API,matched
254900MQ4O1DX3N88207,"Community Trust Bank, Inc.",2025,Official HMDA Data Browser filers API,matched
254900MRLM780BDGSW97,IOWA TRUST & SAVINGS BANK,2024,Official HMDA Data Browser filers API,matched
254900MRPE13A5ZB4T75,Cayuga Lake National Bank,2025,Official HMDA Data Browser filers API,matched
254900MSHJQMAF6B3Q76,Platinum Bank,2025,Official HMDA Data Browser filers API,matched
254900MWCJLSHMSYCL19,TEG Federal Credit Union,2025,Official HMDA Data Browser filers API,matched
254900MY80V94K63ZY41,PromiseOne Bank,2025,Official HMDA Data Browser filers API,matched
254900N133DZGPB2X985,Freedom Northwest Credit Union,2025,Official HMDA Data Browser filers API,matched
254900N1AXKYPB987I06,Citizens Deposit Bank of Arlington Inc,2025,Official HMDA Data Browser filers API,matched
254900N33AYNKI4VCV72,Gulf Winds Credit Union,2025,Official HMDA Data Browser filers API,matched
254900N49YI2HHKDPS92,iQ Credit Union,2024,Official HMDA Data Browser filers API,matched
254900N4XMPM37K77D58,First State Bank and Trust,2025,Official HMDA Data Browser filers API,matched
254900N50SQP3XJCQT74,"Shamrock Bank, N.A.",2025,Official HMDA Data Browser filers API,matched
254900N51OM1EJ4TQZ22,"1ST STATE FINANCIAL, LTD.",2024,Official HMDA Data Browser filers API,matched
254900N67KAPUJSOLE12,OREGON PACIFIC BANKING CO.,2024,Official HMDA Data Browser filers API,matched
254900N6XFQR6TP1WG82,Sunset Science Park Federal Credit Union,2024,Official HMDA Data Browser filers API,matched
254900N860L1FESYGP70,HILTON FINANCIAL CORPORATION,2024,Official HMDA Data Browser filers API,matched
254900N9T42X4VF8F740,Alliance Bank,2024,Official HMDA Data Browser filers API,matched
254900NBFODCTL4XR339,The Upstate National Bank,2023,Official HMDA Data Browser filers API,matched
254900NCN3B66MYC3145,New Horizons Credit Union,2024,Official HMDA Data Browser filers API,matched
254900NCYRSD12LNF831,COMMUNITY BANK DELAWARE,2023,Official HMDA Data Browser filers API,matched
254900NGUH2O9FB6AZ22,Valley First Credit Union,2023,Official HMDA Data Browser filers API,matched
254900NHZBDILTNDA759,Citizens State Bank,2025,Official HMDA Data Browser filers API,matched
254900NPU1XJH9AFQT21,SANTA ROSA COUNTY FEDERAL CREDIT UNION,2025,Official HMDA Data Browser filers API,matched
254900NR9EA98B6A4L55,Citizens Bank Minnesota,2025,Official HMDA Data Browser filers API,matched
254900NRU0TO5WZHHH62,SOUTH METRO FEDERAL CREDIT UNION,2023,Official HMDA Data Browser filers API,matched
254900NSXWCE07HAP496,The National Bank of Malvern,2025,Official HMDA Data Browser filers API,matched
254900NT8VCCMPTPSO02,Collins Community Credit Union,2025,Official HMDA Data Browser filers API,matched
254900NTAC4H10MGSU23,Summit Credit Union,2025,Official HMDA Data Browser filers API,matched
254900NX6JAQSL0PM696,First State Bank,2025,Official HMDA Data Browser filers API,matched
254900NZOY3XB2DNSZ34,USALLIANCE FEDERAL CREDIT UNION,2025,Official HMDA Data Browser filers API,matched
254900NZV7NVKXQW9A64,"HOME ACCESS FINANCIAL, LLC",2025,Official HMDA Data Browser filers API,matched
254900O28OG3UMHXQY81,"Strong Home Mortgage, LLC",2025,Official HMDA Data Browser filers API,matched
254900O2K17TNH5CL873,"RF RENOVO MANAGEMENT COMPANY, LLC",2025,Official HMDA Data Browser filers API,matched
254900O723MCLR701H50,"Neighborhood Loans, Inc.",2023,Official HMDA Data Browser filers API,matched
254900O86JRT86YLQO47,Seasons Federal Credit Union,2023,Official HMDA Data Browser filers API,matched
254900OC13I9CJC7SD87,Prevail Bank,2023,Official HMDA Data Browser filers API,matched
254900OCB5PJQMM6LU72,Western Ohio Mortgage Corporation,2023,Official HMDA Data Browser filers API,matched
254900OCV4AWL56SWL08,The Payne County Bank,2025,Official HMDA Data Browser filers API,matched
254900OD9TDRYGWJ0N48,First National Bank,2025,Official HMDA Data Browser filers API,matched
254900OGMHGN3FQRRB74,Helm Bank USA,2025,Official HMDA Data Browser filers API,matched
254900OI3V8V16I60I06,Kearney Trust Company,2025,Official HMDA Data Browser filers API,matched
254900OT54ME4E0YT820,,,Official HMDA Data Browser filers API,unmatched
254900OVHD0ZZK65EQ86,The People's Credit Union,2025,Official HMDA Data Browser filers API,matched
254900OYJ23M4J7IJI76,ACIPCO Federal Credit Union,2025,Official HMDA Data Browser filers API,matched
254900OZCVAL2OC4DT59,State Savings Bank,2023,Official HMDA Data Browser filers API,matched
254900P2JMSUZCYLE858,Provident Credit Union,2025,Official HMDA Data Browser filers API,matched
254900P3FG3HDU6NKK74,Monroe Federal Savings and Loan Association,2024,Official HMDA Data Browser filers API,matched
254900P4A09O6AABF892,First Southern Bank,2025,Official HMDA Data Browser filers API,matched
254900P681DTTH4I3144,Western State Bank,2025,Official HMDA Data Browser filers API,matched
254900P6Q7UI8DAKYX49,GuardHill Financial Corp.,2024,Official HMDA Data Browser filers API,matched
254900P7WLDQD9IUL038,Service Federal Credit Union,2025,Official HMDA Data Browser filers API,matched
254900PBEMOERRZO9E31,"iCore Lending, Inc.",2023,Official HMDA Data Browser filers API,matched
254900PE3F2ADLAJRQ97,Christian Financial Credit Union,2025,Official HMDA Data Browser filers API,matched
254900PFOL1KDTRYWV11,New York University Federal Credit Union,2025,Official HMDA Data Browser filers API,matched
254900PGYR823NJVNM29,UniBank,2024,Official HMDA Data Browser filers API,matched
254900PH44D8BB632E53,City Of Boston Credit Union,2024,Official HMDA Data Browser filers API,matched
254900PHRI1MCM69UM20,First Savings Bank,2025,Official HMDA Data Browser filers API,matched
254900PJ63T7KFSHAV90,The Merchants National Bank,2024,Official HMDA Data Browser filers API,matched
254900PJUWNEQ2VZTG49,Bank of Kampsville,2025,Official HMDA Data Browser filers API,matched
254900PJVECT3YD6KY88,Bank of New Hampshire,2025,Official HMDA Data Browser filers API,matched
254900PKDTFIJ2XB1675,The Bank of Old Monroe,2025,Official HMDA Data Browser filers API,matched
254900PP57SEJJCWLI44,Maine State Credit Union,2024,Official HMDA Data Browser filers API,matched
254900PQLW7K91KOVU18,Sun East Federal Credit Union,2025,Official HMDA Data Browser filers API,matched
254900PRB9DTJAHMMZ45,"ROSS MORTGAGE COMPANY, INC.",2025,Official HMDA Data Browser filers API,matched
254900PS2KU65ZEUOA41,American Community Bank of Indiana,2025,Official HMDA Data Browser filers API,matched
254900PST6LLDPCKSN83,North Shore Bank,2025,Official HMDA Data Browser filers API,matched
254900PVWALA7JTBXA31,WILSON BANK AND TRUST,2025,Official HMDA Data Browser filers API,matched
254900PZD34K8KYJD223,SACO VALLEY CREDIT UNION,2025,Official HMDA Data Browser filers API,matched
254900PZMV3V09E3HO84,MEMBERS CHOICE OF CENTRAL TEXAS FEDERAL CREDIT UNION,2025,Official HMDA Data Browser filers API,matched
254900Q5026VQBAVI394,Community First,2024,Official HMDA Data Browser filers API,matched
254900Q6IHGQO7INVC79,The Lyons National Bank,2025,Official HMDA Data Browser filers API,matched
254900Q6YS0NMCYAH669,Tompkins Community Bank,2025,Official HMDA Data Browser filers API,matched
254900Q92E0LJ0RGCE42,VACATIONLAND FEDERAL CREDIT UNION,2025,Official HMDA Data Browser filers API,matched
254900Q9V3DYHBRTUH61,1st National Bank,2025,Official HMDA Data Browser filers API,matched
254900QA42CLV3RMFZ29,Bank of the West,2023,Official HMDA Data Browser filers API,matched
254900QC7DVGIYVGB494,Resource One Credit Union,2025,Official HMDA Data Browser filers API,matched
254900QIPUZ7PAK59X63,PEOPLES BANK,2025,Official HMDA Data Browser filers API,matched
254900QIXIWRRJZY1H73,Legacy Bank,2024,Official HMDA Data Browser filers API,matched
254900QKCUJ5YL7WA384,First Pryority Bank,2025,Official HMDA Data Browser filers API,matched
254900QNIR86GUIRYH95,"FlexPoint, Inc.",2025,Official HMDA Data Browser filers API,matched
254900QPQ7RHWVUGYW23,"Pivotal Capital Group II, LLC",2023,Official HMDA Data Browser filers API,matched
254900QQIJN4KR6ZBW98,CITIZENS BANK OF ROGERSVILLE,2025,Official HMDA Data Browser filers API,matched
254900QQWO96MJ2ZIL95,PINEYWOODS CAPITAL LLC,2023,Official HMDA Data Browser filers API,matched
254900QRD0ZXHH08TX87,"NETWORK FUNDING, L.P.",2025,Official HMDA Data Browser filers API,matched
254900QRJBX9155TRB79,Falcon National Bank,2024,Official HMDA Data Browser filers API,matched
254900QSYPZJ7UL0PC48,F A A Federal Credit Union,2023,Official HMDA Data Browser filers API,matched
254900QUKN0IZ6XQZY33,First Security Bank,2023,Official HMDA Data Browser filers API,matched
254900QXDYW5OTSNTL04,3RD STREET FINANCIAL CORP.,2025,Official HMDA Data Browser filers API,matched
254900QXGTL5RYZXK761,Cornerstone Bank,2025,Official HMDA Data Browser filers API,matched
254900QY5ST0J7P6M123,DIME BANK,2025,Official HMDA Data Browser filers API,matched
254900R1UY5PAEIHXX38,SKYLINE NATIONAL BANK,2024,Official HMDA Data Browser filers API,matched
254900R24PHQB7GDFD26,Mabrey Bank,2025,Official HMDA Data Browser filers API,matched
254900R3GSQ9SP0VJU09,The Focus Federal Credit Union,2025,Official HMDA Data Browser filers API,matched
254900R4U4WND1HMIZ29,American Continental Bank,2025,Official HMDA Data Browser filers API,matched
254900R51FSMCPO6HB07,The Evangeline Bank & Trust Company,2025,Official HMDA Data Browser filers API,matched
254900R7H27ZMB7IRC26,Bank of Commerce,2025,Official HMDA Data Browser filers API,matched
254900R9A6TW85BTVS20,Shea Mortgage Inc.,2025,Official HMDA Data Browser filers API,matched
254900RAPDJZFI07WS81,Hometown National Bank,2025,Official HMDA Data Browser filers API,matched
254900RD08FFMO7DRN13,Cross Bank,2024,Official HMDA Data Browser filers API,matched
254900REMJXT9T25JI51,First National Bank of Bosque County,2025,Official HMDA Data Browser filers API,matched
254900RFZH9I62FGU045,"American Mortgage Bank, LLC",2025,Official HMDA Data Browser filers API,matched
254900RKKWUZX0NEH310,Community State Bank of Missouri,2025,Official HMDA Data Browser filers API,matched
254900RKU25JCJEP4R59,SECNY Federal Credit Union,2025,Official HMDA Data Browser filers API,matched
254900RM3T6WAVE6SA24,AML FUNDING LLC,2025,Official HMDA Data Browser filers API,matched
254900RND4J0SY320F06,First National Bank,2025,Official HMDA Data Browser filers API,matched
254900RNV63A0TIZNK90,,,Official HMDA Data Browser filers API,unmatched
254900RO87UFWPI72M63,First Community CU of Beloit,2025,Official HMDA Data Browser filers API,matched
254900RQ2FMUUUQUGI02,CITIZENS BANK,2023,Official HMDA Data Browser filers API,matched
254900RQX8N4HXJIDK44,FRANKLIN LOAN CORPORATION,2025,Official HMDA Data Browser filers API,matched
254900RS9VT8OKTIBO33,First Security State Bank,2025,Official HMDA Data Browser filers API,matched
254900RUCO27MVGTO768,Loan Funder LLC,2025,Official HMDA Data Browser filers API,matched
254900RW4F62S7FHDV91,UNITED COMMUNITY CREDIT UNION,2023,Official HMDA Data Browser filers API,matched
254900RZAKWEVNKBVY93,REGIONAL MISSOURI BANK,2024,Official HMDA Data Browser filers API,matched
254900S1MZBA1L5LZF88,Lufthansa Employee Federal Credit Union,2025,Official HMDA Data Browser filers API,matched
254900S293MIVH34PR45,North Side Federal Savings and Loan Association of Chicago,2025,Official HMDA Data Browser filers API,matched
254900S2BHB4ZY0JPI53,Raccoon Valley Bank,2025,Official HMDA Data Browser filers API,matched
254900S61OCEX8MXZI58,Decatur County Bank,2025,Official HMDA Data Browser filers API,matched
254900S72Y8VX4GAD318,"First Community Bank of the Heartland, Inc",2024,Official HMDA Data Browser filers API,matched
254900SG0DG9VHV3LR79,First Commercial Bank,2025,Official HMDA Data Browser filers API,matched
254900SK7KTN4QNPHP32,CITIZENS & NORTHERN BANK,2025,Official HMDA Data Browser filers API,matched
254900SKRNN38GYC7R38,Ukrainian Selfreliance Michigan Federal Credit Union,2023,Official HMDA Data Browser filers API,matched
254900SKRYMF38M2P535,UNION STATE BANK,2024,Official HMDA Data Browser filers API,matched
254900SOAE0WU8JM0177,MainStreet Bank,2025,Official HMDA Data Browser filers API,matched
254900SPZRGOBHSHRP90,Community Savings Bank,2025,Official HMDA Data Browser filers API,matched
254900SRBPINTG8V7N66,"Pike Bancorp, Inc.",2025,Official HMDA Data Browser filers API,matched
254900SRWC0U4V5XQ024,BANK OF STOCKTON,2025,Official HMDA Data Browser filers API,matched
254900SRX8H2BWRMDQ91,PUTNAM COUNTY BANK,2025,Official HMDA Data Browser filers API,matched
254900STQNOPFZCGOO46,FIRST BANK OF PIKE,2024,Official HMDA Data Browser filers API,matched
254900STXIE710EZPY52,Fidelity Federal Savings and Loan Association Of Delaware,2025,Official HMDA Data Browser filers API,matched
254900SUM1U8US3D2Z03,First Federal Savings Bank of Twin Falls,2025,Official HMDA Data Browser filers API,matched
254900SUZ313OILKVD67,"Cazle Mortgage, Inc.",2025,Official HMDA Data Browser filers API,matched
254900T1NXF0ZR9PMX05,STREATOR ONIZED CREDIT UNION,2025,Official HMDA Data Browser filers API,matched
254900T2AM7E5EQDN105,"Terrabank, National Association",2025,Official HMDA Data Browser filers API,matched
254900T37KTTXKCK3416,Rivermark Community,2024,Official HMDA Data Browser filers API,matched
254900T576VYG7I55390,Pen Air Credit Union,2025,Official HMDA Data Browser filers API,matched
254900T73HGYTHZBWG27,,,Official HMDA Data Browser filers API,unmatched
254900T8N4RLS6G3BF64,,,Official HMDA Data Browser filers API,unmatched
254900T8NVZTD1Q8U318,Guardians Credit Union,2025,Official HMDA Data Browser filers API,matched
254900TBJSIXN1M7S968,"FJM PRIVATE MORTGAGE FUND, LLC",2023,Official HMDA Data Browser filers API,matched
254900TG14TB8RKS3U42,"Filo Mortgage, L.L.C.",2025,Official HMDA Data Browser filers API,matched
254900TG3REX549BAZ53,CENTRAL BANK,2024,Official HMDA Data Browser filers API,matched
254900TIRELTI8ENRL83,AMOCO,2025,Official HMDA Data Browser filers API,matched
254900TJCZAM25V2WZ38,West Michigan Credit Union,2023,Official HMDA Data Browser filers API,matched
254900TM81D0YC1B9584,Metro City Bank,2025,Official HMDA Data Browser filers API,matched
254900TNWPAJO9ECH811,Citymark Federal Credit Union,2025,Official HMDA Data Browser filers API,matched
254900TO7P4MVLV70225,First National Bank of Brookfield,2025,Official HMDA Data Browser filers API,matched
254900TQL77TN5I01K05,Fortifi Bank,2025,Official HMDA Data Browser filers API,matched
254900TSA1PSM0OS4798,,,Official HMDA Data Browser filers API,unmatched
254900TSSJ6QLFK4C243,Citizens 1st Bank,2025,Official HMDA Data Browser filers API,matched
254900TTZ395IC926125,"Sierra Pacific Mortgage Company, Inc.",2025,Official HMDA Data Browser filers API,matched
254900TW8OMXXV334D32,Workmen's Circle Credit Union,2023,Official HMDA Data Browser filers API,matched
254900TY6UTJ321IPS13,Union Federal Savings and Loan Association,2025,Official HMDA Data Browser filers API,matched
254900TYS8TXJLPURN43,CenturyFirst Federal Credit Union,2025,Official HMDA Data Browser filers API,matched
254900TZ5NHC3GYO2U31,Henderson Federal Savings Bank,2025,Official HMDA Data Browser filers API,matched
254900U0LVIJMXKBGT11,Heartland Bank,2025,Official HMDA Data Browser filers API,matched
254900U1OBL1MC6M6518,"MortgageCountry, LLC",2025,Official HMDA Data Browser filers API,matched
254900U2ZPLWQTSD3158,Orion Federal Credit Union,2025,Official HMDA Data Browser filers API,matched
254900U38QOOLJB8FS91,Presence Bank,2025,Official HMDA Data Browser filers API,matched
254900U73LH68Q5NY562,,,Official HMDA Data Browser filers API,unmatched
254900U7G0LJ4QNSFC86,MANUFACTURERS BANK & TRUST COMPANY,2025,Official HMDA Data Browser filers API,matched
254900UAJ26M2YIF0822,Better Banks,2025,Official HMDA Data Browser filers API,matched
254900UD8AEXTVCVAF72,Transportation Federal Credit Union,2025,Official HMDA Data Browser filers API,matched
254900UFC85SQD8XYU52,First Federal Bank & Trust,2023,Official HMDA Data Browser filers API,matched
254900UHFHT3IWKY8K19,"Directions Credit Union, Inc.",2025,Official HMDA Data Browser filers API,matched
254900UISKR0QR32CI62,Itasca Bank & Trust Co.,2025,Official HMDA Data Browser filers API,matched
254900UKANDAKWQ7CR03,NORTHEAST SECURITY BANK,2024,Official HMDA Data Browser filers API,matched
254900UKSP6SQGRSFL18,INTERNATIONAL FINANCE BANK,2025,Official HMDA Data Browser filers API,matched
254900UL88QFG0E40516,FIGURE LENDING LLC,2025,Official HMDA Data Browser filers API,matched
254900UQIE22KBNLG837,River City Federal Credit Union,2024,Official HMDA Data Browser filers API,matched
254900UR7PKXXBLHG019,Homeland Mortgage Company,2025,Official HMDA Data Browser filers API,matched
254900URXOKFMBYQ0V69,SIERRA CENTRAL CREDIT UNION,2025,Official HMDA Data Browser filers API,matched
254900V3UIQOTJCM3S60,,,Official HMDA Data Browser filers API,unmatched
254900V6GCDMRQZ34D96,LUXURY MORTGAGE CORP.,2025,Official HMDA Data Browser filers API,matched
254900V9842QPBGIO804,Honor Credit Union,2025,Official HMDA Data Browser filers API,matched
254900V9IPN94068J011,Members Alliance Credit Union,2025,Official HMDA Data Browser filers API,matched
254900VA7WQ1PZGYI558,Morris Bank,2025,Official HMDA Data Browser filers API,matched
254900VCWCM4JYEUI429,VisionBank,2025,Official HMDA Data Browser filers API,matched
254900VE4XTOQUE8NZ77,ICE LENDER HOLDINGS LLC,2025,Official HMDA Data Browser filers API,matched
254900VECGAWC5CPU773,Tyndall Federal Credit Union,2025,Official HMDA Data Browser filers API,matched
254900VELJPWWT51WN03,General Mortgage Capital Corporation,2025,Official HMDA Data Browser filers API,matched
254900VFRQR5ZLXRQ298,Ocean Financial Federal Credit Union,2025,Official HMDA Data Browser filers API,matched
254900VGJ76Q9SD43C88,American Metro Bank,2025,Official HMDA Data Browser filers API,matched
254900VGVHD3B82JEV95,Portage Bank,2024,Official HMDA Data Browser filers API,matched
254900VH8KY0194IAU87,HNB FIRST BANK,2025,Official HMDA Data Browser filers API,matched
254900VHR12KN8C3F913,"The Commercial and Savings Bank of Millersburg, Ohio",2025,Official HMDA Data Browser filers API,matched
254900VHUBSJJKOMBF27,"GOLDEN EMPIRE MORTGAGE, INC.",2025,Official HMDA Data Browser filers API,matched
254900VK6BPC7QRSZD77,Southwestern National Bank,2025,Official HMDA Data Browser filers API,matched
254900VKT2R0R20CR104,First Farmers and Merchants Bank,2024,Official HMDA Data Browser filers API,matched
254900VNHREN5BIMTO39,Green Mountain Credit Union,2024,Official HMDA Data Browser filers API,matched
254900VOHINLR793U293,Highpoint Community Bank,2024,Official HMDA Data Browser filers API,matched
254900VRRL70B52CAL31,,,Official HMDA Data Browser filers API,unmatched
254900VT356QLU1SWW81,Flagship Bank,2025,Official HMDA Data Browser filers API,matched
254900VUE5T1INQKZ414,COASTLINE FEDERAL CREDIT UNION,2025,Official HMDA Data Browser filers API,matched
254900VX7NAZSPBPUE16,"Constant Investments, Inc.",2025,Official HMDA Data Browser filers API,matched
254900VXX8ZL7L9EX282,"Philadelphia Mortgage Advisors, Inc.",2025,Official HMDA Data Browser filers API,matched
254900W44IWNZ2DBCR56,First National Bank of Decatur County,2025,Official HMDA Data Browser filers API,matched
254900W4EKVR6GZ0KS84,Northwest Community Bank,2023,Official HMDA Data Browser filers API,matched
254900W5FNEFKJ3R5088,FIRST CAHAWBA BANK,2024,Official HMDA Data Browser filers API,matched
254900W601P3EA8Y5794,Insignia Capital Corp.,2025,Official HMDA Data Browser filers API,matched
254900W66Q1214MV8X83,,,Official HMDA Data Browser filers API,unmatched
254900W66Q12I4MV8X83,OMNI COMMUNITY CREDIT UNION,2024,Official HMDA Data Browser filers API,matched
254900WAN5TOEYBJJR25,United Heritage Credit Union,2025,Official HMDA Data Browser filers API,matched
254900WBAI0VC58ALC63,"SIERRA LENDING GROUP, LLC",2025,Official HMDA Data Browser filers API,matched
254900WBNJ2MGXXXDY75,Pathfinder Bank,2025,Official HMDA Data Browser filers API,matched
254900WEP08K7U7S3A80,Nations Lending Corporation,2025,Official HMDA Data Browser filers API,matched
254900WEQ8ITQNQ9AQ74,"TOTAL QUALITY FINANCIAL, INC.",2024,Official HMDA Data Browser filers API,matched
254900WH43E1KZKSNH40,"Arixa Enhanced Income Fund, L.P.",2025,Official HMDA Data Browser filers API,matched
254900WJGWD3H4OFK051,The People's Federal Credit Union,2025,Official HMDA Data Browser filers API,matched
254900WLIQVZ1HPUUJ36,TXN Bank,2025,Official HMDA Data Browser filers API,matched
254900WMFKWPLR3B4U63,Fidelity Bank,2025,Official HMDA Data Browser filers API,matched
254900WO60HTEULEHM24,AMERICAN PRIDE BANK,2025,Official HMDA Data Browser filers API,matched
254900WQ6O9JA8WI5W89,Dort Financial Credit Union,2025,Official HMDA Data Browser filers API,matched
254900WQBZOLXT53K570,Peoples Bank,2024,Official HMDA Data Browser filers API,matched
254900WQCRCK13A7DC81,Fortera Federal Credit Union,2025,Official HMDA Data Browser filers API,matched
254900WRP19TBSQG0Z89,Midwest Bank,2025,Official HMDA Data Browser filers API,matched
254900WS1VXVLBPOY323,BankCherokee,2025,Official HMDA Data Browser filers API,matched
254900WT4HAMDFWH3048,"SOUTH RIVER MORTGAGE, LLC",2025,Official HMDA Data Browser filers API,matched
254900WTZC5SSKIN2M11,First National Bank of America,2025,Official HMDA Data Browser filers API,matched
254900WZ3RTY75P7HO83,Eagle Community Credit Union,2025,Official HMDA Data Browser filers API,matched
254900X35MRL59HP3350,,,Official HMDA Data Browser filers API,unmatched
254900X5VVSXLQGRTJ55,Community Bank Mankato,2025,Official HMDA Data Browser filers API,matched
254900XA5WVWGS9RET72,LITTLE HORN STATE BANK,2024,Official HMDA Data Browser filers API,matched
254900XDYZ6BODFLQ385,The First Citizens National Bank of Upper Sandusky,2024,Official HMDA Data Browser filers API,matched
254900XIJWVBUNAUBG18,Rock Valley Credit Union,2025,Official HMDA Data Browser filers API,matched
254900XJUBW1WCO2J645,"Classic Bank, National Association",2025,Official HMDA Data Browser filers API,matched
254900XK1QLA60R87H84,SaviBank,2025,Official HMDA Data Browser filers API,matched
254900XM56YJW3X8VP97,First Federal Savings and Loan Association of San Rafael,2025,Official HMDA Data Browser filers API,matched
254900XN7UWEWK13RO81,PREMIUM MORTGAGE CORPORATION,2025,Official HMDA Data Browser filers API,matched
254900XPILOY1LB5CK32,Hamilton Mortgage Corporation,2025,Official HMDA Data Browser filers API,matched
254900XRQ4U9ABU6F580,D. L. EVANS BANK,2025,Official HMDA Data Browser filers API,matched
254900XS6ZEOAD9Q6N72,We Florida Financial,2025,Official HMDA Data Browser filers API,matched
254900XSTAR7AIPG0A39,Community Bank of Louisiana,2025,Official HMDA Data Browser filers API,matched
254900XT937N1XUKWX63,U.S. CENTURY BANK,2025,Official HMDA Data Browser filers API,matched
254900XX2FPZR1Y4FO11,Community Savings Bank,2025,Official HMDA Data Browser filers API,matched
254900XY9IETIM2DL872,Pennian Bank,2025,Official HMDA Data Browser filers API,matched
254900XZ6MY7WSIHIY14,Classic City Bank,2025,Official HMDA Data Browser filers API,matched
254900XZCT60J2G3HK85,Blue Federal Credit Union,2023,Official HMDA Data Browser filers API,matched
254900Y2VQW872IK0096,The First National Bank of Evant,2025,Official HMDA Data Browser filers API,matched
254900Y3CWQSLFVW8D53,Border Bank,2024,Official HMDA Data Browser filers API,matched
254900Y3KT6SZM11MQ06,"Third Coast Bank, SSB",2025,Official HMDA Data Browser filers API,matched
254900Y4QCRHFQOGEU34,Ukrainian Selfreliance Federal Credit Union,2024,Official HMDA Data Browser filers API,matched
254900Y6EUNN0KGMJW67,Commercial Lender LLC,2025,Official HMDA Data Browser filers API,matched
254900YA1AQXNM8QVZ06,"WALKER & DUNLOP, LLC",2025,Official HMDA Data Browser filers API,matched
254900YAD0R5TBY92Y41,Northwestern Bank,2025,Official HMDA Data Browser filers API,matched
254900YB9XQDO5W4KU33,Radiant Credit Union,2025,Official HMDA Data Browser filers API,matched
254900YIISLA68FQYZ66,United Prairie Bank,2023,Official HMDA Data Browser filers API,matched
254900YJOY30UROEAG69,First National Bank of Huntsville,2025,Official HMDA Data Browser filers API,matched
254900YJQZQTI7TUKN67,"Trinity Oaks Mortgage, LLC",2025,Official HMDA Data Browser filers API,matched
254900YK0G0T2WULHK84,Midwest Bank,2025,Official HMDA Data Browser filers API,matched
254900YLQBQNWLGKOI74,"Industrial and Commercial Bank of China USA, National Association",2025,Official HMDA Data Browser filers API,matched
254900YN9PO8IN8BND47,Farmers Savings Bank,2025,Official HMDA Data Browser filers API,matched
254900YOL8EJ9NBHIE43,Town & Country Bank,2024,Official HMDA Data Browser filers API,matched
254900YPMNKIA6O0HC78,Heritage Federal Credit Union,2025,Official HMDA Data Browser filers API,matched
254900YPPMV9UM5FUW09,Loansteady LLC,2025,Official HMDA Data Browser filers API,matched
254900YSYHBYDFRVT153,"Pathways Financial Credit Union, Inc.",2024,Official HMDA Data Browser filers API,matched
254900YTMXVNCWHCVS50,The First National Bank of Bastrop,2025,Official HMDA Data Browser filers API,matched
254900YV0O58MHFPZV28,Generations Bank,2025,Official HMDA Data Browser filers API,matched
254900YVV9JOGMYFZO90,"HABITFACTORY USA, INC.",2025,Official HMDA Data Browser filers API,matched
254900YY36UO9MBPH808,Diamond Bank,2025,Official HMDA Data Browser filers API,matched
254900YY8IQK41QDLZ95,Advantage Federal Credit Union,2025,Official HMDA Data Browser filers API,matched
254900YZ174H294JW398,,,Official HMDA Data Browser filers API,unmatched
254900Z5QRSHW4Y8CR51,CREDIT UNION OF TEXAS,2025,Official HMDA Data Browser filers API,matched
254900Z8I9USTJ1JA072,Magnolia State Bank,2025,Official HMDA Data Browser filers API,matched
254900Z9CBWZF8ECUS45,Collins State Bank,2025,Official HMDA Data Browser filers API,matched
254900ZAMAXWLAJ7AA55,"212 Loans of California, LLC",2023,Official HMDA Data Browser filers API,matched
254900ZELVKWROFNEC29,Ardent Federal Credit Union,2025,Official HMDA Data Browser filers API,matched
254900ZF5TG4BM7Y8P59,Wisconsin River Bank,2024,Official HMDA Data Browser filers API,matched
254900ZFWS2106HWPH46,"Paramount Residential Mortgage Group, Inc.",2025,Official HMDA Data Browser filers API,matched
254900ZHQ3HT9DN8GB42,Eglin Credit Union,2025,Official HMDA Data Browser filers API,matched
254900ZJM7YMM3MA5J75,The First Bank of Greenwich,2025,Official HMDA Data Browser filers API,matched
254900ZK2F0EPOFMKG41,Bruning Bank,2025,Official HMDA Data Browser filers API,matched
254900ZKVJDEYHV22276,OnPath Federal Credit Union,2025,Official HMDA Data Browser filers API,matched
254900ZOIZTP7ZF6AH17,"Resource Bank, National Association",2025,Official HMDA Data Browser filers API,matched
254900ZP8FK47JENCV60,Alliance Bank,2025,Official HMDA Data Browser filers API,matched
254900ZPR9P3OI95VG04,"CONTINENTAL MORTGAGE BANKERS, INC.",2025,Official HMDA Data Browser filers API,matched
254900ZPTT694OV6U433,FIRSTMARK,2025,Official HMDA Data Browser filers API,matched
254900ZW2DR74NU0ZY74,"TEXAS MORTGAGE LENDING, LLC",2025,Official HMDA Data Browser filers API,matched
254900ZWDLZRZ1IY7113,Guardian Bank,2025,Official HMDA Data Browser filers API,matched
254900ZX1UPIG2E7TH11,"Assurance Financial Group, L.L.C.",2025,Official HMDA Data Browser filers API,matched
254900ZZPN19KA3GL698,DMD Financial Corporation,2024,Official HMDA Data Browser filers API,matched
2I8LP0RLR14D1X6W0P51,"Schaumburg Bank & Trust Company, National Association",2025,Official HMDA Data Browser filers API,matched
2WHM8VNJH63UN14OL754,The Huntington National Bank,2025,Official HMDA Data Browser filers API,matched
337KMNHEWWWR6B7Q7W10,MidFirst Bank,2025,Official HMDA Data Browser filers API,matched
38CFVD4YYFWD1FV7IM34,Nicolet National Bank,2025,Official HMDA Data Browser filers API,matched
38PG5GG0OEQK4QMSKE59,Texas Capital Bank,2025,Official HMDA Data Browser filers API,matched
3F3G50WF6GG95B8BM859,"FIRST HOLDING COMPANY OF CAVALIER, INC.",2024,Official HMDA Data Browser filers API,matched
3HICJPQ15PGZSBFDNJ82,"Crystal Lake Bank & Trust Company, N.A.",2025,Official HMDA Data Browser filers API,matched
3T5M8FX6V6B82KVKOB17,Interaudi Bank,2025,Official HMDA Data Browser filers API,matched
3Y4U8VZURTYWI1W2K376,BMO Bank National Association,2025,Official HMDA Data Browser filers API,matched
4EP6JBYBTPTQ47LZOB67,"BNY Mellon, National Association",2025,Official HMDA Data Browser filers API,matched
4LJGQ9KJ9S0CP4B1FY29,Stock Yards Bank & Trust Company,2025,Official HMDA Data Browser filers API,matched
529900YKD9FOL6BFSG98,,,Official HMDA Data Browser filers API,unmatched
54930000REMJYLBAS614,1NB Bank,2025,Official HMDA Data Browser filers API,matched
54930001LYHHRVGJ6B97,Cornerstone National Bank & Trust Company,2025,Official HMDA Data Browser filers API,matched
54930001NSTOD85LT125,"GUARANTEED RATE AFFINITY, LLC",2025,Official HMDA Data Browser filers API,matched
549300029HOKG1DFPD77,SkyPoint Federal Credit Union,2024,Official HMDA Data Browser filers API,matched
54930002HD26G3OGZR79,,,Official HMDA Data Browser filers API,unmatched
54930002O9LLXKR6TF11,BAY-VALLEY MORTGAGE GROUP,2025,Official HMDA Data Browser filers API,matched
54930002ZF7XTZGVKY26,Pioneer Bank,2025,Official HMDA Data Browser filers API,matched
5493000321W4GKLZ1Y10,MOBILITY CREDIT UNION,2025,Official HMDA Data Browser filers API,matched
549300032FNX4IOT2T93,"Petefish, Skiles & Co.",2025,Official HMDA Data Browser filers API,matched
5493000349C5XXDRQX28,STG MORTGAGE INC,2025,Official HMDA Data Browser filers API,matched
549300038578ZJ284Y20,"SILVER HILL FUNDING, LLC",2025,Official HMDA Data Browser filers API,matched
54930004MLYQ2HKUPN66,"TRISTAR FINANCE, INC.",2024,Official HMDA Data Browser filers API,matched
54930004SDYVHYN4M716,Coastal Carolina National Bank,2025,Official HMDA Data Browser filers API,matched
54930004Z0FN1LYUET14,Owen County State Bank,2025,Official HMDA Data Browser filers API,matched
549300054IBXNJUH0T10,Vintage Bank Kansas,2025,Official HMDA Data Browser filers API,matched
5493000620E7C8WJN859,,,Official HMDA Data Browser filers API,unmatched
54930007CZ6K4RNOYC20,SOUTHWEST FINANCIAL FEDERAL CREDIT UNION,2025,Official HMDA Data Browser filers API,matched
54930007KK7ZS3IJVC25,RED CANOE CREDIT UNION,2025,Official HMDA Data Browser filers API,matched
54930008MKP7T81OVK54,FAIR WAY LENDING LLC,2025,Official HMDA Data Browser filers API,matched
549300095ABBENNWE160,BankTennessee,2025,Official HMDA Data Browser filers API,matched
54930009DUZUXUZIDL84,The Farmers & Merchants Bank,2025,Official HMDA Data Browser filers API,matched
54930009LUIVFTPRGT26,"JAYCO PREMIUM FINANCE OF CALIFORNIA, INC.",2023,Official HMDA Data Browser filers API,matched
54930009M8OIJWECQX81,"Shore United Bank, N.A.",2025,Official HMDA Data Browser filers API,matched
5493000A2XS66AH5XM81,Merchants and Farmers Bank,2025,Official HMDA Data Browser filers API,matched
5493000B61DDZ2PG1515,"TBK BANK, SSB",2025,Official HMDA Data Browser filers API,matched
5493000BAKE4VAHVCU55,SALAL Credit Union,2025,Official HMDA Data Browser filers API,matched
5493000BIR9N6Y5KFV24,"CNB Bank And Trust, N.A.",2025,Official HMDA Data Browser filers API,matched
5493000BR75YQF0VQC27,HOMESTAR FINANCIAL CORPORATION,2023,Official HMDA Data Browser filers API,matched
5493000CHQ0HEHGLJ573,"Onward Home Mortgage, LLC",2025,Official HMDA Data Browser filers API,matched
5493000D6RXLNBZQYA47,COLUMBIA COMMUNITY CREDIT UNION,2025,Official HMDA Data Browser filers API,matched
5493000D7DINI9PZN749,SCOTT CREDIT UNION,2025,Official HMDA Data Browser filers API,matched
5493000E527OH5Y8TR73,"NEWPORT NEWS SHIPBUILDING EMPLOYEES CREDIT UNION, INC. DBA BAYPORT CREDIT UNION",2025,Official HMDA Data Browser filers API,matched
5493000EAQ6YVQD0ZB49,Western Bank,2025,Official HMDA Data Browser filers API,matched
5493000EKZWTYZXUW582,First National Bank of Pana,2025,Official HMDA Data Browser filers API,matched
5493000EO85W8IS2FR22,LOGIX FEDERAL CREDIT UNION,2025,Official HMDA Data Browser filers API,matched
5493000EUC3MM52PJV85,CAKE MORTGAGE CORP.,2025,Official HMDA Data Browser filers API,matched
5493000F6NFDOVVZP043,"FIRST STATE MORTGAGE SERVICES, LLC",2025,Official HMDA Data Browser filers API,matched
5493000FE7FNF0BV8N77,The North Side Bank & Trust Company,2024,Official HMDA Data Browser filers API,matched
5493000FRWKMPAALEY22,KOHLER CREDIT UNION,2025,Official HMDA Data Browser filers API,matched
5493000FSLMV0FBEQY36,BLUEBIRD HOME LOANS LLC,2025,Official HMDA Data Browser filers API,matched
5493000FSTFO9AWR2J40,ROCKLAND Federal Credit Union,2025,Official HMDA Data Browser filers API,matched
5493000FWM3I2HHQY149,WASHINGTON STATE EMPLOYEES CREDIT UNION,2025,Official HMDA Data Browser filers API,matched
5493000GDQJIBPCUBG13,Eagle Bank,2025,Official HMDA Data Browser filers API,matched
5493000GQ5D5YW5QID32,"Mortgage America, Inc.",2025,Official HMDA Data Browser filers API,matched
5493000GQWJTTR0TEH83,Chelsea Groton Bank,2024,Official HMDA Data Browser filers API,matched
5493000H6DFDDJRORG89,"LADERA LENDING, INC.",2025,Official HMDA Data Browser filers API,matched
5493000H6FXB15JQW781,COMMUNITIES OF ABILENE FEDERAL CREDIT UNION,2025,Official HMDA Data Browser filers API,matched
5493000H7FLU47PQYQ10,Heritage Bank,2025,Official HMDA Data Browser filers API,matched
5493000HP3PE9SZG4B02,"CAPITOL FEDERAL LOAN COMPANY, LP",2023,Official HMDA Data Browser filers API,matched
5493000I1D48IYADQB06,"CINCH FUNDING, LLC",2023,Official HMDA Data Browser filers API,matched
5493000I54FJ7EG6WZ24,Exchange Bank,2024,Official HMDA Data Browser filers API,matched
5493000IIYWBLONJVJ30,ROUNDPOINT MORTGAGE SERVICING LLC,2025,Official HMDA Data Browser filers API,matched
5493000IRWB5WYTD2P48,"AMERICAS MORTGAGE PROFESSIONALS, LLC",2023,Official HMDA Data Browser filers API,matched
5493000JBDASEOSXCI67,Holy Rosary Regional Credit Union,2024,Official HMDA Data Browser filers API,matched
5493000JCZ0GMM2WOD15,WOODTRUST BANK,2025,Official HMDA Data Browser filers API,matched
5493000JFVFQFL816N45,ENCORE BANK,2025,Official HMDA Data Browser filers API,matched
5493000JZXUB8NOEMF64,TOWN AND COUNTRY Credit Union,2024,Official HMDA Data Browser filers API,matched
5493000KJ6VEEFTSNI20,Bank of Pontiac,2025,Official HMDA Data Browser filers API,matched
5493000KQ2PZ8G6VNI80,University First Federal Credit Union,2025,Official HMDA Data Browser filers API,matched
5493000KTY8YQ4SFHT59,COASTHILLS CREDIT UNION,2025,Official HMDA Data Browser filers API,matched
5493000M096YV1VLKD70,Washington Financial Bank,2025,Official HMDA Data Browser filers API,matched
5493000M1X0MV8KPL945,Lineage Bank,2024,Official HMDA Data Browser filers API,matched
5493000NYUJT9UC6G261,LEADERONE FINANCIAL CORPORATION,2025,Official HMDA Data Browser filers API,matched
5493000NZZZU3GFIYL71,Needham Bank,2025,Official HMDA Data Browser filers API,matched
5493000OIGWIS24A1547,UNIVERSAL LENDING CORPORATION,2025,Official HMDA Data Browser filers API,matched
5493000OM9RKJW8W5K82,ALAMEDA MORTGAGE CORPORATION,2025,Official HMDA Data Browser filers API,matched
5493000QUE28T1SH6H86,Heritage Bank & Trust,2023,Official HMDA Data Browser filers API,matched
5493000QW05CG8MJX447,Midwest Regional Bank,2025,Official HMDA Data Browser filers API,matched
5493000RV6UQ52SVTV40,LBS FINANCIAL,2025,Official HMDA Data Browser filers API,matched
5493000SW5GLNL7VNX12,"State Financial Network, LLC",2025,Official HMDA Data Browser filers API,matched
5493000TY1MM1LLTM666,Liberty Bank for Savings,2025,Official HMDA Data Browser filers API,matched
5493000V86JDJLM0OV13,"CSL Financial, LLC",2025,Official HMDA Data Browser filers API,matched
5493000W1FD1FMQ03060,Frontier State Bank,2024,Official HMDA Data Browser filers API,matched
5493000WAJ1FMTFL5D75,HomePromise Corporation,2025,Official HMDA Data Browser filers API,matched
5493000XBNMBCC02KC17,"STONEWOOD HOME LENDING, LLC",2025,Official HMDA Data Browser filers API,matched
5493000XC2Y1SLXRQP11,"INFINITY EQUITY GROUP, LLC.",2025,Official HMDA Data Browser filers API,matched
5493000XJFWT2H46HI07,Southern Bank and Trust Company,2024,Official HMDA Data Browser filers API,matched
5493000XULPSCVX2HV31,PNB Community Bank,2025,Official HMDA Data Browser filers API,matched
5493000XYE7QL54NMB52,United Community Bank,2025,Official HMDA Data Browser filers API,matched
5493000YNV8IX4VD3X12,"VANDERBILT MORTGAGE AND FINANCE, INC.",2025,Official HMDA Data Browser filers API,matched
5493000ZB0IHPJ66BJ32,Luther Burbank Savings,2023,Official HMDA Data Browser filers API,matched
549300107HDIK6N8E812,First Peoples Bank,2025,Official HMDA Data Browser filers API,matched
54930010ZG6EHTCJ1L21,"Old Plank Trail Community Bank, N.A.",2025,Official HMDA Data Browser filers API,matched
5493001141Z7CINOSB62,"LOANFLIGHT LENDING, LLC",2025,Official HMDA Data Browser filers API,matched
54930011HPXXLJN2D407,Byline Bank,2025,Official HMDA Data Browser filers API,matched
549300121SF0K2LN2804,"PRIMELENDING, A PLAINSCAPITAL COMPANY",2025,Official HMDA Data Browser filers API,matched
54930012OSP7Z8V2FB74,HOME SOLUTION LENDERS INC.,2024,Official HMDA Data Browser filers API,matched
54930013MXTMNAENKY84,,,Official HMDA Data Browser filers API,unmatched
54930013SG5BXUL3G429,First Western Bank,2023,Official HMDA Data Browser filers API,matched
54930015645SYPOM7220,"ISERVE RESIDENTIAL LENDING, LLC",2025,Official HMDA Data Browser filers API,matched
54930015EUQKUCIRBQ14,METRO CU,2025,Official HMDA Data Browser filers API,matched
54930016ZSB1QWXLRJ13,"MY MOVE MORTGAGE, LLC",2025,Official HMDA Data Browser filers API,matched
54930017CJWOENP0BZ82,SUNMARK CREDIT UNION,2025,Official HMDA Data Browser filers API,matched
54930017IQ4KPG7QW263,First Federal Savings and Loan Association,2024,Official HMDA Data Browser filers API,matched
5493001850NMVU84ZW56,XCEL FEDERAL CREDIT UNION,2025,Official HMDA Data Browser filers API,matched
54930019RBT2SM6CQS78,Starion Bank,2025,Official HMDA Data Browser filers API,matched
5493001AGQGPJ3N3YL33,FOUNDERS FEDERAL CREDIT UNION,2025,Official HMDA Data Browser filers API,matched
5493001B4TX233UP4J06,Rhode Island Credit Union,2025,Official HMDA Data Browser filers API,matched
5493001C1MX62NVN0U50,VELOCITY Credit Union,2025,Official HMDA Data Browser filers API,matched
5493001CF53JP3UQ0024,NewFirst National Bank,2025,Official HMDA Data Browser filers API,matched
5493001CM06UK2XY3I18,FRANKLIN MINT,2025,Official HMDA Data Browser filers API,matched
5493001DKNDZW3UIWI38,Cornerstone State Bank,2025,Official HMDA Data Browser filers API,matched
5493001E3OD1D4Y8KX63,"FIRST HERITAGE FINANCIAL, LLC",2025,Official HMDA Data Browser filers API,matched
5493001EXVWX6Q13MY44,Bank of Bartlett,2025,Official HMDA Data Browser filers API,matched
5493001F7QT2YW3K8D98,"DSLD MORTGAGE, LLC",2025,Official HMDA Data Browser filers API,matched
5493001FKX0BM8GN6P73,Woori America Bank,2025,Official HMDA Data Browser filers API,matched
5493001FMENBK31GGQ69,Rize Federal Credit Union,2025,Official HMDA Data Browser filers API,matched
5493001FOLPDJ44AZD23,Northeast Bank,2023,Official HMDA Data Browser filers API,matched
5493001GAASLCSP1PB64,"NATIONAL COOPERATIVE BANK, N.A.",2025,Official HMDA Data Browser filers API,matched
5493001GCBD5XGNIC815,Coastal Community Bank,2025,Official HMDA Data Browser filers API,matched
5493001GDRY0EL7VG372,"ARK-LA-TEX FINANCIAL SERVICES, LLC.",2025,Official HMDA Data Browser filers API,matched
5493001HBUA9JSUEWO16,First Community Bank,2025,Official HMDA Data Browser filers API,matched
5493001HHBUTXHS7TZ96,HOMEAMERICAN MORTGAGE CORPORATION,2025,Official HMDA Data Browser filers API,matched
5493001HOQL7ZEKTRZ55,GREAT PLAINS FEDERAL CREDIT UNION,2025,Official HMDA Data Browser filers API,matched
5493001HYUPH0X6FT603,Farmers and Miners Bank,2023,Official HMDA Data Browser filers API,matched
5493001I7Z53NDBE4X59,ALTITUDE FINANCIAL CORPORATION,2025,Official HMDA Data Browser filers API,matched
5493001JT9MT3Z3Y3M39,"RBC Bank, (Georgia) National Association",2025,Official HMDA Data Browser filers API,matched
5493001K7B4W8IPMZ254,FIRST STANDARD FINANCIAL CORP.,2025,Official HMDA Data Browser filers API,matched
5493001KKF1KUVEDX282,First Service Federal Credit Union,2024,Official HMDA Data Browser filers API,matched
5493001LCP9RF6ADEZ78,First National Bank and Trust Company of Weatherford,2025,Official HMDA Data Browser filers API,matched
5493001LHLYJE6PHUL18,Uwharrie Bank,2025,Official HMDA Data Browser filers API,matched
5493001LOTO6OW0LKT63,Mainstreet Community Bank of Florida,2025,Official HMDA Data Browser filers API,matched
5493001NJEVHTZW7FG34,SCHOOLSFIRST,2025,Official HMDA Data Browser filers API,matched
5493001ONS27RG5HKB81,SouthernTrust Bank,2024,Official HMDA Data Browser filers API,matched
5493001P1J1K386Q4G58,South Louisiana Bank,2023,Official HMDA Data Browser filers API,matched
5493001P38O8QXGI6503,SEA WEST COAST GUARD FEDERAL CREDIT UNION,2025,Official HMDA Data Browser filers API,matched
5493001PJI787KH02821,Stockmans Bank,2025,Official HMDA Data Browser filers API,matched
5493001PXRJMPLXPG540,IDAHO CENTRAL CREDIT UNION,2025,Official HMDA Data Browser filers API,matched
5493001Q8FNQ5TSRE594,,,Official HMDA Data Browser filers API,unmatched
5493001QMUDK2ML5S840,Neighbors Federal Credit Union,2025,Official HMDA Data Browser filers API,matched
5493001QR7MEE12WC276,BAYPORT FUNDING LLC,2025,Official HMDA Data Browser filers API,matched
5493001QVY14BXG42N39,Institution for Savings in Newburyport and Its Vicinity,2024,Official HMDA Data Browser filers API,matched
5493001R92DY5DI1DI85,DRAPER AND KRAMER MORTGAGE CORP.,2023,Official HMDA Data Browser filers API,matched
5493001SBOA8GKVW1N27,AAXY L.L.C.,2025,Official HMDA Data Browser filers API,matched
5493001SDQVS1NWYH012,"PREMIER LENDING, INC.",2025,Official HMDA Data Browser filers API,matched
5493001SP13TNR6TUJ97,Western Commerce Bank,2025,Official HMDA Data Browser filers API,matched
5493001SSNVCONGBH947,The First National Bank and Trust Company,2025,Official HMDA Data Browser filers API,matched
5493001SXWZ4OFP8Z903,"DHI MORTGAGE COMPANY, LTD.",2025,Official HMDA Data Browser filers API,matched
5493001TKHVR1XBO7H51,MCKENZIE BANKING COMPANY,2023,Official HMDA Data Browser filers API,matched
5493001U0HWKEN6OLT59,CRESTLINE FUNDING CORPORATION,2025,Official HMDA Data Browser filers API,matched
5493001UYBOONMFYPR30,"Legacy Home Loans, LLC",2025,Official HMDA Data Browser filers API,matched
5493001VM8PTR1KD2A32,MEMBER ONE,2024,Official HMDA Data Browser filers API,matched
5493001VQ02LHMFEXJ21,MID-HUDSON VALLEY Federal Credit Union,2025,Official HMDA Data Browser filers API,matched
5493001VZ9FY8HZOGY74,OneSouth Bank,2023,Official HMDA Data Browser filers API,matched
5493001WHVQBGRSWEU75,"HOMEBRIDGE FINANCIAL SERVICES, INC.",2025,Official HMDA Data Browser filers API,matched
5493001WL16YUSR2TI47,Cross Keys Bank,2025,Official HMDA Data Browser filers API,matched
5493001WRXQTCKCA6205,REDWOOD,2025,Official HMDA Data Browser filers API,matched
5493001X0T84TYRJ5Y59,"VISTA POINT MORTGAGE, LLC",2025,Official HMDA Data Browser filers API,matched
5493001XKL0FTNOJ0866,"GENEVA FINANCIAL, LLC",2025,Official HMDA Data Browser filers API,matched
5493001XP7X9J8PCH525,Southern States Bank,2024,Official HMDA Data Browser filers API,matched
5493001XRDEGNB7US825,VIBE CREDIT UNION,2025,Official HMDA Data Browser filers API,matched
5493001XZBZCQEIYKY53,"CENTER STREET LENDING VIII, LLC",2023,Official HMDA Data Browser filers API,matched
5493001YBS0V28ZNVE97,American Nation Bank,2025,Official HMDA Data Browser filers API,matched
5493001YIUWLFRXQUO81,Summit Mortgage Corporation,2025,Official HMDA Data Browser filers API,matched
5493001YLK9E8PF87B85,Vibrant Credit Union,2024,Official HMDA Data Browser filers API,matched
5493001ZUNE2DKEA4702,ADDITION FINANCIAL,2025,Official HMDA Data Browser filers API,matched
5493001ZYMBN3CK8LJ82,Sturgis Bank & Trust Company,2023,Official HMDA Data Browser filers API,matched
549300200TL6RMY5ZN25,The Bank of Brodhead,2025,Official HMDA Data Browser filers API,matched
54930020NKD4V7LL4W50,EVOLVE,2025,Official HMDA Data Browser filers API,matched
54930020VWE4K0ME5605,The Monticello Banking Company,2025,Official HMDA Data Browser filers API,matched
54930020YWIK7HGH2R34,"SFMC, LP",2025,Official HMDA Data Browser filers API,matched
549300214PKB2Y1ZWH75,Mid-America Bank,2025,Official HMDA Data Browser filers API,matched
549300217ZPIHWEYT887,MassMutual Federal Credit Union,2025,Official HMDA Data Browser filers API,matched
54930021DZJ9CEN11D61,Mortgage Right,2025,Official HMDA Data Browser filers API,matched
54930021QRU8VXNS6152,Sound Credit Union,2025,Official HMDA Data Browser filers API,matched
54930021WPEXNHYZUL09,"PLANET HOME LENDING, LLC",2025,Official HMDA Data Browser filers API,matched
549300228GG3C6SV3C98,American Community Bank & Trust,2025,Official HMDA Data Browser filers API,matched
54930022CQGV47Q8PM03,"SERVIS ONE, INC.",2025,Official HMDA Data Browser filers API,matched
54930022I573MYIIOM33,Southern Bank of Tennessee,2025,Official HMDA Data Browser filers API,matched
54930023C70YMJJDRL61,Ives Bank,2025,Official HMDA Data Browser filers API,matched
54930023DLYUOD6GKQ42,Hawthorn Bank,2025,Official HMDA Data Browser filers API,matched
549300249G20MDIDRR27,"SOUTHWEST STAGE FUNDING, LLC",2025,Official HMDA Data Browser filers API,matched
54930024QEEW6YDTWZ98,REV FEDERAL CREDIT UNION,2025,Official HMDA Data Browser filers API,matched
549300256FCWXUM5FR50,Pioneer Bank,2025,Official HMDA Data Browser filers API,matched
5493002578XYSRFY2C51,MountainOne Bank,2024,Official HMDA Data Browser filers API,matched
54930025OQ7Y7X795P35,First State Bank,2025,Official HMDA Data Browser filers API,matched
54930025XJJO3T0M1A92,GEORGIA'S OWN,2025,Official HMDA Data Browser filers API,matched
549300278QYT0O65D265,COLORADO CREDIT UNION,2025,Official HMDA Data Browser filers API,matched
54930027GUR70U427Y19,Campus Federal Credit Union,2025,Official HMDA Data Browser filers API,matched
54930027H7CJF9GCDZ36,FORT FINANCIAL Federal Credit Union,2025,Official HMDA Data Browser filers API,matched
54930028J11BWKUVGX50,HARBORSTONE,2025,Official HMDA Data Browser filers API,matched
54930029L79O0A2ZXF27,LAUNCH CREDIT UNION,2025,Official HMDA Data Browser filers API,matched
5493002B2O407LCTBX72,Coulee Bank,2025,Official HMDA Data Browser filers API,matched
5493002B2WMHY23GFK92,"AMERICAN FINANCIAL RESOURCES, INC.",2025,Official HMDA Data Browser filers API,matched
5493002B3KWBDNOTY262,"Pendleton Community Bank, Inc.",2025,Official HMDA Data Browser filers API,matched
5493002B3S2CIVMYKZ51,,,Official HMDA Data Browser filers API,unmatched
5493002BHZ2N82ENVH10,"Lend Smart Mortgage, LLC",2023,Official HMDA Data Browser filers API,matched
5493002BRQ8SVQPCV108,PIEDMONT ADVANTAGE CREDIT UNION,2024,Official HMDA Data Browser filers API,matched
5493002C1SVHOFTWF108,AMERICU Credit Union,2025,Official HMDA Data Browser filers API,matched
5493002CAA1SKNHHUI24,Evergreen Bank Group,2025,Official HMDA Data Browser filers API,matched
5493002DRIX59V47NM65,LOS ANGELES POLICE Federal Credit Union,2025,Official HMDA Data Browser filers API,matched
5493002EOK9UP4QZ5N22,LIBERTYONE Credit Union,2025,Official HMDA Data Browser filers API,matched
5493002F9OWLKRICTY67,STANDARD MORTGAGE CORPORATION,2025,Official HMDA Data Browser filers API,matched
5493002FQ43Q3BNXZW27,Macon Bank and Trust Company,2023,Official HMDA Data Browser filers API,matched
5493002FSR6V2NM1K863,Citizens Bank,2025,Official HMDA Data Browser filers API,matched
5493002G1DPDOKT55X37,DESCO,2025,Official HMDA Data Browser filers API,matched
5493002G4JO4BZ22MC13,"IVY MORTGAGE, INC.",2025,Official HMDA Data Browser filers API,matched
5493002GI63WHHUTUD85,"KEYSTONE FUNDING, INC.",2025,Official HMDA Data Browser filers API,matched
5493002GOGIUXB84JB89,First National Bank of Waterloo,2025,Official HMDA Data Browser filers API,matched
5493002HI2PDK2BQF091,Bank of the Flint Hills,2025,Official HMDA Data Browser filers API,matched
5493002HQBP2ODIIFH94,CLARK COUNTY CREDIT UNION,2025,Official HMDA Data Browser filers API,matched
5493002IVUY1DY0ZCL83,Copper State Credit Union,2025,Official HMDA Data Browser filers API,matched
5493002J7RM1JLAXN553,First National Bank,2025,Official HMDA Data Browser filers API,matched
5493002JA8HUVL2CRT33,DEVELOPER'S MORTGAGE COMPANY,2025,Official HMDA Data Browser filers API,matched
5493002JDOI3GTNVUD76,German American Bank,2025,Official HMDA Data Browser filers API,matched
5493002JNEZK52NOPC21,SARATOGA NATIONAL BANK AND TRUST COMPANY,2024,Official HMDA Data Browser filers API,matched
5493002JV15GSVFKZW34,Intercity State Bank,2024,Official HMDA Data Browser filers API,matched
5493002L7I6EYKW3NG91,Blackhawk Bank & Trust,2025,Official HMDA Data Browser filers API,matched
5493002LFCYKY0EGSQ80,Belmont Savings Bank,2025,Official HMDA Data Browser filers API,matched
5493002LPXKMOZNXUY90,First International Bank & Trust,2025,Official HMDA Data Browser filers API,matched
5493002LW7G8E8SHWC88,SESLOC,2025,Official HMDA Data Browser filers API,matched
5493002N5168AC238149,"OceanFirst Bank, National Association",2025,Official HMDA Data Browser filers API,matched
5493002N5OA6GM61AC70,Independence Bank of Kentucky,2025,Official HMDA Data Browser filers API,matched
5493002N80S5V3OY3S68,"GROUP MORTGAGE, LLC",2025,Official HMDA Data Browser filers API,matched
5493002N8SUFLD1HGF75,"JTF ROSE, INC.",2024,Official HMDA Data Browser filers API,matched
5493002OMAT2S3H4OF48,OSB Community Bank,2025,Official HMDA Data Browser filers API,matched
5493002P2P2WON3W9P39,Innovations Financial Credit Union,2025,Official HMDA Data Browser filers API,matched
5493002P6EVQ94HFYF14,FIRST HARVEST Federal Credit Union,2025,Official HMDA Data Browser filers API,matched
5493002PHB6PE87OB729,"Tioga State Bank, N. A.",2025,Official HMDA Data Browser filers API,matched
5493002POZ4RFS6X0Z30,"Dakota Community Bank & Trust, National Association",2025,Official HMDA Data Browser filers API,matched
5493002PPPIVY6G0AH03,COMMUNITY RESOURCE FEDERAL CREDIT UNION,2025,Official HMDA Data Browser filers API,matched
5493002PR22PLR6S8J02,The Fidelity Deposit and Discount Bank,2025,Official HMDA Data Browser filers API,matched
5493002Q5MB21VG7B390,Republic Bank of Chicago,2025,Official HMDA Data Browser filers API,matched
5493002QI2ILHHZH8D20,"KBHS HOME LOANS, LLC",2025,Official HMDA Data Browser filers API,matched
5493002QP2ONO47G5R24,APCI Federal Credit Union,2025,Official HMDA Data Browser filers API,matched
5493002QRULT2T40BH09,COMMUNITYAMERICA CREDIT UNION,2025,Official HMDA Data Browser filers API,matched
5493002R2CJ2LF78PR19,Seneca Savings,2025,Official HMDA Data Browser filers API,matched
5493002R8QX1FQSB8Z06,FIRST U.S. COMMUNITY CREDIT UNION,2025,Official HMDA Data Browser filers API,matched
5493002RF1ERFA2XR050,Renasant Bank,2025,Official HMDA Data Browser filers API,matched
5493002RKLPCGAVLNC16,"Farm Credit of the Virginias, ACA",2025,Official HMDA Data Browser filers API,matched
5493002T397LUNQ31179,Security Financial Bank,2025,Official HMDA Data Browser filers API,matched
5493002TJKC8NLH1ZP82,"MORTGAGEONE, INC.",2025,Official HMDA Data Browser filers API,matched
5493002TUYGC7HBYME91,"SIMPLIFI MORTGAGE, LLC",2025,Official HMDA Data Browser filers API,matched
5493002UTIS7AQUDFF80,"BEST FINANCE CAPITAL, INC.",2023,Official HMDA Data Browser filers API,matched
5493002W52M3SYLFEX32,GREYSTONE FUNDING COMPANY LLC,2025,Official HMDA Data Browser filers API,matched
5493002W6KWD0REQ1T16,SunMark Community Bank,2025,Official HMDA Data Browser filers API,matched
5493002WVA17MT4UFH84,"Griffin Funding, Inc.",2025,Official HMDA Data Browser filers API,matched
5493002WXCO8XZD1EB38,New Carlisle Federal Savings Bank,2025,Official HMDA Data Browser filers API,matched
5493002XCPKQYCZ56W55,Peoples Bank of Alabama,2025,Official HMDA Data Browser filers API,matched
5493002XYKZPDHNHJY97,The First National Bank of Le Center,2025,Official HMDA Data Browser filers API,matched
5493002Y5XYV7DV1ZV88,"GOLD STAR MORTGAGE FINANCIAL GROUP, CORPORATION",2025,Official HMDA Data Browser filers API,matched
5493002YXAOJOQPEGS38,"TruHome Solutions, LLC",2025,Official HMDA Data Browser filers API,matched
5493002YYAGPQ7L1YS68,Middletown Valley Bank,2025,Official HMDA Data Browser filers API,matched
5493002Z2Z7DV758IU60,Bank of Clarke,2025,Official HMDA Data Browser filers API,matched
5493002Z4GZF8C2F3T27,STAR USA FEDERAL CREDIT UNION,2025,Official HMDA Data Browser filers API,matched
54930030C6U0HERIQ090,COMMUNITY CREDIT UNION of FLORIDA,2025,Official HMDA Data Browser filers API,matched
54930030S6J5KOL5LJ73,FAIRWINDS CREDIT UNION,2025,Official HMDA Data Browser filers API,matched
54930030UYPZM65LOF37,MidWest America Federal Credit Union,2025,Official HMDA Data Browser filers API,matched
54930030Z1JWTP3SVD16,"TOP FLITE FINANCIAL, INC.",2025,Official HMDA Data Browser filers API,matched
54930031G7ALOZB0HI92,BEACON FEDERAL CREDIT UNION,2025,Official HMDA Data Browser filers API,matched
54930031J0Z4IG9PQZ65,"Texas Gulf Bank, National Association",2025,Official HMDA Data Browser filers API,matched
549300323EON4W3CCM44,"RESICENTRAL, LLC",2025,Official HMDA Data Browser filers API,matched
54930032OCUOR526IR93,Peoples Bank,2025,Official HMDA Data Browser filers API,matched
54930032XJT9NQZ5I683,Royal Banks of Missouri,2025,Official HMDA Data Browser filers API,matched
549300337GB2P1WP7003,Grandbridge Real Estate Capital LLC,2025,Official HMDA Data Browser filers API,matched
54930033V1OQ5VFHI630,Friend Bank,2025,Official HMDA Data Browser filers API,matched
54930034MNPILHP25H80,Gateway First Bank,2025,Official HMDA Data Browser filers API,matched
54930035C68SRQ1RS395,First National Bank,2025,Official HMDA Data Browser filers API,matched
54930035U7Q80J7HTS79,CAMPOS FINANCIAL CORP.,2025,Official HMDA Data Browser filers API,matched
54930035WLX14VQW9V81,Premier Bank,2025,Official HMDA Data Browser filers API,matched
54930035X20L4YB6HD91,Warren-Boynton State Bank,2025,Official HMDA Data Browser filers API,matched
5493003617RJR4JUYT66,First Federal Savings Bank,2025,Official HMDA Data Browser filers API,matched
54930036K3ZFJ4FOKT69,VYSTAR CREDIT UNION,2025,Official HMDA Data Browser filers API,matched
549300370QILXLFUWD20,"ZILLOW HOME LOANS, LLC",2025,Official HMDA Data Browser filers API,matched
54930037K28BC4GVBU20,"Town Bank, N.A.",2025,Official HMDA Data Browser filers API,matched
54930038B7D8N5ZCSG62,"ATOMIC CREDIT UNION, INC.",2024,Official HMDA Data Browser filers API,matched
54930038YN5XV3SDVZ83,BankIowa of Cedar Rapids,2023,Official HMDA Data Browser filers API,matched
54930039IUN6515TBG78,US MORTGAGE CORPORATION,2025,Official HMDA Data Browser filers API,matched
54930039OWZFM2IGRN69,Chambers Bank,2025,Official HMDA Data Browser filers API,matched
54930039UO39UJGI7078,Towne Bank,2025,Official HMDA Data Browser filers API,matched
5493003B20KZ3DEZGB43,Royal Business Bank,2025,Official HMDA Data Browser filers API,matched
5493003B2LEGQHDWRN55,Hanscom Federal Credit Union,2025,Official HMDA Data Browser filers API,matched
5493003BXKRGHQHRJV38,ITHINK FINANCIAL Credit Union,2025,Official HMDA Data Browser filers API,matched
5493003CEZ9JGZYJ4J88,Bank of Yazoo City,2023,Official HMDA Data Browser filers API,matched
5493003DVQUF5HAI1O03,CORPORATE AMERICA FAMILY,2025,Official HMDA Data Browser filers API,matched
5493003EAJYUK1F8B139,Fortress Bank,2025,Official HMDA Data Browser filers API,matched
5493003EW6T31TGECO83,First National Bank,2024,Official HMDA Data Browser filers API,matched
5493003F5IG7YZ4PQ253,BankSouth,2025,Official HMDA Data Browser filers API,matched
5493003GJY287GIWFH36,CME Federal Credit Union,2024,Official HMDA Data Browser filers API,matched
5493003GO99ZQDTH5407,"BROOKHOLLOW MORTGAGE SERVICES, LTD.",2025,Official HMDA Data Browser filers API,matched
5493003GQDUH26DNNH17,Navy Federal Credit Union,2025,Official HMDA Data Browser filers API,matched
5493003H8ECZKN77IZ88,Waukesha State Bank,2025,Official HMDA Data Browser filers API,matched
5493003I223S7AP6XL58,South Atlantic Bank,2025,Official HMDA Data Browser filers API,matched
5493003IRCQIQ6T3QS04,First Midwest Bank of Dexter,2025,Official HMDA Data Browser filers API,matched
5493003JBN8UEVOU8O42,JEFFERSON FINANCIAL FEDERAL CREDIT UNION,2025,Official HMDA Data Browser filers API,matched
5493003JGY7VFGEGT744,Southwest Bank,2024,Official HMDA Data Browser filers API,matched
5493003JPO4OLRGNJI77,The Farmers Savings Bank,2024,Official HMDA Data Browser filers API,matched
5493003K18C4JU5UJ328,First Financial Northwest Bank,2024,Official HMDA Data Browser filers API,matched
5493003K5GJU8VB60Z66,Williamsville State Bank & Trust,2025,Official HMDA Data Browser filers API,matched
5493003K6JB8F2ZMRI65,Armor Bank,2025,Official HMDA Data Browser filers API,matched
5493003KBJMVUE7RQO90,1ST ADVANTAGE FEDERAL CREDIT UNION,2025,Official HMDA Data Browser filers API,matched
5493003KK3OFPYXHCI44,LAFCU Credit Union,2025,Official HMDA Data Browser filers API,matched
5493003MAUCY3WMZY776,Cincinnati Federal,2023,Official HMDA Data Browser filers API,matched
5493003NV9L53LK1XI52,ROYAL PACIFIC FUNDING CORP.,2025,Official HMDA Data Browser filers API,matched
5493003OO8EG0RKSFX83,Bank 7,2025,Official HMDA Data Browser filers API,matched
5493003P1OKUPLVJ7M37,State Bank of Graymont,2024,Official HMDA Data Browser filers API,matched
5493003PL2K1NXVSU388,NYMEO FEDERAL CREDIT UNION,2025,Official HMDA Data Browser filers API,matched
5493003Q218ZJ8R1WN88,Badger Bank,2025,Official HMDA Data Browser filers API,matched
5493003QDHMW1W0GEH16,Bank3,2025,Official HMDA Data Browser filers API,matched
5493003QF1L7XNSWRM19,Woodlands National Bank,2024,Official HMDA Data Browser filers API,matched
5493003QPO86QUI9FJ04,"The Security National Bank of Sioux City, Iowa",2024,Official HMDA Data Browser filers API,matched
5493003SOHU5A9BPKB06,Citizens Bank & Trust Company,2024,Official HMDA Data Browser filers API,matched
5493003ST36V2G6YFH54,PIONEER APPALACHIA FEDERAL CREDIT UNION,2025,Official HMDA Data Browser filers API,matched
5493003SVUBV3VW5CT40,Farmers & Merchants Savings Bank,2025,Official HMDA Data Browser filers API,matched
5493003T5D4N1CM46J77,1st Security Bank of Washington,2025,Official HMDA Data Browser filers API,matched
5493003T62KDXQ6J4W58,SOUTHEASTERN CREDIT UNION,2025,Official HMDA Data Browser filers API,matched
5493003TK1BAOHHL6S92,ALLTRU FEDERAL CREDIT UNION,2025,Official HMDA Data Browser filers API,matched
5493003V40VGM7YDFM54,FIRST COLONY MORTGAGE CORPORATION,2025,Official HMDA Data Browser filers API,matched
5493003VEEM09F16U659,MASS BAY Credit Union,2023,Official HMDA Data Browser filers API,matched
5493003WN6DPWM6VYA67,AUSTIN TELCO,2025,Official HMDA Data Browser filers API,matched
5493003X0GM1DHJIWC22,CBI Bank & Trust,2025,Official HMDA Data Browser filers API,matched
5493003X6Y6JGJKHPA25,"INTERSTATE HOME LOAN CENTER, INC.",2025,Official HMDA Data Browser filers API,matched
5493003X9FWFI47DPO39,Gold Coast Bank,2025,Official HMDA Data Browser filers API,matched
5493003XL7HDGFTGQI87,Kentland Bank,2025,Official HMDA Data Browser filers API,matched
5493003XLOX5FDT9R120,"First Hope Bank, A National Banking Association",2025,Official HMDA Data Browser filers API,matched
5493003Y4D5054GY3J13,City State Bank,2025,Official HMDA Data Browser filers API,matched
5493003ZCL0UPU6NWT09,Mountain Valley Bank,2025,Official HMDA Data Browser filers API,matched
5493003ZQXBSRU5RO172,Greater Community Bank,2023,Official HMDA Data Browser filers API,matched
54930040GLSEV5H11Q12,Adams Bank & Trust,2025,Official HMDA Data Browser filers API,matched
54930041S7CZYMJ4CH46,The First National Bank in Tremont,2025,Official HMDA Data Browser filers API,matched
54930043A47GB1KNJQ31,Altana Federal Credit Union,2025,Official HMDA Data Browser filers API,matched
54930043BMDE130FJ617,"PROVIDENT FUNDING ASSOCIATES, L.P.",2025,Official HMDA Data Browser filers API,matched
54930044G6TGPFFTFM49,Bank of Washington,2023,Official HMDA Data Browser filers API,matched
54930044OSTKOJMHF287,"Capital Bank, National Association",2025,Official HMDA Data Browser filers API,matched
549300458LCI17J5BY03,The Honesdale National Bank,2025,Official HMDA Data Browser filers API,matched
54930045EHC4UJU3BP73,M C Bank & Trust Company,2025,Official HMDA Data Browser filers API,matched
54930045J8O98TUGTW86,b1BANK,2025,Official HMDA Data Browser filers API,matched
549300461TECLDDGNF98,"GreenStone Farm Credit Services, FLCA",2025,Official HMDA Data Browser filers API,matched
549300463UZU06Q14K24,PRIORITY ONE CREDIT UNION,2025,Official HMDA Data Browser filers API,matched
549300465MKS092D5K02,Liberty National Bank,2025,Official HMDA Data Browser filers API,matched
54930046JONFO0FON766,Cogent Bank,2025,Official HMDA Data Browser filers API,matched
54930047C62INWFYCF40,SPIRIT OF ALASKA,2024,Official HMDA Data Browser filers API,matched
54930047YAX7UHRKN043,NIZARI PROGRESSIVE FCU,2025,Official HMDA Data Browser filers API,matched
54930047YMR4VOMFGS35,AMERICHOICE Federal Credit Union,2025,Official HMDA Data Browser filers API,matched
549300488506L45QIE35,"FINANCIAL CONCEPTS MORTGAGE, LLC",2025,Official HMDA Data Browser filers API,matched
54930048P8RWCQHQM310,ARC HOME LLC,2025,Official HMDA Data Browser filers API,matched
54930048RSX270GEQI09,One Florida Bank,2025,Official HMDA Data Browser filers API,matched
54930049L5WINET09Q97,"Click n' Close, Inc.",2025,Official HMDA Data Browser filers API,matched
5493004AS1SPBQOFDR49,"Commerce Home Mortgage, Inc.",2025,Official HMDA Data Browser filers API,matched
5493004CZUGDTDC6QB68,AEROSPACE FEDERAL CREDIT UNION,2024,Official HMDA Data Browser filers API,matched
5493004D0Z2WQR26VL57,Ion Bank,2025,Official HMDA Data Browser filers API,matched
5493004EVKOLRF3JI477,The Citizens Bank,2025,Official HMDA Data Browser filers API,matched
5493004F1BOBD3SG7P54,The Croghan Colonial Bank,2025,Official HMDA Data Browser filers API,matched
5493004F7BXDIUFVPV87,STAR ONE Credit Union,2025,Official HMDA Data Browser filers API,matched
5493004FGBXH9QXOWU35,INTEGRITY MORTGAGE LLC,2023,Official HMDA Data Browser filers API,matched
5493004G43JM6M5BFR40,"FAMILY FINANCE MORTGAGE, LLC",2025,Official HMDA Data Browser filers API,matched
5493004GBTNTG3N1GE77,Grandview Bank,2025,Official HMDA Data Browser filers API,matched
5493004GPC7K826BKF31,ARROWHEAD CENTRAL CREDIT UNION,2025,Official HMDA Data Browser filers API,matched
5493004GTVF72J2WFE10,Illinois Community Credit Union,2024,Official HMDA Data Browser filers API,matched
5493004HIVU0YCM5QS92,INTERRA CREDIT UNION,2025,Official HMDA Data Browser filers API,matched
5493004IEEY3EWUVQH38,CedarStone Bank,2024,Official HMDA Data Browser filers API,matched
5493004IRV3T6D4NNV33,Nikkei Credit Union,2025,Official HMDA Data Browser filers API,matched
5493004J0RTXMDKIYB74,IDEAL HOME LOANS LLC,2025,Official HMDA Data Browser filers API,matched
5493004K0Z4RFJSPYT52,CONSUMERS COOPERATIVE CREDIT UNION,2025,Official HMDA Data Browser filers API,matched
5493004KLDVVA608R237,Texas Heritage National Bank,2025,Official HMDA Data Browser filers API,matched
5493004KSBZEBHIMRT79,"MORTGAGE FINANCIAL GROUP, INC.",2025,Official HMDA Data Browser filers API,matched
5493004LAP3ULXM1YB66,"FIRST EQUITY MORTGAGE BANKERS, INC.",2025,Official HMDA Data Browser filers API,matched
5493004LN4GS7BNXIO13,Fidelity Co-operative Bank,2025,Official HMDA Data Browser filers API,matched
5493004LTLRA7Y5L3696,The Fisher National Bank,2025,Official HMDA Data Browser filers API,matched
5493004LYI6NSVMGYH15,First IC Corporation,2025,Official HMDA Data Browser filers API,matched
5493004M1U54OO4KKE09,"PRIORITY HOME MORTGAGE, L.P.",2025,Official HMDA Data Browser filers API,matched
5493004MWCDBCBTXE044,"Lake Forest Bank & Trust Company, N.A.",2025,Official HMDA Data Browser filers API,matched
5493004N6GEASXJ2A896,Global Bank,2025,Official HMDA Data Browser filers API,matched
5493004N9PMBSLEZOF16,"K. HOVNANIAN AMERICAN MORTGAGE, L.L.C.",2025,Official HMDA Data Browser filers API,matched
5493004NH61PL6YYNH25,Provident Bank,2025,Official HMDA Data Browser filers API,matched
5493004NMXQUYEFD1Y98,"FIRST OHIO HOME FINANCE, INC.",2025,Official HMDA Data Browser filers API,matched
5493004NO7XCFVG4KD53,Y-12 Federal Credit Union,2025,Official HMDA Data Browser filers API,matched
5493004O4O6HBJZIXH92,BANKWEST,2024,Official HMDA Data Browser filers API,matched
5493004OB0KD7VERQW98,"INTERLINC MORTGAGE SERVICES, LLC",2025,Official HMDA Data Browser filers API,matched
5493004R423PBPM6A173,OCEANSIDE MORTGAGE COMPANY,2025,Official HMDA Data Browser filers API,matched
5493004RLLKTQS8K7U51,American Airlines Federal Credit Union,2025,Official HMDA Data Browser filers API,matched
5493004RSPU71QRHYI22,JSC Federal Credit Union,2025,Official HMDA Data Browser filers API,matched
5493004T38NMC864VL66,"RAIN CITY CAPITAL, LLC",2023,Official HMDA Data Browser filers API,matched
5493004T9SQFCNRQ2L76,DELMAR FINANCIAL COMPANY,2025,Official HMDA Data Browser filers API,matched
5493004TN1RD20MW1Y08,CONCHO EDUCATORS Federal Credit Union,2025,Official HMDA Data Browser filers API,matched
5493004U68X0X5LVHY72,,,Official HMDA Data Browser filers API,unmatched
5493004UNRG4PWDF2K60,AFFINITY,2025,Official HMDA Data Browser filers API,matched
5493004VB8XJ1L0EOO76,The Bank of Fayette County,2025,Official HMDA Data Browser filers API,matched
5493004WMLN60ZJ2ON46,PULTE MORTGAGE LLC,2025,Official HMDA Data Browser filers API,matched
5493004WQK3PHW1SDP63,VALOR BANK,2025,Official HMDA Data Browser filers API,matched
5493004XJV6Y8XQYPX87,ABERDEEN PROVING GROUND FEDERAL CREDIT UNION,2025,Official HMDA Data Browser filers API,matched
5493004XOOZ30KRVGC40,NVE Bank,2023,Official HMDA Data Browser filers API,matched
5493004XXI74FI4PIT28,5Star Bank,2023,Official HMDA Data Browser filers API,matched
5493004Z2SGQGCU5RB44,Heritage Community Bank,2023,Official HMDA Data Browser filers API,matched
5493004ZMFHUD3MB7B40,LAREDO FEDERAL CREDIT UNION,2025,Official HMDA Data Browser filers API,matched
549300508JOHWSRFDR57,The Stephenson National Bank and Trust,2024,Official HMDA Data Browser filers API,matched
549300512TZWD1YUA619,Coosa Valley Credit Union,2025,Official HMDA Data Browser filers API,matched
549300514215EBX5I696,Triad Bank,2025,Official HMDA Data Browser filers API,matched
549300516L2LO1P5XX92,Worthington Mortgage,2024,Official HMDA Data Browser filers API,matched
54930051L9BKHSHDSD90,INVESTEX,2024,Official HMDA Data Browser filers API,matched
54930052808NIU3KIW97,"DIRECT LENDERS, LLC",2024,Official HMDA Data Browser filers API,matched
54930052M48FOD3CWA54,"PRIMARY RESIDENTIAL MORTGAGE, INC.",2025,Official HMDA Data Browser filers API,matched
54930053KPO7OG48FP72,EVERENCE FEDERAL CREDIT UNION,2025,Official HMDA Data Browser filers API,matched
54930053SM8COVIPIY54,MICHIGAN STATE UNIVERSITY Federal Credit Union,2025,Official HMDA Data Browser filers API,matched
54930054ET8KM4O1D485,"SOFI BANK, NATIONAL ASSOCIATION",2025,Official HMDA Data Browser filers API,matched
54930054UTIC988TNU54,DIRECT LENDING PARTNERS LLC,2025,Official HMDA Data Browser filers API,matched
549300552HVITY0L9184,US Employees O.C. Federal Credit Union,2024,Official HMDA Data Browser filers API,matched
549300567BJCXPG9IV35,Seven Seventeen Credit Union,2024,Official HMDA Data Browser filers API,matched
54930057XF33SONJFP81,Universal City Studios CU,2025,Official HMDA Data Browser filers API,matched
54930058F1PNDGW35714,Farmers State Bank,2025,Official HMDA Data Browser filers API,matched
54930058NMHTLEZ3C025,Security Bank of Kansas City,2025,Official HMDA Data Browser filers API,matched
54930059GZZ7G4G40O53,Primis Mortgage Company,2025,Official HMDA Data Browser filers API,matched
5493005A0757T9GRRI44,First Western Bank & Trust,2025,Official HMDA Data Browser filers API,matched
5493005ANYGQWRPVGU61,The North Salem State Bank,2025,Official HMDA Data Browser filers API,matched
5493005C8ZBTKUWJPI93,First Missouri State Bank of Cape County,2024,Official HMDA Data Browser filers API,matched
5493005CFFMKTUKLO381,ACNB Bank,2025,Official HMDA Data Browser filers API,matched
5493005DJAOTPGS83Z81,Cornerstone Bank,2025,Official HMDA Data Browser filers API,matched
5493005DKMV1IHIM8E20,"Wilmington Savings Fund Society, FSB",2025,Official HMDA Data Browser filers API,matched
5493005DYVXTSXZPZF85,WESTSTAR MORTGAGE CORPORATION,2025,Official HMDA Data Browser filers API,matched
5493005E0SAPZ1LKU504,"MORTGAGE MASTERS OF INDIANA, INC.",2025,Official HMDA Data Browser filers API,matched
5493005ES4J6H2VR7264,Security Federal Bank,2023,Official HMDA Data Browser filers API,matched
5493005EWJNDWPLNG328,Century Next Bank,2024,Official HMDA Data Browser filers API,matched
5493005EYZOUVJUXAX38,"Lakeview Community Capital, LLC",2025,Official HMDA Data Browser filers API,matched
5493005F145IP6JL7314,Community First Bank,2025,Official HMDA Data Browser filers API,matched
5493005FO541ADHSMJ24,Washington State Bank,2023,Official HMDA Data Browser filers API,matched
5493005G8JO0PPI0HN36,"THE MORTGAGE WAREHOUSE,LLC",2025,Official HMDA Data Browser filers API,matched
5493005GHHD2LL3US857,Citizens Bank & Trust,2025,Official HMDA Data Browser filers API,matched
5493005GNZ6EJFS7LM83,International Bank of Commerce,2025,Official HMDA Data Browser filers API,matched
5493005H0NK3SWWY4384,The Freedom Bank of Virginia,2025,Official HMDA Data Browser filers API,matched
5493005H3NABV4GMAG85,CONNECTICUT STATE EMPLOYEES,2023,Official HMDA Data Browser filers API,matched
5493005HCI0Y8LUK5S48,GUARANTY HOME MORTGAGE CORPORATION,2023,Official HMDA Data Browser filers API,matched
5493005HTCBH4TWCVM82,"MEMBERS MORTGAGE COMPANY, INC.",2025,Official HMDA Data Browser filers API,matched
5493005I7R041I8VOW18,"LENDING 3, INC.",2023,Official HMDA Data Browser filers API,matched
5493005ICQ3QGEIWV618,UNITED MORTGAGE CORP.,2025,Official HMDA Data Browser filers API,matched
5493005ITNB06W8ZHD39,National Bank of St. Anne,2025,Official HMDA Data Browser filers API,matched
5493005J49KPXDXUC959,Central Bank,2025,Official HMDA Data Browser filers API,matched
5493005JF6BKCN6OY689,FineMark National Bank & Trust,2025,Official HMDA Data Browser filers API,matched
5493005JPZ3LXXMB0S24,"FBC MORTGAGE, LLC",2025,Official HMDA Data Browser filers API,matched
5493005KZM1DEUYVS783,First American Bank,2025,Official HMDA Data Browser filers API,matched
5493005L8AW1CTD9HZ03,First Central State Bank,2025,Official HMDA Data Browser filers API,matched
5493005LE3FE2MIPPW66,"COAST 2 COAST FUNDING GROUP, INC.",2025,Official HMDA Data Browser filers API,matched
5493005LKELKKRLTQA25,Portage Community Bank,2025,Official HMDA Data Browser filers API,matched
5493005LKFCLR81TSN28,Columbia Bank,2025,Official HMDA Data Browser filers API,matched
5493005LNO5N4F760786,First Northern Bank of Dixon,2025,Official HMDA Data Browser filers API,matched
5493005LWLLN6G3XQP35,CTBC Bank Corp. (USA),2025,Official HMDA Data Browser filers API,matched
5493005MFZ2ASTT3WX73,All America Bank,2024,Official HMDA Data Browser filers API,matched
5493005MOGCDHVVGS531,The First Bank and Trust Company of Murphysboro,2023,Official HMDA Data Browser filers API,matched
5493005MZZDC38IUOJ34,WATER AND POWER COMMUNITY Credit Union,2025,Official HMDA Data Browser filers API,matched
5493005NE66BD75BDB43,"Towne Mortgage of the Carolinas, LLC",2025,Official HMDA Data Browser filers API,matched
5493005NIBYLNJC10826,"T. J. FINANCIAL, INC.",2025,Official HMDA Data Browser filers API,matched
5493005NN76XZ2NOFH19,Country Bank for Savings,2025,Official HMDA Data Browser filers API,matched
5493005NU5BA00C1N451,ROSS MORTGAGE CORPORATION,2025,Official HMDA Data Browser filers API,matched
5493005O0QVSV3RWRR20,GOVERNMENT EMPLOYEES,2025,Official HMDA Data Browser filers API,matched
5493005OG185XV8M8N52,State Bank of Toulon,2025,Official HMDA Data Browser filers API,matched
5493005ONLDV0W4QDI82,Orange Bank &Trust Company,2025,Official HMDA Data Browser filers API,matched
5493005OOIYF660YQO46,RESIDENTIAL HOME MORTGAGE CORPORATION,2025,Official HMDA Data Browser filers API,matched
5493005PD34O8ZT7QT17,"BPL MORTGAGE TRUST, LLC",2025,Official HMDA Data Browser filers API,matched
5493005PKOSG7MYX0B34,"Prosperity Home Mortgage, LLC",2025,Official HMDA Data Browser filers API,matched
5493005PT09Z02WXW551,ALKAN MORTGAGE CORPORATION,2025,Official HMDA Data Browser filers API,matched
5493005QK4NV0ZZ5EM64,Community Bank of Mississippi,2025,Official HMDA Data Browser filers API,matched
5493005QU87D4OE5GZ21,First Texas Bank,2025,Official HMDA Data Browser filers API,matched
5493005QZNPGRQNTRB15,Ipava State Bank,2025,Official HMDA Data Browser filers API,matched
5493005R34FLBMCPWB41,"TIDEWATER MORTGAGE SERVICES, INC.",2025,Official HMDA Data Browser filers API,matched
5493005RDTT7HVODH436,"Community Bank, National Association",2025,Official HMDA Data Browser filers API,matched
5493005SBCJ71Z4XVY11,First Bank Chicago,2025,Official HMDA Data Browser filers API,matched
5493005T6ET3508ZXP66,"PINNACLE LENDING GROUP, INC.",2023,Official HMDA Data Browser filers API,matched
5493005T71YXBHEO2093,CREDIT UNION 1,2025,Official HMDA Data Browser filers API,matched
5493005VBGFDRV6FSU19,HAWAII STATE FEDERAL CREDIT UNION,2023,Official HMDA Data Browser filers API,matched
5493005WCUTOOZMTV053,First Liberty Bank,2025,Official HMDA Data Browser filers API,matched
5493005WWQ2221ORBN75,"SHELTER HOME MORTGAGE, LLC",2025,Official HMDA Data Browser filers API,matched
5493005XCKCOIX4JMI33,RESIDENTIAL HOME FUNDING CORP.,2023,Official HMDA Data Browser filers API,matched
5493005XMJQ1GSXUGT67,"Wolfe Financial, Inc",2025,Official HMDA Data Browser filers API,matched
5493005XMSZYL5SAEF41,CrossFirst Bank,2025,Official HMDA Data Browser filers API,matched
5493005YE4IRJJ0TNX66,"ESSENTIAL MORTGAGE PARTNERS, LLC",2023,Official HMDA Data Browser filers API,matched
5493005ZSV53K4M63M18,HERITAGE FINANCIAL CREDIT UNION,2025,Official HMDA Data Browser filers API,matched
54930060AO2QGPQGPO07,First Kentucky Bank,2025,Official HMDA Data Browser filers API,matched
54930060G4MDPWHISD89,EVERGREEN MONEYSOURCE MORTGAGE COMPANY,2025,Official HMDA Data Browser filers API,matched
54930060KLIQD8MMSB55,Orrstown Bank,2025,Official HMDA Data Browser filers API,matched
54930061FQ5XDACCBW12,"PACIFIC HORIZON BANCORP, INC.",2023,Official HMDA Data Browser filers API,matched
54930061HIZ1MCMEOR72,"BankFinancial, National Association",2025,Official HMDA Data Browser filers API,matched
54930061WAHBLUL0RW61,EverTrust Bank,2023,Official HMDA Data Browser filers API,matched
54930061YDWSR567KC82,Pentucket Bank,2024,Official HMDA Data Browser filers API,matched
549300623VT8YKPHWM78,"ANCHOR LOANS, LP",2025,Official HMDA Data Browser filers API,matched
54930062IKKOJW3K8L94,TRUMARK FINANCIAL CREDIT UNION,2025,Official HMDA Data Browser filers API,matched
54930063578UDYE3JR69,POLARIS HOME FUNDING CORP.,2025,Official HMDA Data Browser filers API,matched
54930063PZ1LD16JBH57,"DREAMLINE MORTGAGE, INC.",2025,Official HMDA Data Browser filers API,matched
54930063XGNMIXS57091,POLICE & FIRE,2025,Official HMDA Data Browser filers API,matched
549300644OBRFUPV7098,SHELTER GROWTH CAPITAL PARTNERS LLC,2023,Official HMDA Data Browser filers API,matched
54930064FQE21RHEG647,EVERGREEN CREDIT UNION,2024,Official HMDA Data Browser filers API,matched
54930064IXFLV6MQAL59,"CROSSFIRE FINANCIAL NETWORK, INC.",2023,Official HMDA Data Browser filers API,matched
54930065B0NVUO52TY13,AmRes Corporation,2025,Official HMDA Data Browser filers API,matched
54930065PWY9N8KCRQ96,Baraboo State Bank,2025,Official HMDA Data Browser filers API,matched
54930065Z1DW0CWIZQ58,CREDIT UNION WEST,2024,Official HMDA Data Browser filers API,matched
54930066LN6QXNO8TY84,First Carolina Bank,2025,Official HMDA Data Browser filers API,matched
549300677KFX04XEUM68,YOUR HOME FINANCIAL LLC,2025,Official HMDA Data Browser filers API,matched
54930067K4Z4NIZ4W068,RIVER WORKS,2025,Official HMDA Data Browser filers API,matched
54930067KY3OO1D8HC58,ASSOCIATED MORTGAGE CORPORATION,2025,Official HMDA Data Browser filers API,matched
54930067OMWEWTHVDO95,"Broadstreet Bank, SSB",2025,Official HMDA Data Browser filers API,matched
549300684I276INJKK63,Southern Heritage Bank,2023,Official HMDA Data Browser filers API,matched
54930068H3KVFOUG0285,OKLAHOMA CENTRAL Credit Union,2024,Official HMDA Data Browser filers API,matched
54930068THUS1PO1LX49,"DHA FINANCIAL, LLC",2024,Official HMDA Data Browser filers API,matched
54930069UB3VEGAQ9661,Bryant Bank,2025,Official HMDA Data Browser filers API,matched
5493006ACVE4WEX8D790,Bank of Deerfield,2024,Official HMDA Data Browser filers API,matched
5493006BN3B3B1H3B988,First Bank,2025,Official HMDA Data Browser filers API,matched
5493006CXHXIFN8Q4S89,KBR HERITAGE FEDERAL CREDIT UNION,2025,Official HMDA Data Browser filers API,matched
5493006D5TDDSA5NA741,Earlham Savings Bank,2023,Official HMDA Data Browser filers API,matched
5493006EB8YM4CB8V697,REDBRAND Credit Union,2025,Official HMDA Data Browser filers API,matched
5493006F1L6NRWMNY260,Hanover Community Bank,2025,Official HMDA Data Browser filers API,matched
5493006F1N8E3EEF3W63,Fremont Bank,2025,Official HMDA Data Browser filers API,matched
5493006FUC5WGWNUXC12,1st Community Credit Union,2024,Official HMDA Data Browser filers API,matched
5493006G148FKG4GC506,Evergreen National Bank,2025,Official HMDA Data Browser filers API,matched
5493006HAFES1LQ18W28,River Bank & Trust,2025,Official HMDA Data Browser filers API,matched
5493006HFDG31YJ3MM36,"MYCUMORTGAGE, LLC",2025,Official HMDA Data Browser filers API,matched
5493006HWKBRUZIDS752,"CIVIC FINANCIAL SERVICES, LLC",2023,Official HMDA Data Browser filers API,matched
5493006IBJS6XC0DFJ29,"The Peoples State Bank of Newton, Illinois",2025,Official HMDA Data Browser filers API,matched
5493006JISETNI0GLE61,Farm Credit Mid-America,2025,Official HMDA Data Browser filers API,matched
5493006JV2DB2OI1FI31,MOCSE Federal Credit Union,2025,Official HMDA Data Browser filers API,matched
5493006KQF5UKZ3Y9N07,First National Bank Texas,2025,Official HMDA Data Browser filers API,matched
5493006L4FQIQFVFNS72,,,Official HMDA Data Browser filers API,unmatched
5493006LCVYJR3AYGA52,"EVO HOME LOANS, LLC",2025,Official HMDA Data Browser filers API,matched
5493006LGHJCBICSE610,WESTMARK Credit Union,2025,Official HMDA Data Browser filers API,matched
5493006LH4LKHY2EIN26,Five Star Bank,2025,Official HMDA Data Browser filers API,matched
5493006MA7WP1WL8U431,VALLEY STRONG CREDIT UNION,2025,Official HMDA Data Browser filers API,matched
5493006MCOP60BBI4G97,Seacoast National Bank,2025,Official HMDA Data Browser filers API,matched
5493006MFBT1AI7V3W25,SERVU FEDERAL CREDIT UNION,2025,Official HMDA Data Browser filers API,matched
5493006MW6O2CE88BD43,MEMBERS 1ST CREDIT UNION,2025,Official HMDA Data Browser filers API,matched
5493006NTCY0P06JR884,Salem Five Cents Savings Bank,2025,Official HMDA Data Browser filers API,matched
5493006O6Q2F0MR0ZM22,Visio Financial Services Inc.,2023,Official HMDA Data Browser filers API,matched
5493006OZEG7DK77IP05,NAVIGATOR CU,2024,Official HMDA Data Browser filers API,matched
5493006P0JVBBAHVXV08,National Exchange Bank and Trust,2025,Official HMDA Data Browser filers API,matched
5493006P5IHSK77SZ855,"SOUTHWEST FUNDING, LP",2025,Official HMDA Data Browser filers API,matched
5493006PPKT0LNNVOC35,Feliciana Bank & Trust Company,2023,Official HMDA Data Browser filers API,matched
5493006Q0EMYD3OJ8N13,BRADESCO BANK,2025,Official HMDA Data Browser filers API,matched
5493006QG55R8V712J33,Red River Bank,2025,Official HMDA Data Browser filers API,matched
5493006R3KP9HJOA7613,PRINCE GEORGE'S COMMUNITY,2024,Official HMDA Data Browser filers API,matched
5493006RIR31ORKYB608,"LAND HOME FINANCIAL SERVICES, INC.",2025,Official HMDA Data Browser filers API,matched
5493006S21NZTF9Y1L04,Farmers & Merchants State Bank,2024,Official HMDA Data Browser filers API,matched
5493006S869XKIESMV41,Mountain America Federal Credit Union,2025,Official HMDA Data Browser filers API,matched
5493006TJ2N1MYD0XD45,Community National Bank,2025,Official HMDA Data Browser filers API,matched
5493006TY8FGNLX44X28,"AXIA FINANCIAL, LLC",2024,Official HMDA Data Browser filers API,matched
5493006VAGP3GQ8FJT49,"Kiavi Funding, Inc.",2025,Official HMDA Data Browser filers API,matched
5493006VCMZ998IGOO33,NATION ONE MORTGAGE CORPORATION,2025,Official HMDA Data Browser filers API,matched
5493006VI8ZWLFWG2K57,JERSEY SHORE,2024,Official HMDA Data Browser filers API,matched
5493006X4VPGZ5GVIB71,Sage Capital Bank,2025,Official HMDA Data Browser filers API,matched
5493006XE7ZLYUW25E11,American Bank of Commerce,2025,Official HMDA Data Browser filers API,matched
5493006XEQ3W7XTQXN65,"BANKING MORTGAGE SERVICES, B.M.S. CORP.",2025,Official HMDA Data Browser filers API,matched
5493006XPYTPLP6BLN10,Alliance Bank Central Texas,2025,Official HMDA Data Browser filers API,matched
5493006Y2YCT81BVTL57,Exchange Bank,2025,Official HMDA Data Browser filers API,matched
5493006YSC5JOGNPMH78,SOUTHLAND CREDIT UNION,2025,Official HMDA Data Browser filers API,matched
5493006Z1T521ODWBA53,NORTHERN CREDIT UNION,2025,Official HMDA Data Browser filers API,matched
5493006ZBGVXBAMCRG16,Florida Credit Union,2025,Official HMDA Data Browser filers API,matched
5493006ZMPVXXUIKYH60,First Heritage Bank,2025,Official HMDA Data Browser filers API,matched
5493006ZPOXWU5V4FT07,Horatio State Bank,2025,Official HMDA Data Browser filers API,matched
5493007074TOVS4FJF21,North Valley Bank,2023,Official HMDA Data Browser filers API,matched
54930070JV4STJJ0XS74,LIGHTHOUSE FEDERAL CREDIT UNION,2025,Official HMDA Data Browser filers API,matched
54930070QGIMJWTCDT08,"HURST REAL ESTATE, INC.",2025,Official HMDA Data Browser filers API,matched
54930072H82Z2RZW3210,AERO Federal Credit Union,2023,Official HMDA Data Browser filers API,matched
54930072OCHTUJOZQB56,Liberty,2025,Official HMDA Data Browser filers API,matched
54930072UFREQ9ZZRG80,PCB Bank,2025,Official HMDA Data Browser filers API,matched
54930072YJBZ4YV3DY74,"MID VALLEY SERVICES, INC.",2025,Official HMDA Data Browser filers API,matched
549300730ZNSQK9EBT50,BluPeak Credit Union,2025,Official HMDA Data Browser filers API,matched
549300746Y6FYNYAGB59,Readlyn Savings Bank,2025,Official HMDA Data Browser filers API,matched
549300748YYU6VG08N83,"Loan Simple, Inc.",2025,Official HMDA Data Browser filers API,matched
54930074FI0I2Q6G5S43,THE FIRST FINANCIAL FEDERAL CREDIT UNION,2025,Official HMDA Data Browser filers API,matched
54930074GUKXKBKNQI12,Progressive Bank,2025,Official HMDA Data Browser filers API,matched
54930074SGHZL5IZGS24,DeMotte State Bank,2023,Official HMDA Data Browser filers API,matched
5493007669OVCSCATP45,TENNESSEE VALLEY FCU,2025,Official HMDA Data Browser filers API,matched
549300767F7CDUJR8Q67,COMMUNITY FIRST CREDIT UNION,2025,Official HMDA Data Browser filers API,matched
54930076IPVDX26EBK58,NBC OKLAHOMA,2025,Official HMDA Data Browser filers API,matched
54930076PACNHY6U9F09,BP Federal Credit Union,2025,Official HMDA Data Browser filers API,matched
54930077BZ6U5AC0NJ12,,,Official HMDA Data Browser filers API,unmatched
54930077D8KXQADF5Q23,"GVC MORTGAGE, INC.",2025,Official HMDA Data Browser filers API,matched
54930077O97ZNP1ECH16,MORTGAGE SOLUTIONS LLC,2025,Official HMDA Data Browser filers API,matched
54930078TNN7GKZ7NU89,"Presidential Bank, FSB",2025,Official HMDA Data Browser filers API,matched
54930079VLB4FPPZ7Y58,First State Bank,2025,Official HMDA Data Browser filers API,matched
5493007ABXGXVK31KE79,PRIMUS LENDING CORP.,2024,Official HMDA Data Browser filers API,matched
5493007ASPHNTEYEZ797,"LENDLO MORTGAGE, LLC",2025,Official HMDA Data Browser filers API,matched
5493007B1GAUZGYHPR07,NUSENDA,2025,Official HMDA Data Browser filers API,matched
5493007B7MEWKMDWUZ73,Guaranty Bank and Trust Company,2025,Official HMDA Data Browser filers API,matched
5493007BMZRJFTKKNV74,Bank of Calhoun County,2025,Official HMDA Data Browser filers API,matched
5493007BX4I89K17ZM64,"ALL REVERSE MORTGAGE, INC.",2025,Official HMDA Data Browser filers API,matched
5493007CLWQN2S6IZK91,"Armed Forces Bank, National Association",2025,Official HMDA Data Browser filers API,matched
5493007CNNPPB1T3TQ21,BELLCO FEDERAL CREDIT UNION,2023,Official HMDA Data Browser filers API,matched
5493007CXTOHZ2JBEJ61,"THE MORTGAGE FIRM, INC.",2025,Official HMDA Data Browser filers API,matched
5493007D8SNLKCBE4P48,Alden State Bank,2025,Official HMDA Data Browser filers API,matched
5493007DIB8YPDM6NR52,MARINE CREDIT UNION,2025,Official HMDA Data Browser filers API,matched
5493007EGI95MEVJ2178,MICHIGAN EDUCATIONAL,2024,Official HMDA Data Browser filers API,matched
5493007FRLGNQEXCGS66,First Nebraska Bank,2024,Official HMDA Data Browser filers API,matched
5493007G2SOD8W9RK547,FIRST NEW YORK,2025,Official HMDA Data Browser filers API,matched
5493007GTTV61V305H74,Drake Bank,2025,Official HMDA Data Browser filers API,matched
5493007H0KZ81N1H6352,Monson Savings Bank,2025,Official HMDA Data Browser filers API,matched
5493007I0X1GRWIU8B34,AMERICA FIRST Federal Credit Union,2025,Official HMDA Data Browser filers API,matched
5493007IES1RWVUDDU23,Guaranty Bank,2025,Official HMDA Data Browser filers API,matched
5493007JVSQYT5Y2V066,"Guaranty Bank & Trust Company of Delhi, Louisiana",2024,Official HMDA Data Browser filers API,matched
5493007K6HGI9G0ECX16,Preferred Bank,2025,Official HMDA Data Browser filers API,matched
5493007KC6RR4UC6S050,Security Bank,2025,Official HMDA Data Browser filers API,matched
5493007KLU19FK8PG279,NATIONAL INSTITUTES OF HEALTH FEDERAL CREDIT UNION,2025,Official HMDA Data Browser filers API,matched
5493007KYI3BO5LTXF79,Meridian Trust Federal Credit Union,2025,Official HMDA Data Browser filers API,matched
5493007L3DI2JM8OHN91,"MEMBER ADVANTAGE MORTGAGE, LLC",2025,Official HMDA Data Browser filers API,matched
5493007L4GYNO2PUBS09,"MEMBER FIRST MORTGAGE, LLC",2025,Official HMDA Data Browser filers API,matched
5493007LCGK7U7USNX41,"LOANSNAP, INC.",2023,Official HMDA Data Browser filers API,matched
5493007LG15SP6QAWL48,Union State Bank,2025,Official HMDA Data Browser filers API,matched
5493007LU04D28P9RD79,American Heritage Bank,2025,Official HMDA Data Browser filers API,matched
5493007LUU2DLS755O60,Centra Credit Union,2025,Official HMDA Data Browser filers API,matched
5493007MVCEU8QCNWC60,Rio Bank,2025,Official HMDA Data Browser filers API,matched
5493007NQFYTLJ0O4M47,DECATUR EARTHMOVER CREDIT UNION,2025,Official HMDA Data Browser filers API,matched
5493007NUZE2Z68U3P36,Premier Bank,2023,Official HMDA Data Browser filers API,matched
5493007O5KJGDP4CB858,"Eastern Savings Bank, FSB",2025,Official HMDA Data Browser filers API,matched
5493007O9PUUYS1SVR64,MidSouth Bank,2025,Official HMDA Data Browser filers API,matched
5493007OXXFLNNHTW637,ASSEMBLIES OF GOD Credit Union,2025,Official HMDA Data Browser filers API,matched
5493007PAE4JN4B5BX31,"UNITED PREMIER FUNDING, LLC",2025,Official HMDA Data Browser filers API,matched
5493007QQN71GJLL1I68,MORTGAGE VINTAGE INC.,2024,Official HMDA Data Browser filers API,matched
5493007RCYAICJL91Z44,Security National Bank of Omaha,2025,Official HMDA Data Browser filers API,matched
5493007SZD2OVPMXT217,The Middlefield Banking Company,2024,Official HMDA Data Browser filers API,matched
5493007TJ86W1ZK4LZ15,First Community Bank,2024,Official HMDA Data Browser filers API,matched
5493007TLZJ73TKCO730,MERCHANTS CAPITAL CORP.,2025,Official HMDA Data Browser filers API,matched
5493007U8EFNQS3VJQ70,ALLEGIANCE Federal Credit Union,2024,Official HMDA Data Browser filers API,matched
5493007US5XO6WCOMQ49,SENB Bank,2023,Official HMDA Data Browser filers API,matched
5493007UW5GSKHED2095,CS Bank,2023,Official HMDA Data Browser filers API,matched
5493007V8ZEVXWVS3567,Cross River Bank,2024,Official HMDA Data Browser filers API,matched
5493007VDBJSG0E0S678,"Tradition Mortgage, LLC",2025,Official HMDA Data Browser filers API,matched
5493007VDE1SMI6Z0Q04,"VISION ONE MORTGAGE, INC.",2025,Official HMDA Data Browser filers API,matched
5493007VGBHF6SRXRR53,TECHNOLOGY CREDIT UNION,2025,Official HMDA Data Browser filers API,matched
5493007VODM6C3GLTV93,INSOUTH Bank,2024,Official HMDA Data Browser filers API,matched
5493007VW2EU20PZYU97,INSPIRE HOME LOANS INC.,2025,Official HMDA Data Browser filers API,matched
5493007W3FAWZ3EYNP10,AB COMMUNITY INVESTMENT COMPANY,2025,Official HMDA Data Browser filers API,matched
5493007WCJ9R6VLLYR82,First National Bank,2025,Official HMDA Data Browser filers API,matched
5493007WEU5TWM8J0Z93,PARAGON HOME LOANS INC.,2024,Official HMDA Data Browser filers API,matched
5493007WNCT2YQ8O4H14,FLORIDA CENTRAL CREDIT UNION,2025,Official HMDA Data Browser filers API,matched
5493007WOQE7MEFUB492,Texas First Bank,2025,Official HMDA Data Browser filers API,matched
5493007WZXR2YE227I23,"Blue Ridge Bank, National Association",2025,Official HMDA Data Browser filers API,matched
5493007X0QZ825CCEZ27,ENERGY CAPITAL CREDIT UNION,2024,Official HMDA Data Browser filers API,matched
5493007XAKU2Q6LGXD23,UNIVERSITY Federal Credit Union,2025,Official HMDA Data Browser filers API,matched
5493007XQ4LU452LQJ67,COMMUNITY FINANCIAL CREDIT UNION,2025,Official HMDA Data Browser filers API,matched
5493007XRAHUC7QUVO11,The First National Bank of Granbury,2025,Official HMDA Data Browser filers API,matched
5493007XV974105FQA68,BRIDGEVIEW MORTGAGE CORP.,2024,Official HMDA Data Browser filers API,matched
5493007XXF5AWOEWTU94,Mutual Federal Bank,2025,Official HMDA Data Browser filers API,matched
5493007YN2BYYXCI7W64,"BANKWEST, INC.",2025,Official HMDA Data Browser filers API,matched
5493007YWPQ2TU6YIG45,Magnolia State Bank,2024,Official HMDA Data Browser filers API,matched
5493007Z7FTUKQGFMZ98,GREYSTONE SERVICING COMPANY LLC,2025,Official HMDA Data Browser filers API,matched
5493007ZMQ2ZFZA66L83,WestStar Bank,2023,Official HMDA Data Browser filers API,matched
5493007ZN3JNCBPMI730,"Morgantown Bank & Trust Company, Incorporated",2025,Official HMDA Data Browser filers API,matched
5493007ZX1MGMF18FN43,The Peoples Bank of Georgia,2025,Official HMDA Data Browser filers API,matched
54930080168VA6Z8UX21,TOWER Federal Credit Union,2025,Official HMDA Data Browser filers API,matched
54930080GH2G8DISFG28,First Southern Bank,2025,Official HMDA Data Browser filers API,matched
54930080KJR5G1HZVI89,First National Bank and Trust Company of Ardmore,2025,Official HMDA Data Browser filers API,matched
54930082GM1TWV6QVI24,"Bremer Bank, National Association",2025,Official HMDA Data Browser filers API,matched
54930082VCNY40XPOB62,The First National Bank of Jeanerette,2024,Official HMDA Data Browser filers API,matched
54930084WKZ9NTQ0QS94,Iroquois Federal Savings and Loan Association,2025,Official HMDA Data Browser filers API,matched
549300850R07HZO8MY41,BNB FINANCIAL INC.,2025,Official HMDA Data Browser filers API,matched
54930085BPQMVH9JFX69,HUDSON VALLEY CREDIT UNION,2025,Official HMDA Data Browser filers API,matched
5493008615GHD3IQ8V72,"GRACE HOME LENDING, LLC",2025,Official HMDA Data Browser filers API,matched
54930087BYCGOODQ7P92,SSB Bank,2025,Official HMDA Data Browser filers API,matched
54930087FQP1S845Z665,"VeraBank, National Association",2025,Official HMDA Data Browser filers API,matched
54930087JNDLPJWOLV11,THE VINTON COUNTY NATIONAL BANK,2025,Official HMDA Data Browser filers API,matched
54930089R5VSN6GVCK47,SouthEast Bank,2024,Official HMDA Data Browser filers API,matched
54930089UXPZ6O3RHG71,AmeriServ Financial Bank,2025,Official HMDA Data Browser filers API,matched
54930089Y8VTOF8RPD25,1st Colonial Community Bank,2025,Official HMDA Data Browser filers API,matched
5493008B783OSGFDLN78,MIDLAND MORTGAGE CORPORATION,2023,Official HMDA Data Browser filers API,matched
5493008BSTI0PQR0IL08,Superior Choice Credit Union,2025,Official HMDA Data Browser filers API,matched
5493008CIXOTKUFPFW43,Heartland National Bank,2024,Official HMDA Data Browser filers API,matched
5493008CPTDVOS570626,Third Federal Savings and Loan Association of Cleveland,2025,Official HMDA Data Browser filers API,matched
5493008E3WZYM5146L29,Farmers and Merchants Trust Company of Chambersburg,2024,Official HMDA Data Browser filers API,matched
5493008E4KBJCB6UKR64,"DATA MORTGAGE, INC.",2025,Official HMDA Data Browser filers API,matched
5493008EOM1VM8BBK206,MEMBERS CHOICE,2025,Official HMDA Data Browser filers API,matched
5493008ETVHBTJEF0O91,Central Bank,2025,Official HMDA Data Browser filers API,matched
5493008EWJQJ6SK2V234,"TrustTexas Bank, SSB",2025,Official HMDA Data Browser filers API,matched
5493008FJUGC53MGWP13,Savannah Bank National Association,2025,Official HMDA Data Browser filers API,matched
5493008FPN8F9BYJA171,"Gateway Bank, F.S.B.",2023,Official HMDA Data Browser filers API,matched
5493008G8ZYIEPB4CZ17,TIDEMARK FEDERAL CREDIT UNION,2024,Official HMDA Data Browser filers API,matched
5493008GTOZI3HQKE634,Ulster Savings Bank,2025,Official HMDA Data Browser filers API,matched
5493008H68QG2A0MK376,First Commercial Bank (USA),2025,Official HMDA Data Browser filers API,matched
5493008HV53MEILG2D59,Parke Bank,2025,Official HMDA Data Browser filers API,matched
5493008HZMBEJQEY0J72,First Federal Savings and Loan Bank,2024,Official HMDA Data Browser filers API,matched
5493008I5A5R6730MQ84,"SECURITY HOME MORTGAGE, LLC.",2025,Official HMDA Data Browser filers API,matched
5493008ICL5D7TS4CI35,"SUPERIOR FINANCIAL SOLUTIONS, LLC",2025,Official HMDA Data Browser filers API,matched
5493008JDUT3R3K1LZ58,Community Bank,2025,Official HMDA Data Browser filers API,matched
5493008JECR4UE0WVR04,"MORTGAGE EXPRESS, LLC",2025,Official HMDA Data Browser filers API,matched
5493008JUW0FLRMO0W64,M SQUARED FINANCIAL LLC,2025,Official HMDA Data Browser filers API,matched
5493008L7BNNEPSS6V79,Citizens State Bank of La Crosse,2024,Official HMDA Data Browser filers API,matched
5493008L9O5NV7EAK360,BELLCO CREDIT UNION,2025,Official HMDA Data Browser filers API,matched
5493008LMXP14HBMBK78,TS Bank,2023,Official HMDA Data Browser filers API,matched
5493008LTXJSUQBJKO24,AFL CIO EMPLOYEES FEDERAL CREDIT UNION,2025,Official HMDA Data Browser filers API,matched
5493008MFIR0PTRGGL44,Franklin Bank & Trust Company,2025,Official HMDA Data Browser filers API,matched
5493008MLNFTWNSBXB88,St. Louis Bank,2025,Official HMDA Data Browser filers API,matched
5493008N1D96CHCTQC27,SECURITY SERVICE FEDERAL CREDIT UNION,2025,Official HMDA Data Browser filers API,matched
5493008NQVB5ZOWYNU83,CREDIT UNION ONE,2025,Official HMDA Data Browser filers API,matched
5493008NWHQT1R22C024,"AMERICAN FINANCIAL NETWORK, INC.",2025,Official HMDA Data Browser filers API,matched
5493008OE5JXNTGWD962,The First Bank,2024,Official HMDA Data Browser filers API,matched
5493008OT4ENLBQE0648,Eureka Savings Bank,2025,Official HMDA Data Browser filers API,matched
5493008P3PCRZRS39T50,South Georgia Banking Company,2025,Official HMDA Data Browser filers API,matched
5493008P6YO2KM3EO556,The Dart Bank,2025,Official HMDA Data Browser filers API,matched
5493008PQSMR41Y70C36,"AMERANT MORTGAGE, LLC",2025,Official HMDA Data Browser filers API,matched
5493008Q2ZM3OTLTQH25,Direct Federal Credit Union,2025,Official HMDA Data Browser filers API,matched
5493008R64K2UUN2NP30,"Austin Bank, Texas National Association",2025,Official HMDA Data Browser filers API,matched
5493008RNHC5I1E3IZ56,Broadview Federal Credit Union,2025,Official HMDA Data Browser filers API,matched
5493008RQ8SRLTLRWX62,Bogota Savings Bank,2025,Official HMDA Data Browser filers API,matched
5493008RSN6F31BTGT93,Gulf Coast Bank and Trust Company,2025,Official HMDA Data Browser filers API,matched
5493008S3V47SHFD8R45,"RED DIAMOND HOME LOANS, LLC",2023,Official HMDA Data Browser filers API,matched
5493008SP1FN4D81IS17,Toyota Financial Savings Bank,2025,Official HMDA Data Browser filers API,matched
5493008SV4X2EID9J711,"Cambria Financial Group, LLC",2025,Official HMDA Data Browser filers API,matched
5493008SW1LBUJBOD283,Integrity Bank & Trust,2024,Official HMDA Data Browser filers API,matched
5493008T2QQO3QJ0EM38,"CADENCE LENDING GROUP, INC.",2025,Official HMDA Data Browser filers API,matched
5493008TK613NXC2EN84,Blue Foundry Bank,2023,Official HMDA Data Browser filers API,matched
5493008TO7JB5Q4IKZ94,HUNT MORTGAGE CORPORATION,2025,Official HMDA Data Browser filers API,matched
5493008UZWYHK74O4341,G.P.O. Federal Credit Union,2025,Official HMDA Data Browser filers API,matched
5493008VCYW25D52ZC98,"ARK MORTGAGE, INC.",2025,Official HMDA Data Browser filers API,matched
5493008VVXQIDO1EZ460,"SUMMIT FUNDING, INC.",2025,Official HMDA Data Browser filers API,matched
5493008WHMQTG21UHU90,LONG BEACH CITY EMPLOYEES Federal Credit Union,2025,Official HMDA Data Browser filers API,matched
5493008WWKO0RD22RN65,United Bank of Union,2025,Official HMDA Data Browser filers API,matched
5493008XQDQ2YZPQKX53,"PROVINCE MORTGAGE ASSOCIATES, INC.",2025,Official HMDA Data Browser filers API,matched
5493008XX3NZ5S384W16,U. T. Federal Credit Union,2025,Official HMDA Data Browser filers API,matched
5493008YOT5ACN2UNP66,"FIRST WESTERN MORTGAGE, INC.",2025,Official HMDA Data Browser filers API,matched
5493008YZRSEXRIR3I97,Emblem Credit Union,2025,Official HMDA Data Browser filers API,matched
5493008ZGI6EQ8RHPQ04,The State Bank,2024,Official HMDA Data Browser filers API,matched
5493008ZTV4S0W9DCX64,"GENWAY HOME MORTGAGE, INC.",2025,Official HMDA Data Browser filers API,matched
549300911X1OUPJU7Y90,Citizens State Bank,2025,Official HMDA Data Browser filers API,matched
549300916KMYQ118CX89,"RESOURCE FINANCIAL SERVICES, INC.",2025,Official HMDA Data Browser filers API,matched
54930091CYUK2SDZ6D37,"PFN Lending Group, Inc.",2025,Official HMDA Data Browser filers API,matched
54930091IM32ECQG7562,Peoples Bank and Trust Company,2025,Official HMDA Data Browser filers API,matched
54930091JQKCU3Z6IP44,"LENDINGONE, LLC",2025,Official HMDA Data Browser filers API,matched
54930094EUD08LZEJR51,Gibsland Bank & Trust Company,2025,Official HMDA Data Browser filers API,matched
54930095LY1EDFTWAG29,Builtwell Bank,2025,Official HMDA Data Browser filers API,matched
54930095UWUUXAWASB02,"Atlantic Coast Mortgage, LLC",2025,Official HMDA Data Browser filers API,matched
54930097J3TUZXBXXE75,HAPO COMMUNITY CREDIT UNION,2025,Official HMDA Data Browser filers API,matched
549300981UHFORU1HG39,MIAMI UNIVERSITY COMMUNITY,2023,Official HMDA Data Browser filers API,matched
54930098QK48NVYBZC62,EZ FUNDINGS INC.,2025,Official HMDA Data Browser filers API,matched
54930098WTIWNSB1OV47,Community State Bank,2025,Official HMDA Data Browser filers API,matched
54930099BVD0E448JX38,Arbor Bank,2025,Official HMDA Data Browser filers API,matched
5493009B17HXCVXTD608,"JMAC LENDING, INC.",2025,Official HMDA Data Browser filers API,matched
5493009BD405QQTMXO12,TOLL BROTHERS MORTGAGE COMPANY,2025,Official HMDA Data Browser filers API,matched
5493009BOQDC6PCFR785,"NBT Bank, National Association",2025,Official HMDA Data Browser filers API,matched
5493009CYWXD5RBPIX14,CALTECH EMPLOYEES FEDERAL CREDIT UNION,2025,Official HMDA Data Browser filers API,matched
5493009D2COWW65B8673,NORTHROP GRUMMAN Federal Credit Union,2025,Official HMDA Data Browser filers API,matched
5493009D7ZK3I86CJC09,Points West Community Bank,2023,Official HMDA Data Browser filers API,matched
5493009DQQ81725XIJ49,Five Points Bank,2025,Official HMDA Data Browser filers API,matched
5493009F6BJDCZMZ7Y26,"MORTGAGE FINANCIAL SERVICES, LLC",2025,Official HMDA Data Browser filers API,matched
5493009HFRW3TN5NRR78,1st Summit Bank,2025,Official HMDA Data Browser filers API,matched
5493009HUMWCHFRDKF12,SAMMAMISH MORTGAGE COMPANY,2025,Official HMDA Data Browser filers API,matched
5493009JEKX81THMLH86,ATLANTIC REGIONAL FEDERAL CREDIT UNION,2025,Official HMDA Data Browser filers API,matched
5493009JZ6NIQL6RQT28,HIGHMARK Federal Credit Union,2024,Official HMDA Data Browser filers API,matched
5493009KQ3D6Q5VM0B61,Publix Employees Federal Credit Union,2025,Official HMDA Data Browser filers API,matched
5493009KSPF2426CPQ08,CROWN MORTGAGE COMPANY,2025,Official HMDA Data Browser filers API,matched
5493009L8OBHJQW5DQ13,Sentry Bank,2024,Official HMDA Data Browser filers API,matched
5493009LKZIV63KY6458,"Virginia Credit Union, Inc.",2025,Official HMDA Data Browser filers API,matched
5493009LZZ8VZRVIX755,Vista Bank,2025,Official HMDA Data Browser filers API,matched
5493009NZUFSRFRWTY71,RED ROCKS Credit Union,2025,Official HMDA Data Browser filers API,matched
5493009OHBOFDUG78546,PARTNER COLORADO,2025,Official HMDA Data Browser filers API,matched
5493009OLY1HC3F0SB77,"WILLIAM RAVEIS MORTGAGE, LLC",2025,Official HMDA Data Browser filers API,matched
5493009PLGT79KQ6HO15,Access Bank,2025,Official HMDA Data Browser filers API,matched
5493009QYNVEZ9VDJU57,Peak Residential Lending Inc,2025,Official HMDA Data Browser filers API,matched
5493009RSCJ6Y7LUWJ31,FEDERATED MORTGAGE CORP.,2025,Official HMDA Data Browser filers API,matched
5493009SXBJ8LKIU7Q54,CoreFirst Bank & Trust,2023,Official HMDA Data Browser filers API,matched
5493009U3Z7T32DXL565,Quaint Oak Bank,2023,Official HMDA Data Browser filers API,matched
5493009U7VIT7UF4QH15,ONTARIO SHORES,2025,Official HMDA Data Browser filers API,matched
5493009V3WNJX9V2GZ85,FirstBank,2025,Official HMDA Data Browser filers API,matched
5493009X5Z27VV479310,"A + MORTGAGE SERVICES, INC.",2025,Official HMDA Data Browser filers API,matched
5493009XSE00M8B9R434,"COUNTRYPLACE MORTGAGE, LTD.",2025,Official HMDA Data Browser filers API,matched
5493009Y8ROUG903AQ21,STANFORD Federal Credit Union,2025,Official HMDA Data Browser filers API,matched
5493009ZFRBMAYWB2F82,The Moody National Bank,2025,Official HMDA Data Browser filers API,matched
5493009ZQ1VZ1HZCL108,West Town Bank & Trust,2023,Official HMDA Data Browser filers API,matched
549300A03BP6F4DI7N56,GCS Credit Union,2025,Official HMDA Data Browser filers API,matched
549300A0NYWCTG5X8Y25,John Marshall Bank,2023,Official HMDA Data Browser filers API,matched
549300A0SVCQJPHVGV20,ALTRA Federal Credit Union,2025,Official HMDA Data Browser filers API,matched
549300A23PXRZCMYM504,TCT Federal Credit Union,2023,Official HMDA Data Browser filers API,matched
549300A2N0IEBKSB5I23,"Guaranty Bank & Trust, N.A.",2025,Official HMDA Data Browser filers API,matched
549300A4SPX2JOQ71791,MERCK SHARP & DOHME FEDERAL CREDIT UNION,2025,Official HMDA Data Browser filers API,matched
549300A4ZI1DF2OO1B51,MERIWEST,2025,Official HMDA Data Browser filers API,matched
549300A5HHOL2ED18C72,AMERITRUST MORTGAGE CORPORATION,2025,Official HMDA Data Browser filers API,matched
549300A68YW07V5R5G22,FUNDLOANS CAPITAL,2025,Official HMDA Data Browser filers API,matched
549300A7BPOO2YO2YE30,Montecito Bank & Trust,2025,Official HMDA Data Browser filers API,matched
549300A7W1NQ3BYZCB68,Bank Independent,2025,Official HMDA Data Browser filers API,matched
549300A7YGYUVVWJ2M57,LYNX MORTGAGE BANK LLC,2025,Official HMDA Data Browser filers API,matched
549300A81K8K8KJR9759,"PyraMax Bank, FSB",2024,Official HMDA Data Browser filers API,matched
549300A8TEVE8WYT0T29,ABILENE TEACHERS Federal Credit Union,2025,Official HMDA Data Browser filers API,matched
549300AAWFEC6CRH6N89,"LANTZMAN MANAGEMENT, INC.",2025,Official HMDA Data Browser filers API,matched
549300ABHFY5HY2P3871,COASTLIFE CREDIT UNION,2025,Official HMDA Data Browser filers API,matched
549300AENO88GEUWCZ39,"Luminate Home Loans, Inc.",2025,Official HMDA Data Browser filers API,matched
549300AEULLVYD8L9B04,BARINGS MULTIFAMILY CAPITAL LLC,2025,Official HMDA Data Browser filers API,matched
549300AFD1IR7H2CES48,The Nodaway Valley Bank,2023,Official HMDA Data Browser filers API,matched
549300AG10BX85DF5S49,MLD MORTGAGE INC.,2025,Official HMDA Data Browser filers API,matched
549300AG64NHILB7ZP05,"Loandepot.Com, LLC",2025,Official HMDA Data Browser filers API,matched
549300AH6CHRCS9EMF95,RIVERSTONE BANK,2024,Official HMDA Data Browser filers API,matched
549300AHVQ1LDFNP8P69,Inwood National Bank,2025,Official HMDA Data Browser filers API,matched
549300AIZH87CMSYX861,AltaOne Federal Credit Union,2024,Official HMDA Data Browser filers API,matched
549300AJ6XFK1ACXWQ06,Edmonton State Bank,2023,Official HMDA Data Browser filers API,matched
549300ALAL7EW71UE133,West Texas National Bank,2025,Official HMDA Data Browser filers API,matched
549300ALNLUNS3Y53T24,AMERICAN FINANCING CORPORATION,2025,Official HMDA Data Browser filers API,matched
549300AN5V81GRYDJ823,FEDCHOICE Federal Credit Union,2025,Official HMDA Data Browser filers API,matched
549300ANE43ZL0O8VZ13,First State Bank of Blakely,2025,Official HMDA Data Browser filers API,matched
549300ANF834QIIFUE57,"A & N MORTGAGE SERVICES, INC.",2025,Official HMDA Data Browser filers API,matched
549300ANTUZH5AQQXR02,ST. CLOUD FINANCIAL,2025,Official HMDA Data Browser filers API,matched
549300AO417FCNJGKM49,First State Bank and Trust,2025,Official HMDA Data Browser filers API,matched
549300AOB4S7B0DB7863,JUSTICE Federal Credit Union,2025,Official HMDA Data Browser filers API,matched
549300AQ3T62GXDU7D76,GUILD MORTGAGE COMPANY,2025,Official HMDA Data Browser filers API,matched
549300AQ83ZR1PW5DB53,"American Bank and Trust Company, National Association",2025,Official HMDA Data Browser filers API,matched
549300AQN2CY1MGE3J02,UNIVERSITY OF MICHIGAN CREDIT UNION,2024,Official HMDA Data Browser filers API,matched
549300AR1PZJHZ7BYH72,Labette Bank,2025,Official HMDA Data Browser filers API,matched
549300AR337B2RGP3C69,Legacy National Bank,2025,Official HMDA Data Browser filers API,matched
549300AR4BCLQFU47165,I. H. MISSISSIPPI VALLEY CREDIT UNION,2025,Official HMDA Data Browser filers API,matched
549300ASFUWYQO0RW077,"ARBOR REALTY TRUST, INC.",2025,Official HMDA Data Browser filers API,matched
549300ASIS4D2QDWH380,Amarillo National Bank,2025,Official HMDA Data Browser filers API,matched
549300AT4QWHFZ83D635,VENTURA COUNTY CREDIT UNION,2025,Official HMDA Data Browser filers API,matched
549300AT7EB9FJAF0E61,Old National Bank,2025,Official HMDA Data Browser filers API,matched
549300AT7S7TRS2KSX88,"1ST FINANCIAL, INC.",2025,Official HMDA Data Browser filers API,matched
549300AUFLERO59VGC71,"Home State Bank, National Association",2025,Official HMDA Data Browser filers API,matched
549300AUL77A8UKADB04,ROBINS FINANCIAL,2025,Official HMDA Data Browser filers API,matched
549300AV8QD552DSI743,"NORTHMARQ CAPITAL FINANCE, L.L.C.",2025,Official HMDA Data Browser filers API,matched
549300AWVW2ZYIVA5297,THE OLD FORT BANKING COMPANY,2025,Official HMDA Data Browser filers API,matched
549300AX5UMUZ61L1X54,UTILITIES EMPLOYEES CREDIT UNION,2025,Official HMDA Data Browser filers API,matched
549300AY1W8F91VLTB05,"STATE EMPLOYEES CREDIT UNION OF MARYLAND, INCORPORATED",2025,Official HMDA Data Browser filers API,matched
549300AZ4UOXI3Q53W34,A+ Federal Credit Union,2025,Official HMDA Data Browser filers API,matched
549300AZBM8V8SE0IT33,Park Federal Credit Union,2024,Official HMDA Data Browser filers API,matched
549300B0HNWBV7RX2661,Financial Partners Credit Union,2025,Official HMDA Data Browser filers API,matched
549300B0SOOJLUT6U297,United Texas Credit Union,2025,Official HMDA Data Browser filers API,matched
549300B190GPYLAX3Y92,American First National Bank,2025,Official HMDA Data Browser filers API,matched
549300B2JJHSM77T5Y41,LIBERTY HOME MORTGAGE CORPORATION,2025,Official HMDA Data Browser filers API,matched
549300B3BEP9WW99IR76,Citizens State Bank,2025,Official HMDA Data Browser filers API,matched
549300B3J2ZHX7QFH171,"North Shore Bank, a Co-operative Bank",2023,Official HMDA Data Browser filers API,matched
549300B3LJV7BU7IY610,First National Bank of Central Texas,2025,Official HMDA Data Browser filers API,matched
549300B4IYL7TZT8FA34,"PREMIER MORTGAGE RESOURCES, L.L.C.",2025,Official HMDA Data Browser filers API,matched
549300B4JDSKWJR1NR35,HOME FUNDING CORPORATION,2025,Official HMDA Data Browser filers API,matched
549300B5RA7BRG1R2728,GREENVILLE,2025,Official HMDA Data Browser filers API,matched
549300B63HUNVIWL5V50,American National Bank - Fox Cities,2025,Official HMDA Data Browser filers API,matched
549300B6UWNP01JH6452,Sauk Valley Bank & Trust Company,2025,Official HMDA Data Browser filers API,matched
549300B7YGT5O5MJ7M45,FORT WORTH COMMUNITY CREDIT UNION,2025,Official HMDA Data Browser filers API,matched
549300B81YWV4GBENI49,First Internet Bank of Indiana,2023,Official HMDA Data Browser filers API,matched
549300B8C23BCNGJ4960,COMMUNITY BANC MORTGAGE CORPORATION,2025,Official HMDA Data Browser filers API,matched
549300B8JQ9XD5FQQH32,"Citizens Bank & Trust Company of Vivian, Louisiana",2025,Official HMDA Data Browser filers API,matched
549300B8JSCK4ZNVX087,MAX Credit Union,2025,Official HMDA Data Browser filers API,matched
549300B92DSVIKGP5T53,Hoyne Savings Bank,2025,Official HMDA Data Browser filers API,matched
549300B934MYWT57IX38,Lake Elmo Bank,2024,Official HMDA Data Browser filers API,matched
549300B95782G2DYRD47,Lakeside Bank,2023,Official HMDA Data Browser filers API,matched
549300BAZS5RZ8O98A51,POWER FINANCIAL,2025,Official HMDA Data Browser filers API,matched
549300BB4LSE4JRRGV15,Choice Financial Group,2025,Official HMDA Data Browser filers API,matched
549300BBKMRS6J0CB539,AMERICAN PORTFOLIO MORTGAGE CORPORATION,2025,Official HMDA Data Browser filers API,matched
549300BCHY7VFHESOE22,"GREENTREE MORTGAGE COMPANY, L.P.",2024,Official HMDA Data Browser filers API,matched
549300BDFK1ZR5QSYO15,TEXELL Credit Union,2025,Official HMDA Data Browser filers API,matched
549300BDHZAV4ZQHQV19,GOLDENWEST,2025,Official HMDA Data Browser filers API,matched
549300BDZCCADL2HG292,Wallkill Valley Federal Savings and Loan Association,2025,Official HMDA Data Browser filers API,matched
549300BEFX6JRSCS5N78,Centennial Bank,2025,Official HMDA Data Browser filers API,matched
549300BEM32ZRV7MJ178,Southside Bank,2025,Official HMDA Data Browser filers API,matched
549300BES7HNVKCDIM50,"American Savings Bank, FSB",2025,Official HMDA Data Browser filers API,matched
549300BEXTNMA3CARO05,Financial Federal Bank,2025,Official HMDA Data Browser filers API,matched
549300BF788YRGP1OB53,COAST ONE MORTGAGE LLC,2025,Official HMDA Data Browser filers API,matched
549300BFJ8COFCPOMU05,SOVEREIGN LENDING GROUP INCORPORATED,2024,Official HMDA Data Browser filers API,matched
549300BFT56DKVQ9BL15,CENTRICITY Credit Union,2024,Official HMDA Data Browser filers API,matched
549300BFTWW1HFL7JF90,"Cendera Bank, National Association",2023,Official HMDA Data Browser filers API,matched
549300BG31WZXGJRH472,Texas National Bank,2025,Official HMDA Data Browser filers API,matched
549300BGIT0LFI12Z304,"Security Bank, s.b.",2025,Official HMDA Data Browser filers API,matched
549300BHPLBG0CXKTL06,Clearview Federal Credit Union,2025,Official HMDA Data Browser filers API,matched
549300BI6NZRN6BCGT52,Community Bank of Missouri,2023,Official HMDA Data Browser filers API,matched
549300BK51FTOVBDMC15,The Bradford National Bank of Greenville,2025,Official HMDA Data Browser filers API,matched
549300BKCQISE9PR4J88,TOWN & COUNTRY FEDERAL CREDIT UNION,2024,Official HMDA Data Browser filers API,matched
549300BKWR5OM8PWIN62,"FIDELITY DIRECT MORTGAGE, LLC",2025,Official HMDA Data Browser filers API,matched
549300BLL6VL7AXWYP56,CHURCHILL MORTGAGE CORPORATION,2025,Official HMDA Data Browser filers API,matched
549300BLY7T77VMK2263,Catlin Bank,2023,Official HMDA Data Browser filers API,matched
549300BM4NS8HDJT3X28,"INTERCOASTAL MORTGAGE, LLC",2025,Official HMDA Data Browser filers API,matched
549300BM59EMYEJ5Q179,The Fountain Trust Company,2025,Official HMDA Data Browser filers API,matched
549300BMJCCKS0LIQJ45,HORIZON UTAH Federal Credit Union,2025,Official HMDA Data Browser filers API,matched
549300BN4MNW5KE16X83,Northfield Bank,2025,Official HMDA Data Browser filers API,matched
549300BNZVNK1XN85P72,American State Bank,2025,Official HMDA Data Browser filers API,matched
549300BO5UTSDB76V724,The Havana National Bank,2025,Official HMDA Data Browser filers API,matched
549300BOLK89ZL7BNX85,UTAH COMMUNITY FEDERAL CREDIT UNION,2025,Official HMDA Data Browser filers API,matched
549300BOONATEIE9GC38,1ST COMMUNITY FEDERAL CREDIT UNION,2025,Official HMDA Data Browser filers API,matched
549300BOX0L2YKKXKO38,Mechanics Cooperative Bank,2024,Official HMDA Data Browser filers API,matched
549300BOXNV8VLRBDT24,"AMERICAN INTERNET MORTGAGE, INC.",2025,Official HMDA Data Browser filers API,matched
549300BOYV1JVWTO8O89,Solvay Bank,2025,Official HMDA Data Browser filers API,matched
549300BPDFS1CLV7K329,CAMPUS USA CREDIT UNION,2025,Official HMDA Data Browser filers API,matched
549300BPOIHOHG3TPP54,The Port Washington State Bank,2025,Official HMDA Data Browser filers API,matched
549300BPU3QTJ3ZRVE07,Western National Bank,2023,Official HMDA Data Browser filers API,matched
549300BQPSF250Q8KQ79,ON TAP CREDIT UNION,2025,Official HMDA Data Browser filers API,matched
549300BR7OTD25RTS027,BankFirst Financial Services,2025,Official HMDA Data Browser filers API,matched
549300BREPLU2KKPI102,The First National Bank of Fort Smith,2025,Official HMDA Data Browser filers API,matched
549300BRLQAIJ1LJA253,"Bank First, N.A.",2025,Official HMDA Data Browser filers API,matched
549300BRR67NLTQSBT29,"HOME TOWN FUNDING, INC.",2025,Official HMDA Data Browser filers API,matched
549300BRSSSUNB0U6552,"American Bank, National Association",2025,Official HMDA Data Browser filers API,matched
549300BSIYFJ3FALVK78,PROFED CREDIT UNION,2025,Official HMDA Data Browser filers API,matched
549300BSTNYSV3EWYM24,Regent Bank,2025,Official HMDA Data Browser filers API,matched
549300BTD4RDILZY5V14,HTLF Bank,2024,Official HMDA Data Browser filers API,matched
549300BTFTXJ72LSIY30,"PINNACLE MORTGAGE, INC.",2025,Official HMDA Data Browser filers API,matched
549300BTTIQWNC2CFA21,LGE COMMUNITY CREDIT UNION,2024,Official HMDA Data Browser filers API,matched
549300BTTR873E71L054,Integrity Home Mortgage Corporation,2025,Official HMDA Data Browser filers API,matched
549300BUI90VIS0HE078,"Nextres, LLC",2025,Official HMDA Data Browser filers API,matched
549300BUIG4G67S5O712,WESTERLY COMMUNITY,2024,Official HMDA Data Browser filers API,matched
549300BUNVNXN3U3OF88,Security State Bank,2024,Official HMDA Data Browser filers API,matched
549300BWFA5UY7H4WJ62,C & F Mortgage Corporation,2025,Official HMDA Data Browser filers API,matched
549300BWRXVFSDCUUY93,Community First Bank,2025,Official HMDA Data Browser filers API,matched
549300BWXUPDS3PDOL40,West Alabama Bank & Trust,2025,Official HMDA Data Browser filers API,matched
549300BWXVTVB5RRZN58,"HOME FINANCING CENTER, INC.",2025,Official HMDA Data Browser filers API,matched
549300BX448ALT10FI43,The Federal Savings Bank,2025,Official HMDA Data Browser filers API,matched
549300BXWU32AYWT1A56,UIF CORPORATION,2025,Official HMDA Data Browser filers API,matched
549300BY08MY8QNSPU50,Bank of Belleville,2025,Official HMDA Data Browser filers API,matched
549300BY8DZPEK4ZR022,"CARDINAL CREDIT UNION, INC.",2025,Official HMDA Data Browser filers API,matched
549300BYGLNAWS20VR43,MYPOINT Credit Union,2025,Official HMDA Data Browser filers API,matched
549300BYOVJ9X6PKXV28,PEACH STATE FEDERAL CREDIT UNION,2024,Official HMDA Data Browser filers API,matched
549300BYZ5JSI6TQMS54,GLASS CITY Federal Credit Union,2024,Official HMDA Data Browser filers API,matched
549300BZ038VQFB4UY84,First Community Bank,2023,Official HMDA Data Browser filers API,matched
549300BZDER2ZANLA242,TROPICAL FINANCIAL CREDIT UNION,2025,Official HMDA Data Browser filers API,matched
549300BZTITCLMZ3TL46,Security First Bank,2025,Official HMDA Data Browser filers API,matched
549300C04BJ0G297NC13,Ally Bank,2025,Official HMDA Data Browser filers API,matched
549300C0NMWZNSX3W048,The First National Bank Of Bangor,2023,Official HMDA Data Browser filers API,matched
549300C0SKCK5G4RX330,Journey Bank,2024,Official HMDA Data Browser filers API,matched
549300C0ZJF1UV50O925,HQ Mortgage LLC,2024,Official HMDA Data Browser filers API,matched
549300C1FRYGOIEXG035,Kerndt Brothers Savings Bank,2025,Official HMDA Data Browser filers API,matched
549300C1ICNCM0V37Y02,"First State Bank of St. Charles, Missouri",2025,Official HMDA Data Browser filers API,matched
549300C1KJJH2Y73E274,Lisle Savings Bank,2025,Official HMDA Data Browser filers API,matched
549300C1W6Z8G84PDE17,Citizens State Bank,2025,Official HMDA Data Browser filers API,matched
549300C1YZ5ZORJBI935,"SouthStar Bank, S.S.B.",2025,Official HMDA Data Browser filers API,matched
549300C20KZIWPASBC15,"FIRST CONTINENTAL MORTGAGE, LTD.",2025,Official HMDA Data Browser filers API,matched
549300C232ZWY1I57C16,WESCOM CENTRAL CREDIT UNION,2025,Official HMDA Data Browser filers API,matched
549300C2GTHMQQJ5CS20,Everett Co-operative Bank,2025,Official HMDA Data Browser filers API,matched
549300C3C8C6TSYT1R20,Whitaker Bank,2025,Official HMDA Data Browser filers API,matched
549300C4CKL0HRXJ3085,The Farmers Bank,2023,Official HMDA Data Browser filers API,matched
549300C4J510S9L1RF98,"Alerus Financial, National Association",2025,Official HMDA Data Browser filers API,matched
549300C4RD3C53QCM649,"STARBOARD FINANCIAL MANAGEMENT, LLC",2025,Official HMDA Data Browser filers API,matched
549300C4YZ9QY31U5912,PrimeSouth Bank,2025,Official HMDA Data Browser filers API,matched
549300C5503CI7DSIP33,Bossier Federal Credit Union,2023,Official HMDA Data Browser filers API,matched
549300C5GU86M1X2DG56,Central Bank & Trust Company,2025,Official HMDA Data Browser filers API,matched
549300C5STIFBCFMRJ96,Kirkwood Bank & Trust Co.,2023,Official HMDA Data Browser filers API,matched
549300C5TYVKN840ZC47,Cornerstone Bank,2023,Official HMDA Data Browser filers API,matched
549300C5YLTTVIWX4J11,"PREFERRED LENDING SERVICES, LLC",2025,Official HMDA Data Browser filers API,matched
549300C61LNGA8J8EF85,Capitol Federal Savings Bank,2025,Official HMDA Data Browser filers API,matched
549300C690YBM0ROXL93,"Kleberg Bank, N.A.",2025,Official HMDA Data Browser filers API,matched
549300C6TQAJABMFOR79,MICHIGAN FIRST CREDIT UNION,2025,Official HMDA Data Browser filers API,matched
549300C6XY8GTVR2TV60,United Bank,2023,Official HMDA Data Browser filers API,matched
549300C70VBQUGXHPR07,Mound City Bank,2025,Official HMDA Data Browser filers API,matched
549300C720KB2QRAC051,The Jacksboro National Bank,2025,Official HMDA Data Browser filers API,matched
549300C853H86L248593,First Southern National Bank,2025,Official HMDA Data Browser filers API,matched
549300C8GOC4OYUV0Z32,"DOMINION FINANCIAL SERVICES, LLC",2025,Official HMDA Data Browser filers API,matched
549300CB67L6KPJLHE19,"TRIAD FINANCIAL SERVICES, INC.",2025,Official HMDA Data Browser filers API,matched
549300CCELEPUO4TOE73,West Community Credit Union,2025,Official HMDA Data Browser filers API,matched
549300CCQSH6ZSQHNS49,FNBC Bank,2025,Official HMDA Data Browser filers API,matched
549300CDLJDN8ENOT455,MARION AND POLK SCHOOLS CREDIT UNION,2025,Official HMDA Data Browser filers API,matched
549300CDOC4F7XSRG390,Pinnacle Bank,2025,Official HMDA Data Browser filers API,matched
549300CEGE3J950SQK51,Marion State Bank,2025,Official HMDA Data Browser filers API,matched
549300CEHN5CVC6INV48,The Park National Bank,2025,Official HMDA Data Browser filers API,matched
549300CEKZ808Q0WJL95,Rocky Mountain Mortgage Company,2025,Official HMDA Data Browser filers API,matched
549300CF5UDGUFHYM827,CapStar Bank,2024,Official HMDA Data Browser filers API,matched
549300CF8MP6S7MZV277,FIRST SAVINGS MORTGAGE CORPORATION,2025,Official HMDA Data Browser filers API,matched
549300CG5TM73650DH84,CHRISTIAN COMMUNITY CREDIT UNION,2025,Official HMDA Data Browser filers API,matched
549300CGP3B8XPP1N814,ARRHA Credit Union,2023,Official HMDA Data Browser filers API,matched
549300CGYC6O4770DL96,Kentucky Farmers Bank Corporation,2025,Official HMDA Data Browser filers API,matched
549300CHBB3GN7JFXU86,"MSA MORTGAGE, LLC",2025,Official HMDA Data Browser filers API,matched
549300CIQ950OK0BS407,Sunward Federal Credit Union,2025,Official HMDA Data Browser filers API,matched
549300CJDUFKEK0WMB04,UKRAINIAN NATIONAL FEDERAL CREDIT UNION,2025,Official HMDA Data Browser filers API,matched
549300CK7U1WMTIG6687,HIGHTECHLENDING INC,2025,Official HMDA Data Browser filers API,matched
549300CKG3JGNHH34D61,CARTER FEDERAL CREDIT UNION,2025,Official HMDA Data Browser filers API,matched
549300CKJ4DTUYAZXI11,Sovereign Bank,2025,Official HMDA Data Browser filers API,matched
549300CLB0CCSJV6S044,SAN FRANCISCO FIRE CREDIT UNION,2025,Official HMDA Data Browser filers API,matched
549300CLRXFVF83ZL806,"NATIONWIDE MORTGAGE BANKERS, INC.",2025,Official HMDA Data Browser filers API,matched
549300CM7HYHZ1MEJ624,Cache Valley Bank,2025,Official HMDA Data Browser filers API,matched
549300CMO3QHQGZ2Z096,First State Bank of Campbell Hill,2023,Official HMDA Data Browser filers API,matched
549300CN50N3250U7V79,"PERFORMANCE EQUITY PARTNERS, INC.",2025,Official HMDA Data Browser filers API,matched
549300CN9XK83EUACJ34,United Southern Bank,2025,Official HMDA Data Browser filers API,matched
549300CNDBHD7VKHK806,NobleBank & Trust,2023,Official HMDA Data Browser filers API,matched
549300CNRVR02KBUDD48,First Federal Bank,2025,Official HMDA Data Browser filers API,matched
549300COIWXM618UBE82,HomeTrust Bank,2025,Official HMDA Data Browser filers API,matched
549300COR6KN4QP42U93,CORNERSTONE CREDIT UNION,2025,Official HMDA Data Browser filers API,matched
549300COZ9YQTC4J1378,Community Bank and Trust,2025,Official HMDA Data Browser filers API,matched
549300CP7747DCRW6U68,Carrollton Bank,2025,Official HMDA Data Browser filers API,matched
549300CPKDUJKREQRG38,"Investar Bank, National Association",2025,Official HMDA Data Browser filers API,matched
549300CPM35KXH0BZ823,RALLY CREDIT UNION,2025,Official HMDA Data Browser filers API,matched
549300CPT4UV65RIEU74,Azura Credit Union,2025,Official HMDA Data Browser filers API,matched
549300CPWNBJ0UCBZ853,The Old Point National Bank of Phoebus,2024,Official HMDA Data Browser filers API,matched
549300CPZ5G5IZWT7878,Main Street Bank,2023,Official HMDA Data Browser filers API,matched
549300CQG2T7TCGY8Q67,First State Bank,2025,Official HMDA Data Browser filers API,matched
549300CQMDOXGP2WE649,TNBANK,2023,Official HMDA Data Browser filers API,matched
549300CR5XDK0TP7I727,"OPEN MORTGAGE, LLC",2024,Official HMDA Data Browser filers API,matched
549300CRPIDBSEMEY066,HEARTLAND CREDIT UNION,2025,Official HMDA Data Browser filers API,matched
549300CRSE0TY73U6X46,"BARTLETT MORTGAGE, INC.",2025,Official HMDA Data Browser filers API,matched
549300CS1XP28EERR469,One Community Bank,2025,Official HMDA Data Browser filers API,matched
549300CSKW4TNZHEOO36,Buena Vista National Bank,2025,Official HMDA Data Browser filers API,matched
549300CTISSNREVLNO46,Bank of Tennessee,2025,Official HMDA Data Browser filers API,matched
549300CUF3Q2PQGM9256,COMMONWEALTH,2025,Official HMDA Data Browser filers API,matched
549300CUL44QXBGFJM68,The First National Bank of Sonora,2025,Official HMDA Data Browser filers API,matched
549300CUUEEQ66ZVK149,"ENDEAVOR CAPITAL, LLC.",2025,Official HMDA Data Browser filers API,matched
549300CV1BZKP1QUDZ13,"MILLENNIUM FINANCIAL GROUP, INC.",2025,Official HMDA Data Browser filers API,matched
549300CVK4UVTLHJ0R80,"American Bank & Trust Company, Inc.",2025,Official HMDA Data Browser filers API,matched
549300CW5TQ2ILVQPH09,The FNB Community Bank,2025,Official HMDA Data Browser filers API,matched
549300CWJ74FF73VDL12,First Bank,2025,Official HMDA Data Browser filers API,matched
549300CWZXP5LD3GVV26,Bank of Dudley,2025,Official HMDA Data Browser filers API,matched
549300CXZHD5OTAISA91,MK LENDING CORP.,2024,Official HMDA Data Browser filers API,matched
549300CY7WNAHKHYSJ73,"CORNERSTONE CAPITAL BANK, SSB",2025,Official HMDA Data Browser filers API,matched
549300CYIVHUDDNUD808,First Exchange Bank Of Alabama,2023,Official HMDA Data Browser filers API,matched
549300CYL5ZW4ISL7T55,PriorityOne Bank,2025,Official HMDA Data Browser filers API,matched
549300CYYO0YQ3EVCV77,SHELL FEDERAL CREDIT UNION,2025,Official HMDA Data Browser filers API,matched
549300CZ48D9RNN5TA64,"COASTAL LOANS, LLC",2025,Official HMDA Data Browser filers API,matched
549300CZYL6IDJDBUR04,SECURITY FIRST Federal Credit Union,2025,Official HMDA Data Browser filers API,matched
549300D003QRZFSQ4N43,Prosperity Bank,2025,Official HMDA Data Browser filers API,matched
549300D064PXOX5JP483,Mid-Missouri Bank,2025,Official HMDA Data Browser filers API,matched
549300D0H09HSURFXA20,"FAY SERVICING, LLC",2025,Official HMDA Data Browser filers API,matched
549300D0TGZMG03GNM36,"ALL WESTERN MORTGAGE, INC.",2024,Official HMDA Data Browser filers API,matched
549300D15L4ETR8E9517,Heritage South Credit Union,2023,Official HMDA Data Browser filers API,matched
549300D1D2WPHU5URX88,"Citizens Bank, National Association",2023,Official HMDA Data Browser filers API,matched
549300D1HSIL40QWFS52,VERABANK COMMUNITY DEVELOPMENT CORPORATION,2025,Official HMDA Data Browser filers API,matched
549300D1LJKPCKRRHC31,CITY CREDIT UNION,2024,Official HMDA Data Browser filers API,matched
549300D1PL8LHKCBST97,SOMERSET TRUST COMPANY,2025,Official HMDA Data Browser filers API,matched
549300D214S3L7KZ0515,CRESCENT MORTGAGE COMPANY,2024,Official HMDA Data Browser filers API,matched
549300D2IR01BV6NPA49,Magyar Bank,2025,Official HMDA Data Browser filers API,matched
549300D2OYT7VTDY6Z20,ANDREWS FEDERAL CREDIT UNION,2025,Official HMDA Data Browser filers API,matched
549300D36J5CQX0I4F44,"NORTHERN MORTGAGE SERVICES, LLC",2025,Official HMDA Data Browser filers API,matched
549300D3HXQOVIN2DA88,Quail Creek Bank,2025,Official HMDA Data Browser filers API,matched
549300D3IKJ7KU3SH574,Priority Bank,2025,Official HMDA Data Browser filers API,matched
549300D3LYUX1NJVC329,"MORTGAGE CAPITAL PARTNERS, INC.",2025,Official HMDA Data Browser filers API,matched
549300D3Q016N7YOVW98,Grand Bank,2024,Official HMDA Data Browser filers API,matched
549300D3SGJ9UCUF2779,Dogwood State Bank,2023,Official HMDA Data Browser filers API,matched
549300D4L76B477GHY32,Ocean Bank,2025,Official HMDA Data Browser filers API,matched
549300D4P7FB9UH6CL48,Illinois State Police Federal Credit Union,2025,Official HMDA Data Browser filers API,matched
549300D4ZYLSQ5LMTV35,ABSOLUTE HOME MORTGAGE CORPORATION,2025,Official HMDA Data Browser filers API,matched
549300D5DG8D4966HK70,GREATER TEXAS FEDERAL CREDIT UNION,2025,Official HMDA Data Browser filers API,matched
549300D5XF7134V2NO46,"FINCO MORTGAGE, LLC",2023,Official HMDA Data Browser filers API,matched
549300D6BCLQFX6G1K95,THE EQUITABLE MORTGAGE CORPORATION,2025,Official HMDA Data Browser filers API,matched
549300D6JK30QTSRHB52,Oswego County Federal Credit Union,2025,Official HMDA Data Browser filers API,matched
549300D7GVUYHQEDEE56,UNITED SECURITY FINANCIAL CORP,2023,Official HMDA Data Browser filers API,matched
549300D7OB5W5CJHFO55,BrightStar Credit Union,2025,Official HMDA Data Browser filers API,matched
549300D88XVKM6DJOC77,"Traditional Bank, Inc.",2025,Official HMDA Data Browser filers API,matched
549300D8S1ETG70FFW35,H E B Credit Union,2025,Official HMDA Data Browser filers API,matched
549300DAUXQ2DCY4H838,"HARBORONE MORTGAGE, LLC",2025,Official HMDA Data Browser filers API,matched
549300DB8DXY0GE82T18,First National Bank in DeRidder,2024,Official HMDA Data Browser filers API,matched
549300DCAVODU8W5UW13,WICHITA FALLS TEACHERS FEDERAL CREDIT UNION,2025,Official HMDA Data Browser filers API,matched
549300DCGBXW5FJMV921,"NMSI, INC.",2025,Official HMDA Data Browser filers API,matched
549300DD4R4SYK5RAQ92,"MOVEMENT MORTGAGE, LLC",2025,Official HMDA Data Browser filers API,matched
549300DD5QQUHO6PCH70,"Mortgage Research Center, LLC",2025,Official HMDA Data Browser filers API,matched
549300DDDXGC8OXLNZ36,First United Bank,2025,Official HMDA Data Browser filers API,matched
549300DDJB48AVV1SO96,"HOME FINANCING UNLIMITED, INC.",2025,Official HMDA Data Browser filers API,matched
549300DDLYW49R2HCV81,EASTMAN CREDIT UNION,2025,Official HMDA Data Browser filers API,matched
549300DE8TS4EYTPX729,"AFFORDABLE MORTGAGE ADVISORS, LLC.",2025,Official HMDA Data Browser filers API,matched
549300DEQDOPOOYCB264,Century Bank,2024,Official HMDA Data Browser filers API,matched
549300DEVPMBR765WH45,UTAH FIRST,2025,Official HMDA Data Browser filers API,matched
549300DF7LT6VI5BQC34,Old Missouri Bank,2025,Official HMDA Data Browser filers API,matched
549300DFCG6GF21KOW34,EXCITE Credit Union,2025,Official HMDA Data Browser filers API,matched
549300DFQP4S0ZYOBT18,First State Bank,2024,Official HMDA Data Browser filers API,matched
549300DFV63SJPNIII97,HomeBank,2025,Official HMDA Data Browser filers API,matched
549300DG3IV05V4C4E03,EUSTIS MORTGAGE CORPORATION,2025,Official HMDA Data Browser filers API,matched
549300DH8EI64ITBY388,"PGIM REAL ESTATE AGENCY FINANCING, LLC",2025,Official HMDA Data Browser filers API,matched
549300DHRESF8KLNP162,Southwest Missouri Bank,2023,Official HMDA Data Browser filers API,matched
549300DI1T4KP9NPFQ75,Industrial Federal Credit Union,2025,Official HMDA Data Browser filers API,matched
549300DISOL963J03Q15,Rayne State Bank & Trust Company,2024,Official HMDA Data Browser filers API,matched
549300DJES4HXFQRN790,GOLD,2023,Official HMDA Data Browser filers API,matched
549300DJT1WS6SELJS28,INDUSTRIAL CU OF WHATCOM COUNTY,2024,Official HMDA Data Browser filers API,matched
549300DK2AEMKCO4JZ92,"SIS BANCORP, MHC",2023,Official HMDA Data Browser filers API,matched
549300DK7QID2ZON6Q55,Global Federal Credit Union,2025,Official HMDA Data Browser filers API,matched
549300DK8GVTLGSA4H75,The First National Bank of Oneida,2023,Official HMDA Data Browser filers API,matched
549300DKYWYDD1KM2515,SISTAR MORTGAGE,2024,Official HMDA Data Browser filers API,matched
549300DL0FLZ3XZV5J76,SHAREPOINT CREDIT UNION,2023,Official HMDA Data Browser filers API,matched
549300DL7AWRPX6NXO12,"American Commercial Bank & Trust, National Association",2025,Official HMDA Data Browser filers API,matched
549300DLBRGR2O0VNZ96,,,Official HMDA Data Browser filers API,unmatched
549300DLHIZLJ7617Q04,Citizens State Bank,2025,Official HMDA Data Browser filers API,matched
549300DM6DAOPSF8HL78,"Grand Bank for Savings, FSB",2025,Official HMDA Data Browser filers API,matched
549300DMHEHNYZ2OLB41,First United Bank and Trust Company,2025,Official HMDA Data Browser filers API,matched
549300DMI3W6YLDVSK93,BayFirst National Bank,2025,Official HMDA Data Browser filers API,matched
549300DMYENRV818D594,SWBC MORTGAGE CORPORATION,2025,Official HMDA Data Browser filers API,matched
549300DNP4W96HB6LV07,Sterling Bank,2025,Official HMDA Data Browser filers API,matched
549300DNRGCN05KNA737,First State Bank of Forrest,2025,Official HMDA Data Browser filers API,matched
549300DNUPSQ3UW3EM09,The Bank & Trust,2025,Official HMDA Data Browser filers API,matched
549300DNWSJUNAWUM003,"CREDIT UNION MORTGAGE ASSOCIATION, INC.",2025,Official HMDA Data Browser filers API,matched
549300DO51DW0RG07O39,BENCHMARK Federal Credit Union,2023,Official HMDA Data Browser filers API,matched
549300DO5YMN2M8SMI23,Frontier Bank,2025,Official HMDA Data Browser filers API,matched
549300DOQN3O7NL3CA31,"HOMELAND BANCSHARES, INC.",2025,Official HMDA Data Browser filers API,matched
549300DOV2RLYPY10B52,Mid America Bank,2025,Official HMDA Data Browser filers API,matched
549300DPRWSBUY619V27,Simmons Bank,2025,Official HMDA Data Browser filers API,matched
549300DPWFIO1S3DF358,First Federal Savings and Loan Association of Lakewood,2025,Official HMDA Data Browser filers API,matched
549300DQG9B47MV1MR51,"The Samson Banking Company, Inc.",2025,Official HMDA Data Browser filers API,matched
549300DQLGJ1YQRRHH73,Southwest Airlines Federal Credit Union,2025,Official HMDA Data Browser filers API,matched
549300DQW5P73YGBL063,SERVICE 1ST,2025,Official HMDA Data Browser filers API,matched
549300DRA4BDXW23LD45,"Servion, Inc.",2025,Official HMDA Data Browser filers API,matched
549300DRKDRXN7POBN12,Austin Capital Bank SSB,2023,Official HMDA Data Browser filers API,matched
549300DRKI1J5D73X280,The Genoa Banking Company,2025,Official HMDA Data Browser filers API,matched
549300DRZGISDSL1BX02,FINEX CREDIT UNION,2025,Official HMDA Data Browser filers API,matched
549300DSPT6YGS1ZLR56,HICKAM FEDERAL CREDIT UNION,2024,Official HMDA Data Browser filers API,matched
549300DT7CCDCC7O6Z60,KEYPOINT Credit Union,2025,Official HMDA Data Browser filers API,matched
549300DT7WZ1SOTNFJ62,First Bank,2025,Official HMDA Data Browser filers API,matched
549300DUTN4RUBI81Z18,Lakeside Bank,2025,Official HMDA Data Browser filers API,matched
549300DV4OQK0LOKRQ05,The Citizens National Bank of Quitman,2024,Official HMDA Data Browser filers API,matched
549300DV8S0IJF2QWL30,Stockmens Bank,2025,Official HMDA Data Browser filers API,matched
549300DW87L2IZ7ZHF47,"MLB RESIDENTIAL LENDING, LLC",2025,Official HMDA Data Browser filers API,matched
549300DWS85AHLUZHB50,Quad City Bank and Trust Company,2025,Official HMDA Data Browser filers API,matched
549300DX0B304LAKUN93,JLB CORPORATION,2025,Official HMDA Data Browser filers API,matched
549300DXSALP2TGZBQ16,MISSION,2025,Official HMDA Data Browser filers API,matched
549300DYB1ZT3UOGPL20,PHILADELPHIA FEDERAL CREDIT UNION,2025,Official HMDA Data Browser filers API,matched
549300DYVAMYTMH9UV09,"FIRST EAGLE BANCSHARES, INC.",2025,Official HMDA Data Browser filers API,matched
549300DZIK106MY5NI60,Solera National Bank,2025,Official HMDA Data Browser filers API,matched
549300E05TZE9VHI0I91,"Mid-Southern Savings Bank, FSB",2023,Official HMDA Data Browser filers API,matched
549300E06ZGS1I3URI95,VANTAGE Credit Union,2025,Official HMDA Data Browser filers API,matched
549300E0KRXI8PZWAO17,HarborOne Bank,2023,Official HMDA Data Browser filers API,matched
549300E0Q8JLIMURNH75,West Pointe Bank,2025,Official HMDA Data Browser filers API,matched
549300E0S1LZYZ9QNX81,"First Financial Bank, National Association",2025,Official HMDA Data Browser filers API,matched
549300E0WPRCJMXMUM09,Popular Bank,2025,Official HMDA Data Browser filers API,matched
549300E1PJPTI4YS7H26,ASCEND FEDERAL CREDIT UNION,2025,Official HMDA Data Browser filers API,matched
549300E2M76Y41U4FC19,Capital Bank,2025,Official HMDA Data Browser filers API,matched
549300E2UX99HKDBR481,"Broker Solutions, Inc.",2025,Official HMDA Data Browser filers API,matched
549300E34W6TNRG7B624,OREGONIANS CREDIT UNION,2025,Official HMDA Data Browser filers API,matched
549300E3A68XVBMBX690,"Shamrock Home Loans, Inc.",2023,Official HMDA Data Browser filers API,matched
549300E3QJQLKVB40W93,CANVAS CREDIT UNION,2025,Official HMDA Data Browser filers API,matched
549300E3VF26P7719Z56,RELIANT COMMUNITY FEDERAL CREDIT UNION,2025,Official HMDA Data Browser filers API,matched
549300E3X7YDJIUENL65,NUMARK CREDIT UNION,2025,Official HMDA Data Browser filers API,matched
549300E3YGSOYL74CF74,First Southern Bank,2024,Official HMDA Data Browser filers API,matched
549300E45E0GS21KWF28,FIRST NEBRASKA Credit Union,2024,Official HMDA Data Browser filers API,matched
549300E4YLQ3BVQ4GW30,"WALL STREET MORTGAGE BANKERS, LTD.",2025,Official HMDA Data Browser filers API,matched
549300E51HYVR7T2SU19,SAN DIEGO COUNTY CREDIT UNION,2025,Official HMDA Data Browser filers API,matched
549300E5EFGSFSL7WF75,"GIBRALTAR MORTGAGE SERVICES, LLC",2023,Official HMDA Data Browser filers API,matched
549300E76OWAX7HQJX42,Legacy Bank,2025,Official HMDA Data Browser filers API,matched
549300E8HNQO52YYHI82,American Security Mortgage Corp.,2025,Official HMDA Data Browser filers API,matched
549300E8XHQWHOJSZJ97,Pinnacle Bank,2025,Official HMDA Data Browser filers API,matched
549300EA0U825E61X330,BankSouth,2025,Official HMDA Data Browser filers API,matched
549300EAO0HUFDR48U74,RED RIVER EMPLOYEES FEDERAL CREDIT UNION,2025,Official HMDA Data Browser filers API,matched
549300EBBK4MF6IWR304,"INTEREST MORTGAGE, L.L.C.",2023,Official HMDA Data Browser filers API,matched
549300EBN45MAXGIP071,The Cincinnatus Savings & Loan Co.,2025,Official HMDA Data Browser filers API,matched
549300EBW60Q23TUJN89,KD CAPITAL MORTGAGE CORPORATION,2024,Official HMDA Data Browser filers API,matched
549300EBXH41OP56DQ10,UNION CAPITAL MORTGAGE CORPORATION,2025,Official HMDA Data Browser filers API,matched
549300EC7M6N4U9DR727,The First National Bank of McGregor,2025,Official HMDA Data Browser filers API,matched
549300EE39SNC5DXTC46,Northern Bank & Trust Company,2025,Official HMDA Data Browser filers API,matched
549300EES32R2VOEK894,Bankers' Bank,2025,Official HMDA Data Browser filers API,matched
549300EF3CM0UIOIS476,Partners Bank,2025,Official HMDA Data Browser filers API,matched
549300EFCZM6KD6B8K69,MORTGAGE ACCESS CORP.,2025,Official HMDA Data Browser filers API,matched
549300EFPV2U3PWQEN15,Catskill Hudson Bank,2024,Official HMDA Data Browser filers API,matched
549300EGL1VV7LY0QU69,Bank of Marin,2025,Official HMDA Data Browser filers API,matched
549300EHWBP6UP4Y8J37,"PLUS RELOCATION MORTGAGE, LLC",2025,Official HMDA Data Browser filers API,matched
549300EHZKNMEE6UUC83,CEDAR FALLS COMMUNITY CREDIT UNION,2025,Official HMDA Data Browser filers API,matched
549300EI8WIPSALARU71,Heritage Bank of St Tammany,2025,Official HMDA Data Browser filers API,matched
549300EIBXII5C4D4548,TULARE COUNTY Federal Credit Union,2025,Official HMDA Data Browser filers API,matched
549300EIFFC31EZH1D93,Prairie Community Bank,2025,Official HMDA Data Browser filers API,matched
549300EJ3PWN9QTWAN34,Peoples Bank & Trust,2023,Official HMDA Data Browser filers API,matched
549300EJVZTLWGR61E96,Thumb Bank and Trust,2025,Official HMDA Data Browser filers API,matched
549300EKCKDF80ZM4V51,COLLIERS MORTGAGE LLC,2025,Official HMDA Data Browser filers API,matched
549300EKCY4J7PC8WH77,MACKILLIE INCORPORATED,2025,Official HMDA Data Browser filers API,matched
549300EKFFG3BU8DNX74,NEXERA HOLDING LLC,2025,Official HMDA Data Browser filers API,matched
549300EKGRBBO8HEKR21,Marine Bank,2023,Official HMDA Data Browser filers API,matched
549300EL87GZMCVX0Q34,"BOND STREET MORTGAGE, LLC",2025,Official HMDA Data Browser filers API,matched
549300ELFWNRX6MLE444,Farmers & Merchants Bank,2025,Official HMDA Data Browser filers API,matched
549300ELLMUEKP1JHB70,INSTAMORTGAGE INC.,2025,Official HMDA Data Browser filers API,matched
549300ELXS6PBT8OEE44,Air Academy Federal Credit Union,2025,Official HMDA Data Browser filers API,matched
549300EM6UG8HE3P8U74,Patelco Credit Union,2025,Official HMDA Data Browser filers API,matched
549300EM8ID8J7F8OM55,"First Heritage Mortgage, LLC",2025,Official HMDA Data Browser filers API,matched
549300EMC7T53UNNNA58,The Bank of Princeton,2025,Official HMDA Data Browser filers API,matched
549300EMGY2NJUW3A749,PACOR MORTGAGE CORP.,2025,Official HMDA Data Browser filers API,matched
549300EMNDEK4BA8WB53,EMM LOANS LLC,2025,Official HMDA Data Browser filers API,matched
549300EMNQ2QLOEPQ289,"Colonial Savings, F.A.",2023,Official HMDA Data Browser filers API,matched
549300ENNFGLHCMQ1U82,Guardian Savings Bank,2025,Official HMDA Data Browser filers API,matched
549300EOHSB7M6IFW844,Mortgage Lenders Investment Trading Corporation,2025,Official HMDA Data Browser filers API,matched
549300EPUJMYHHCZPS30,Coastal States Bank,2025,Official HMDA Data Browser filers API,matched
549300EQ09ZL8XSYZM84,Savers Co-operative Bank,2025,Official HMDA Data Browser filers API,matched
549300EQED7LF41GHV46,"AMERICAN BANCSHARES MORTGAGE, LLC",2025,Official HMDA Data Browser filers API,matched
549300ERHDU3FCE3FA33,Glens Falls National Bank and Trust Company,2025,Official HMDA Data Browser filers API,matched
549300ERL4SV8MDO3P56,AMERICA'S FIRST,2023,Official HMDA Data Browser filers API,matched
549300ESJ15K604ZW846,"CORNERSTONE MORTGAGE PARTNERS OF TEXAS, L.P.",2023,Official HMDA Data Browser filers API,matched
549300ESNLIWVN3TK065,CBC Federal Credit Union,2025,Official HMDA Data Browser filers API,matched
549300ESRQ6OLBB56N04,Glacier Bank,2025,Official HMDA Data Browser filers API,matched
549300EW4BA2XQFITZ61,Phenix-Girard Bank,2025,Official HMDA Data Browser filers API,matched
549300EW5YD0HPCTME62,FORT WORTH CITY CREDIT UNION,2025,Official HMDA Data Browser filers API,matched
549300EWFHPBZH38K695,"COMPEER FINANCIAL, FLCA",2025,Official HMDA Data Browser filers API,matched
549300EWGL0JGA62YY67,ADVANTAGE PLUS,2025,Official HMDA Data Browser filers API,matched
549300EWL25M8JXH2R78,OneAZ Credit Union,2025,Official HMDA Data Browser filers API,matched
549300EWYXV06QXJH078,DOW CREDIT UNION,2023,Official HMDA Data Browser filers API,matched
549300EXKS98GEONUS84,Farmers State Bank,2023,Official HMDA Data Browser filers API,matched
549300EYKSNFOZRIBC29,FIRST FLORIDA Credit Union,2025,Official HMDA Data Browser filers API,matched
549300EZ060LDD77JC03,Shinhan Bank America,2025,Official HMDA Data Browser filers API,matched
549300EZG6KIP4HOUR65,Adirondack Bank,2025,Official HMDA Data Browser filers API,matched
549300EZIROI6ZF7B419,FAMILY FIRST OF NY,2025,Official HMDA Data Browser filers API,matched
549300F04B6FGYBJY412,First State Community Bank,2025,Official HMDA Data Browser filers API,matched
549300F08RTZA4O1LF12,Grundy Bank,2025,Official HMDA Data Browser filers API,matched
549300F175WFRUKLMG10,INDIANA UNIVERSITY CREDIT UNION,2025,Official HMDA Data Browser filers API,matched
549300F1COXL6UBFCP55,First Central Savings Bank,2025,Official HMDA Data Browser filers API,matched
549300F1D8U51K67LV24,First Century Bank,2023,Official HMDA Data Browser filers API,matched
549300F247N2IU8SC024,,,Official HMDA Data Browser filers API,unmatched
549300F263I3XPN55P35,The Richwood Banking Company,2025,Official HMDA Data Browser filers API,matched
549300F2GDWKJH3GMB47,EDUCATIONAL SYSTEMS,2025,Official HMDA Data Browser filers API,matched
549300F376WY63AY7896,First National Bank USA,2025,Official HMDA Data Browser filers API,matched
549300F52SJSXL6QRM73,FIRST COMMUNITY CREDIT UNION,2025,Official HMDA Data Browser filers API,matched
549300F570XAWYN8Z237,Bank of Hope,2025,Official HMDA Data Browser filers API,matched
549300F5TN705NCHGW39,First State Bank Nebraska,2025,Official HMDA Data Browser filers API,matched
549300F6NSBOJBM9ED39,NuVision Federal Credit Union,2025,Official HMDA Data Browser filers API,matched
549300F6S4S7QMOUVG59,FIRST ENTERTAINMENT,2025,Official HMDA Data Browser filers API,matched
549300F6Y1YO2YXN6135,REDWOOD RESIDENTIAL ACQUISITION CORPORATION,2025,Official HMDA Data Browser filers API,matched
549300F7JKU0UTD6KX15,"Evans Bank, National Association",2025,Official HMDA Data Browser filers API,matched
549300F7S6KEMTKK0546,"Extraco Banks, National Association",2025,Official HMDA Data Browser filers API,matched
549300F8C5JA44WNMI75,AMERICAN NEIGHBORHOOD MORTGAGE ACCEPTANCE COMPANY LLC,2025,Official HMDA Data Browser filers API,matched
549300FAG4VH7YJ66576,Anstaff Bank,2024,Official HMDA Data Browser filers API,matched
549300FAQB5JZE5SG649,FlatIrons Bank,2023,Official HMDA Data Browser filers API,matched
549300FB7LY738B0AS28,Sharefax Credit Union,2025,Official HMDA Data Browser filers API,matched
549300FCPKXI75DX5M03,CityWorth Mortgage LLC,2025,Official HMDA Data Browser filers API,matched
549300FDNZSDIZP9N063,Loyalty Credit Union,2025,Official HMDA Data Browser filers API,matched
549300FEBB5EMDXTC518,Lake Shore Savings Bank,2025,Official HMDA Data Browser filers API,matched
549300FF2P6I0N4FHD29,Benchmark Bank,2025,Official HMDA Data Browser filers API,matched
549300FFPMB9B7FHNR61,"UNIVERSAL MORTGAGE & FINANCE, INC.",2025,Official HMDA Data Browser filers API,matched
549300FFVDRROF85IC57,TAMMAC HOLDINGS CORPORATION,2025,Official HMDA Data Browser filers API,matched
549300FGGERPRKXH7V65,AVADIAN,2025,Official HMDA Data Browser filers API,matched
549300FGXN1K3HLB1R50,"Rocket Mortgage, LLC",2025,Official HMDA Data Browser filers API,matched
549300FHGNOLF14HHS09,Cambridge Savings Bank,2023,Official HMDA Data Browser filers API,matched
549300FHRL270LZY2I23,Somerville Bank,2024,Official HMDA Data Browser filers API,matched
549300FHWDJMELT59Z22,EFINITY FINANCIAL INC.,2025,Official HMDA Data Browser filers API,matched
549300FIWDHCWQ3TFP96,Great Plains State Bank,2025,Official HMDA Data Browser filers API,matched
549300FJHIE3T5GJRI39,American United Federal Credit Union,2025,Official HMDA Data Browser filers API,matched
549300FJRQ7KMJ2TQQ84,The Hometown Bank of Alabama,2024,Official HMDA Data Browser filers API,matched
549300FK3AFCFVAPH234,"Leader Bank, National Association",2025,Official HMDA Data Browser filers API,matched
549300FK7ZHTO2G1RM11,LANCO Federal Credit Union,2023,Official HMDA Data Browser filers API,matched
549300FKEPZ2QELUY416,Builder Finance Inc.,2025,Official HMDA Data Browser filers API,matched
549300FKW6LAHX0L9161,Georgia Community Bank,2025,Official HMDA Data Browser filers API,matched
549300FKWBMLIMGZ7Q40,Bridgewater Bank,2025,Official HMDA Data Browser filers API,matched
549300FKX3KC0CFK2D88,"Community West Bank, National Association",2024,Official HMDA Data Browser filers API,matched
549300FL0K3UVG1WAY05,TAM LENDING CENTER INC.,2023,Official HMDA Data Browser filers API,matched
549300FL5GANFX0HMU45,ERIE FEDERAL CREDIT UNION,2025,Official HMDA Data Browser filers API,matched
549300FMSW7QU9K8BB98,LAKE MORTGAGE COMPANY INC,2023,Official HMDA Data Browser filers API,matched
549300FNQXUCMCVLKL76,Unity Bank,2025,Official HMDA Data Browser filers API,matched
549300FNXYY540N23N64,NEWREZ LLC,2025,Official HMDA Data Browser filers API,matched
549300FOCEH0X0ZOR362,Grow Financial Federal Credit Union,2025,Official HMDA Data Browser filers API,matched
549300FOHR7SBPQ7WJ92,MILLENNIUM BANK,2025,Official HMDA Data Browser filers API,matched
549300FOO7XNZ1564N12,"Beverly Bank & Trust Company, N.A.",2025,Official HMDA Data Browser filers API,matched
549300FOPGYPVP42FW34,DATCU,2025,Official HMDA Data Browser filers API,matched
549300FORCF9PNPUG275,Bank of the Bluegrass and Trust Company,2025,Official HMDA Data Browser filers API,matched
549300FOTVC2DXJ6YD92,EvaBank,2025,Official HMDA Data Browser filers API,matched
549300FOXIQQV5UZD367,"SOUTHERN TRUST MORTGAGE, LLC",2025,Official HMDA Data Browser filers API,matched
549300FQ2SN6TRRGB032,FNBC Bank & Trust,2025,Official HMDA Data Browser filers API,matched
549300FRF7HYNM1S7Y12,FirstBank Southwest,2025,Official HMDA Data Browser filers API,matched
549300FRM3OFF8EM0191,"JNC MORTGAGE COMPANY, INC.",2025,Official HMDA Data Browser filers API,matched
549300FS35FQXZRU4Z45,EDUCATORS CREDIT UNION,2025,Official HMDA Data Browser filers API,matched
549300FSZH0FMQ1T8Y90,IOWA BANKERS MORTGAGE CORPORATION,2025,Official HMDA Data Browser filers API,matched
549300FTR6GEUX8QTI81,"HOME APPROVALS DIRECT, INC.",2023,Official HMDA Data Browser filers API,matched
549300FTS7TVGFDGUH88,The National Bank of Indianapolis,2025,Official HMDA Data Browser filers API,matched
549300FUMS21JPQM1N03,FOX COMMUNITIES Credit Union,2025,Official HMDA Data Browser filers API,matched
549300FV32ULL0DL8X39,NET,2025,Official HMDA Data Browser filers API,matched
549300FVD3YHE65PKH97,"PANORAMA MORTGAGE GROUP, LLC",2025,Official HMDA Data Browser filers API,matched
549300FVJ3IB88LTR841,Stockman Bank of Montana,2024,Official HMDA Data Browser filers API,matched
549300FW5QWKDV0UY394,"PRYSMA LENDING GROUP, LLC",2025,Official HMDA Data Browser filers API,matched
549300FWQNRPTKXB8G79,"Wallick & Volk, Inc.",2025,Official HMDA Data Browser filers API,matched
549300FWYXJ79KO49290,UNIFY FINANCIAL Credit Union,2024,Official HMDA Data Browser filers API,matched
549300FX2QBKG7ZTBX37,SIOUXLAND FEDERAL CREDIT UNION,2025,Official HMDA Data Browser filers API,matched
549300FX3J95NB1UTP88,Alliance Community Bank,2025,Official HMDA Data Browser filers API,matched
549300FX7K8PTEQUU487,PENTAGON FEDERAL CREDIT UNION,2025,Official HMDA Data Browser filers API,matched
549300FZ8E0GLIFFYB55,Volunteer State Bank,2025,Official HMDA Data Browser filers API,matched
549300FZGNW8VUSEDB98,Community National Bank & Trust of Texas,2025,Official HMDA Data Browser filers API,matched
549300FZJCP0WM3QJH15,Peapack-Gladstone Bank,2025,Official HMDA Data Browser filers API,matched
549300G0QSZVT1E3RS89,The Bank of Greene County,2025,Official HMDA Data Browser filers API,matched
549300G12UU2EC2JM932,ALLIANCE CATHOLIC CREDIT UNION,2025,Official HMDA Data Browser filers API,matched
549300G1RZOIMQYVDW26,Heritage Bank of Commerce,2024,Official HMDA Data Browser filers API,matched
549300G2EZKPVQQ0D852,The Hometown Savings Bank,2025,Official HMDA Data Browser filers API,matched
549300G2LV8W3C1G3762,"EQUITY RESOURCES, INC.",2025,Official HMDA Data Browser filers API,matched
549300G36820CW642I52,Huntingdon Valley Bank,2023,Official HMDA Data Browser filers API,matched
549300G3WIMVDYUYQC27,American Heritage National Bank,2025,Official HMDA Data Browser filers API,matched
549300G4ESSS6M0MEG51,"OriginPoint, LLC",2025,Official HMDA Data Browser filers API,matched
549300G4F3X6FTMZP579,Rhinebeck Bank,2025,Official HMDA Data Browser filers API,matched
549300G4JDIJPBEO8J84,GENHOME MORTGAGE CORPORATION,2024,Official HMDA Data Browser filers API,matched
549300G54QPXQLB4KN58,FIRST UNITED CORPORATION,2024,Official HMDA Data Browser filers API,matched
549300G5DUB6RE1MCL12,The Bennington State Bank,2025,Official HMDA Data Browser filers API,matched
549300G5DVGM0ZHRQC33,CLEARPATH LENDING,2025,Official HMDA Data Browser filers API,matched
549300G5JZD1PBR8EH75,BRONCO Federal Credit Union,2025,Official HMDA Data Browser filers API,matched
549300G5VZZVVGOY0N31,MTCU,2025,Official HMDA Data Browser filers API,matched
549300G5ZQEXZC4Y5G44,UNIVERSITY CREDIT UNION,2025,Official HMDA Data Browser filers API,matched
549300G6F5FVAHSGKU13,Neighborhood National Bank,2024,Official HMDA Data Browser filers API,matched
549300G6RZM5T8NQJW74,REDSTONE Federal Credit Union,2025,Official HMDA Data Browser filers API,matched
549300G7KW08JJ121L78,Harmony Bank,2025,Official HMDA Data Browser filers API,matched
549300G86QJ4YLR90O89,Empire State Bank,2025,Official HMDA Data Browser filers API,matched
549300G8SAGXEDF5FK39,First Guaranty Bank,2025,Official HMDA Data Browser filers API,matched
549300GAX7IKJUKCJE72,TRAVIS CREDIT UNION,2025,Official HMDA Data Browser filers API,matched
549300GCEP3NM7A1X491,TrustCo Bank,2025,Official HMDA Data Browser filers API,matched
549300GCEUZLVML1J263,RADIUS FINANCIAL GROUP INC.,2025,Official HMDA Data Browser filers API,matched
549300GCILEV6KJUST91,Relyance Bank,2025,Official HMDA Data Browser filers API,matched
549300GCNN38YBSHN374,FINGER LAKES FEDERAL CREDIT UNION,2025,Official HMDA Data Browser filers API,matched
549300GCUYVW860UOZ07,Primis Bank,2025,Official HMDA Data Browser filers API,matched
549300GDAFL5HNJKDR03,Fidelity Bank,2025,Official HMDA Data Browser filers API,matched
549300GDBIZCOI6TMO49,ANGEL OAK HOME LOANS LLC,2023,Official HMDA Data Browser filers API,matched
549300GDJSUYPH6UC416,"WaterStone Bank, SSB",2025,Official HMDA Data Browser filers API,matched
549300GE8KIGZVQV1223,MORTGAGE EQUITY PARTNERS LLC,2025,Official HMDA Data Browser filers API,matched
549300GE8R74OGSIP159,Brantley Bank and Trust Company,2025,Official HMDA Data Browser filers API,matched
549300GED4IYN84L8F67,Minster Bank,2023,Official HMDA Data Browser filers API,matched
549300GFM3T3SN2KS138,ACHIEVA CREDIT UNION,2025,Official HMDA Data Browser filers API,matched
549300GG3E9KJST8NW30,First Neighborhood Bank,2023,Official HMDA Data Browser filers API,matched
549300GG5XNEIGHQTG04,CHARTER WEST BANK,2025,Official HMDA Data Browser filers API,matched
549300GGB04TG4AH1377,Solarity Credit Union,2025,Official HMDA Data Browser filers API,matched
549300GGXWS23NTTOB96,Meade County Bank,2023,Official HMDA Data Browser filers API,matched
549300GH41JLTHV1SQ41,"WELCOME HOME FUNDING, LLC",2023,Official HMDA Data Browser filers API,matched
549300GHAXBE9Q7W9273,Home Federal Savings Bank,2023,Official HMDA Data Browser filers API,matched
549300GIR2ODBIF9VF65,"New Peoples Bank, Inc.",2025,Official HMDA Data Browser filers API,matched
549300GIVX5W7UETD809,AMERICAN FIRST CREDIT UNION,2025,Official HMDA Data Browser filers API,matched
549300GIXEN5875K5W17,Horicon Bank,2023,Official HMDA Data Browser filers API,matched
549300GJ4HU1Z8P2M254,"Northeast Equitable Mortgage, LLC",2025,Official HMDA Data Browser filers API,matched
549300GJHCU3PV11PY25,CFSBANK,2025,Official HMDA Data Browser filers API,matched
549300GK8CWYLPIWOV65,Emigrant Bank,2025,Official HMDA Data Browser filers API,matched
549300GKFNPRWNS0GF29,"CMG MORTGAGE, INC.",2025,Official HMDA Data Browser filers API,matched
549300GKNMX0ZXKVPE54,Farmers Bank & Trust Company,2025,Official HMDA Data Browser filers API,matched
549300GL556PQ7WG0G08,EDUCATIONAL FEDERAL CREDIT UNION,2025,Official HMDA Data Browser filers API,matched
549300GL7DLQR39MW179,HERITAGE GROVE Federal Credit Union,2024,Official HMDA Data Browser filers API,matched
549300GLDL4X3U4RFI74,Guardian Credit Union,2025,Official HMDA Data Browser filers API,matched
549300GMJ6RM02VXK542,Pilgrim Bank,2025,Official HMDA Data Browser filers API,matched
549300GMNBYF84V5RF83,FIRST COMMERCE CREDIT UNION,2025,Official HMDA Data Browser filers API,matched
549300GMP8EYQD4U6Z40,"Quaint Oak Mortgage, LLC",2025,Official HMDA Data Browser filers API,matched
549300GMQCJI1T3P3Z82,INSIGHT CREDIT UNION,2025,Official HMDA Data Browser filers API,matched
549300GMXZWXNOS1US34,FIRST ATLANTIC FEDERAL CREDIT UNION,2025,Official HMDA Data Browser filers API,matched
549300GMYQSCNQRCBL04,HIWAY CREDIT UNION,2023,Official HMDA Data Browser filers API,matched
549300GN85R5S1V3SJ96,"KEMBA CREDIT UNION, INC.",2025,Official HMDA Data Browser filers API,matched
549300GNGK57UA6SFP52,Bristol Morgan Bank,2025,Official HMDA Data Browser filers API,matched
549300GNIV169ZIHU012,BERKADIA COMMERCIAL MORTGAGE LLC,2025,Official HMDA Data Browser filers API,matched
549300GNMONGVTFMXS97,BLAIR SERVICES OF AMERICA INC.,2023,Official HMDA Data Browser filers API,matched
549300GPM8XFBE00Z637,Bank of Central Florida,2025,Official HMDA Data Browser filers API,matched
549300GPO6DWUZR4UY30,FIRST HOME MORTGAGE CORPORATION,2025,Official HMDA Data Browser filers API,matched
549300GQDT484LGI9C04,NETWORK CAPITAL FUNDING CORPORATION,2025,Official HMDA Data Browser filers API,matched
549300GR3G0K8VJOH721,Lebanon Federal Credit Union,2023,Official HMDA Data Browser filers API,matched
549300GRGZDEH4ZGQS06,Waterstone Mortgage Corporation,2025,Official HMDA Data Browser filers API,matched
549300GRZDILCBTHSL98,RB MORTGAGE LLC,2025,Official HMDA Data Browser filers API,matched
549300GS0W0TEUQS8571,"Morgan Stanley Private Bank, National Association",2025,Official HMDA Data Browser filers API,matched
549300GS6ONO04ORI292,Willamette Valley Bank,2025,Official HMDA Data Browser filers API,matched
549300GSCUJKJINRJ980,"RUOFF MORTGAGE COMPANY, INC.",2025,Official HMDA Data Browser filers API,matched
549300GSN9VF5S618659,"GUARANTY MORTGAGE SERVICES, L.L.C.",2024,Official HMDA Data Browser filers API,matched
549300GSYIBSO9N4PB10,CONSUMERS CREDIT UNION,2025,Official HMDA Data Browser filers API,matched
549300GT860C7IVCPZ04,DYBN FINANCIAL CORP.,2025,Official HMDA Data Browser filers API,matched
549300GTJL0LGX444G33,"DREW MORTGAGE ASSOCIATES, INC.",2025,Official HMDA Data Browser filers API,matched
549300GTVXJ2PGXNLM73,T2 FINANCIAL LLC,2025,Official HMDA Data Browser filers API,matched
549300GUHDQS0TYXZT21,Stryv Bank,2025,Official HMDA Data Browser filers API,matched
549300GUS13Z72B6KD63,"KELLER MORTGAGE, LLC",2024,Official HMDA Data Browser filers API,matched
549300GV8F4RLYWAB272,MCT CREDIT UNION,2025,Official HMDA Data Browser filers API,matched
549300GWD9H4FQ2VR805,UBS Bank USA,2025,Official HMDA Data Browser filers API,matched
549300GWJ5O0AQLJKV83,FINANCIAL PLUS CREDIT UNION,2025,Official HMDA Data Browser filers API,matched
549300GWO8DN75PL7X16,Sherburne State Bank,2025,Official HMDA Data Browser filers API,matched
549300GXMSA3UUO46130,"Incommons Bank, N.A.",2025,Official HMDA Data Browser filers API,matched
549300GXXWNCQH5XX485,HARVESTERS FEDERAL CREDIT UNION,2025,Official HMDA Data Browser filers API,matched
549300GY0I1WYYWYFS47,Providence Bank & Trust,2025,Official HMDA Data Browser filers API,matched
549300GY4NTTEM7WWB64,Bank of England,2025,Official HMDA Data Browser filers API,matched
549300GY97XGRF7XZO52,TEXANS,2025,Official HMDA Data Browser filers API,matched
549300GYK7N8U42X9587,Five Star Bank,2025,Official HMDA Data Browser filers API,matched
549300GYMDP10GGMLF50,"Golden Bank, National Association",2025,Official HMDA Data Browser filers API,matched
549300GYQ8ZT1NUXRM52,WESTERRA CREDIT UNION,2025,Official HMDA Data Browser filers API,matched
549300GZ7AZQEUEDGU30,"Legend Bank, N.A.",2025,Official HMDA Data Browser filers API,matched
549300GZJ5RFM7VED177,PATRIOT MORTGAGE COMPANY,2025,Official HMDA Data Browser filers API,matched
549300GZN0GWYE1KDB94,First Citizens Community Bank,2025,Official HMDA Data Browser filers API,matched
549300GZNGM38QYV1N68,INFUZE Credit Union,2025,Official HMDA Data Browser filers API,matched
549300GZY55UGMUMI322,SmartBank,2025,Official HMDA Data Browser filers API,matched
549300H0B8QZSS10X971,FIRST HERITAGE FEDERAL CREDIT UNION,2025,Official HMDA Data Browser filers API,matched
549300H0IFPIJWI3KL08,Central State Bank,2025,Official HMDA Data Browser filers API,matched
549300H12E7AUMUHP294,"FIRST ALLIANCE HOME MORTGAGE, LLC",2025,Official HMDA Data Browser filers API,matched
549300H1EYFRIJRHPN71,Watermark Bank,2023,Official HMDA Data Browser filers API,matched
549300H1I95THVU5ZB04,BankVista,2024,Official HMDA Data Browser filers API,matched
549300H3F1P2EQW0FC36,The Bank of Tampa,2025,Official HMDA Data Browser filers API,matched
549300H3GIHYP3MB0302,Farmers State Bank,2025,Official HMDA Data Browser filers API,matched
549300H3IZO24NSOO931,"LENNAR MORTGAGE, LLC",2025,Official HMDA Data Browser filers API,matched
549300H68PK1CZUVUQ73,GENERAL ELECTRIC EMPLOYEES FEDERAL CREDIT UNION,2025,Official HMDA Data Browser filers API,matched
549300H6C1OV8E3V1P15,First Bank & Trust Co.,2025,Official HMDA Data Browser filers API,matched
549300H6J0XZXQGKDW16,U.S. EAGLE,2025,Official HMDA Data Browser filers API,matched
549300H6M7CI9LXTKS03,PRIMEWAY FEDERAL CREDIT UNION,2025,Official HMDA Data Browser filers API,matched
549300H83ZXQ4TDSXI83,WHEELHOUSE CREDIT UNION,2025,Official HMDA Data Browser filers API,matched
549300H89M6KDLFKMQ19,CUSO MORTGAGE CORPORATION,2025,Official HMDA Data Browser filers API,matched
549300H8H31LPYGJEW50,"SALEM FIVE MORTGAGE COMPANY, LLC",2025,Official HMDA Data Browser filers API,matched
549300H8JJI69WD7I525,Civista Bank,2025,Official HMDA Data Browser filers API,matched
549300HC0CLTNVGA0H76,River Region Credit Union,2025,Official HMDA Data Browser filers API,matched
549300HC145ABINEFL26,Municipal Trust and Savings Bank,2025,Official HMDA Data Browser filers API,matched
549300HC2W2SFF3LU356,GULF COAST EDUCATORS FEDERAL CREDIT UNION,2025,Official HMDA Data Browser filers API,matched
549300HCNXMTNGIMAR91,United Nations Federal Credit Union,2025,Official HMDA Data Browser filers API,matched
549300HCWCQYV87S4729,The First National Bank and Trust Co.,2025,Official HMDA Data Browser filers API,matched
549300HD2NONVMCRN332,"HALLMARK HOME MORTGAGE, LLC",2024,Official HMDA Data Browser filers API,matched
549300HECWJMBMVQ1V28,Bank Of Farmington,2025,Official HMDA Data Browser filers API,matched
549300HERTPSZ6EH0667,HOMEWAY MORTGAGE LLC,2025,Official HMDA Data Browser filers API,matched
549300HFBEONQN2CK447,Union Savings Bank,2025,Official HMDA Data Browser filers API,matched
549300HFXTV55C2HHM89,DESERT FINANCIAL CREDIT UNION,2025,Official HMDA Data Browser filers API,matched
549300HG6U7GIJKDOO88,EMIGRANT FUNDING CORPORATION,2025,Official HMDA Data Browser filers API,matched
549300HGDJQ37M5BE268,"INB, National Association",2025,Official HMDA Data Browser filers API,matched
549300HH0V8LECLNPQ26,ROGUE CREDIT UNION,2025,Official HMDA Data Browser filers API,matched
549300HH9YMUECXXU380,NEW ERA MORTGAGE SERVICES INC,2023,Official HMDA Data Browser filers API,matched
549300HIBIY0XHM03574,REDWOOD MORTGAGE CORP.,2023,Official HMDA Data Browser filers API,matched
549300HIKKZQ0TVJWA08,ARKANSAS Federal Credit Union,2025,Official HMDA Data Browser filers API,matched
549300HINJH60UG3KG47,BERKELEY POINT CAPITAL LLC,2025,Official HMDA Data Browser filers API,matched
549300HIVO8XPBPNVG69,NOVA FINANCIAL & INVESTMENT CORPORATION,2025,Official HMDA Data Browser filers API,matched
549300HJSQXR32ZGFP55,Marine Bank & Trust Company,2025,Official HMDA Data Browser filers API,matched
549300HKYBSATM44Q425,"The Washington Trust Company, of Westerly",2025,Official HMDA Data Browser filers API,matched
549300HLPEQ31HY26E57,Hometown Bank,2023,Official HMDA Data Browser filers API,matched
549300HMKAPEK7YMHY76,"PLANET MANAGEMENT GROUP, LLC",2025,Official HMDA Data Browser filers API,matched
549300HMP6CQXPB0L958,GULF COAST FEDERAL CREDIT UNION,2025,Official HMDA Data Browser filers API,matched
549300HN58ONH5KNJJ12,"THOMPSON KANE & COMPANY, INC",2025,Official HMDA Data Browser filers API,matched
549300HNJRM4GVCEUP46,FOOTHILL FEDERAL CREDIT UNION,2025,Official HMDA Data Browser filers API,matched
549300HNL0XN9S0MZM92,EQUITY NOW INC.,2024,Official HMDA Data Browser filers API,matched
549300HNMUG8WS7JLL28,The Citizens National Bank of Bluffton,2024,Official HMDA Data Browser filers API,matched
549300HO5ZZCX2Z8V467,FIVEPOINT CREDIT UNION,2025,Official HMDA Data Browser filers API,matched
549300HOJG1DA7FIZ225,"LRS FINANCIAL NETWORK, INC.",2025,Official HMDA Data Browser filers API,matched
549300HPQK71BCBQVT93,HUGHES FEDERAL CREDIT UNION,2025,Official HMDA Data Browser filers API,matched
549300HQ25HXXXOWJ140,KELLY COMMUNITY FEDERAL CREDIT UNION,2025,Official HMDA Data Browser filers API,matched
549300HQL7U3JZ4LCJ17,"MORTGAGE MARKETS CUSO, LLC",2025,Official HMDA Data Browser filers API,matched
549300HQW3FSOL75WC88,First County Bank,2025,Official HMDA Data Browser filers API,matched
549300HR2TLJ7IGFMV18,Blue Grass Savings Bank,2025,Official HMDA Data Browser filers API,matched
549300HRKD2IJSOPRA57,"CCG Fund 1, LLC",2025,Official HMDA Data Browser filers API,matched
549300HRLROF7PLJ6735,CLEAREDGE LENDING LLC,2025,Official HMDA Data Browser filers API,matched
549300HS110NTZNI7U69,"SECURITY AMERICA MORTGAGE, INC.",2023,Official HMDA Data Browser filers API,matched
549300HS714PZ0BMPN11,CYPRUS Federal Credit Union,2025,Official HMDA Data Browser filers API,matched
549300HSB39FXRFMW540,"RUHL MORTGAGE, LLC",2025,Official HMDA Data Browser filers API,matched
549300HSEF434P70U240,The Kansas State Bank,2023,Official HMDA Data Browser filers API,matched
549300HTK2JOGRTAIO10,The ONE Federal Credit Union,2024,Official HMDA Data Browser filers API,matched
549300HTMO7FGRKRLV06,"CLIFFCO, INC.",2025,Official HMDA Data Browser filers API,matched
549300HTRLFU2IIL4380,"UNITED BUILT HOMES, L.L.C.",2025,Official HMDA Data Browser filers API,matched
549300HTZK86GTZ3J496,Bank of Wolcott,2025,Official HMDA Data Browser filers API,matched
549300HUJ6V0QTROHW53,First Freedom Bank,2023,Official HMDA Data Browser filers API,matched
549300HV02VPA0FYR272,"American Liberty Mortgage, Incorporated",2025,Official HMDA Data Browser filers API,matched
549300HVFLWKU7133506,PREMIER AMERICA,2025,Official HMDA Data Browser filers API,matched
549300HVPIN7YD1REF28,People's Bank of Commerce,2023,Official HMDA Data Browser filers API,matched
549300HVUN4WJ2BRSZ39,"TEXAS REPUBLIC BANK, NATIONAL ASSOCIATION",2025,Official HMDA Data Browser filers API,matched
549300HVW3AI97UKTO72,Wings Financial Credit Union,2025,Official HMDA Data Browser filers API,matched
549300HW662MN1WU8550,"UNITED SHORE FINANCIAL SERVICES, LLC",2025,Official HMDA Data Browser filers API,matched
549300HWDY3N8UVJO697,"Sunrise Banks, National Association",2024,Official HMDA Data Browser filers API,matched
549300HWFLUA8V78OT27,The Peoples Community Bank,2024,Official HMDA Data Browser filers API,matched
549300HWQV4ZV6WMCK88,AMERICAN SOUTHWEST,2024,Official HMDA Data Browser filers API,matched
549300HX04TQZO5URB98,Peach State Bank & Trust,2025,Official HMDA Data Browser filers API,matched
549300HXQLIV5UBQEF05,Community Partners Savings Bank,2025,Official HMDA Data Browser filers API,matched
549300HYHFCULSUBAE54,FIRST WORLD MORTGAGE CORPORATION,2025,Official HMDA Data Browser filers API,matched
549300HZMPZC336WP721,The Bank of New Glarus,2025,Official HMDA Data Browser filers API,matched
549300I0HE5X0T5OI648,CALIFORNIA CREDIT UNION,2025,Official HMDA Data Browser filers API,matched
549300I0ICF6REKHOC74,"DIRECT MORTGAGE LOANS, LLC",2025,Official HMDA Data Browser filers API,matched
549300I0JGZE27J13Z50,NEIGHBORHOOD,2025,Official HMDA Data Browser filers API,matched
549300I0X310UO0GSO83,"American Commerce Bank, National Association",2023,Official HMDA Data Browser filers API,matched
549300I1HK1BBZLKOB84,ADVANCIAL CREDIT UNION,2025,Official HMDA Data Browser filers API,matched
549300I23OUVH341T124,"Horizon Bank, SSB",2023,Official HMDA Data Browser filers API,matched
549300I316H4TE334G62,"Homesale Mortgage, LLC",2025,Official HMDA Data Browser filers API,matched
549300I3HDJ5QJNFPZ87,AMERICAN FINANCE HOUSE LARIBA,2025,Official HMDA Data Browser filers API,matched
549300I3LFY4G7F9CE90,CPM Federal Credit Union,2025,Official HMDA Data Browser filers API,matched
549300I3SDXHG6BUD309,CAPITOL CREDIT UNION,2025,Official HMDA Data Browser filers API,matched
549300I43FC7P0IJMR13,"LOANLEADERS OF AMERICA, INC.",2025,Official HMDA Data Browser filers API,matched
549300I4IUWMEMGLST06,"Cypress Bank, SSB",2025,Official HMDA Data Browser filers API,matched
549300I58H1B8G6KOY91,Traditions First Bank,2025,Official HMDA Data Browser filers API,matched
549300I67S0IYUQWFJ07,NEIGHBORS Credit Union,2025,Official HMDA Data Browser filers API,matched
549300I6BXTT1NLNPE10,CLB The Community Bank,2023,Official HMDA Data Browser filers API,matched
549300I72FXKCNGRQC43,HomeBank Texas,2025,Official HMDA Data Browser filers API,matched
549300I7G0WB7Z0BCX80,FIRST EAGLE,2025,Official HMDA Data Browser filers API,matched
549300I7M2M0Q6LCLA63,TEXAS DOW EMPLOYEES CREDIT UNION,2025,Official HMDA Data Browser filers API,matched
549300I7SKMG274G2Y20,GARDEN SAVINGS FEDERAL CREDIT UNION,2025,Official HMDA Data Browser filers API,matched
549300I8D8TQDQWQAO82,FAMILIES AND SCHOOLS TOGETHER FEDERAL CREDIT UNION,2025,Official HMDA Data Browser filers API,matched
549300I8GW9QHQO63J05,"Peoples Bank of Kentucky, Inc.",2025,Official HMDA Data Browser filers API,matched
549300I8I7EBXHMYYW54,RIVERFRONT FEDERAL CREDIT UNION,2025,Official HMDA Data Browser filers API,matched
549300IBHFWCA2THLC52,Tower Community Bank,2025,Official HMDA Data Browser filers API,matched
549300IBT3SCF2K09D58,"CBRE MULTIFAMILY CAPITAL, INC.",2025,Official HMDA Data Browser filers API,matched
549300IC1SF2RZ8ROR54,First Liberty Bank,2025,Official HMDA Data Browser filers API,matched
549300ID4RCRD8BXYH30,"ResMac, Inc.",2025,Official HMDA Data Browser filers API,matched
549300IDUXOP6HUDV878,North American Banking Company,2024,Official HMDA Data Browser filers API,matched
549300IEIM2IT5YK4368,First Community Bank,2025,Official HMDA Data Browser filers API,matched
549300IFAGUDY5MUY541,AIM Credit Union,2025,Official HMDA Data Browser filers API,matched
549300IFOE4SCP384147,University Bank,2025,Official HMDA Data Browser filers API,matched
549300IFU5D50EZHEU18,Louisiana National Bank,2025,Official HMDA Data Browser filers API,matched
549300IH3DF6NS2IYJ30,FIRST SERVICE Credit Union,2025,Official HMDA Data Browser filers API,matched
549300IHBKY3L5OIDT39,"Planters Bank, Inc.",2025,Official HMDA Data Browser filers API,matched
549300II7Y8V2KY9TM28,"Home Bank, National Association",2025,Official HMDA Data Browser filers API,matched
549300III1DMY3SLAW56,Countybank,2025,Official HMDA Data Browser filers API,matched
549300IIYO1S63GOQ040,"PCMA, INC.",2023,Official HMDA Data Browser filers API,matched
549300IJ5M3CD2DPIX47,American National Bank of Minnesota,2025,Official HMDA Data Browser filers API,matched
549300IJ8KTGYPKLXK63,COMMUNITY MORTGAGE CORPORATION,2025,Official HMDA Data Browser filers API,matched
549300IJB00VM6H8PP97,American Momentum Bank,2025,Official HMDA Data Browser filers API,matched
549300IJI189UIQW0294,NEXTMARK,2024,Official HMDA Data Browser filers API,matched
549300IJO7NO6VDZPD35,"THE MORTGAGE LINK, INC.",2025,Official HMDA Data Browser filers API,matched
549300IKNQI45EOJU155,"Capital City Home Loans, LLC",2025,Official HMDA Data Browser filers API,matched
549300IKS3MMB5YK6T18,KINECTA,2025,Official HMDA Data Browser filers API,matched
549300IL0IHBRVBZKO13,Marquette Savings Bank,2024,Official HMDA Data Browser filers API,matched
549300IL3HLQ2SW5VN73,"ASSOCIATED MORTGAGE BANKERS, INC.",2025,Official HMDA Data Browser filers API,matched
549300ILIUB22RTQKQ27,"BKCO MORTGAGE, LLC",2023,Official HMDA Data Browser filers API,matched
549300INFJ8TYNZ1G568,"Charles Schwab Bank, SSB",2025,Official HMDA Data Browser filers API,matched
549300INKSPQCTELMO58,Granite Bank,2025,Official HMDA Data Browser filers API,matched
549300IOM384RW3HWE57,Five Star Credit Union,2025,Official HMDA Data Browser filers API,matched
549300IOVF643QHIZ598,"Auto Club Trust, FSB",2023,Official HMDA Data Browser filers API,matched
549300IPUHFA5O769M51,"Vellum Mortgage, Inc.",2025,Official HMDA Data Browser filers API,matched
549300IQ5NY7CSJLZW53,First Bank & Trust,2025,Official HMDA Data Browser filers API,matched
549300IQVXIW1VTW0D69,Citizens First Bank,2025,Official HMDA Data Browser filers API,matched
549300IRQPG1Q6VZ8Y58,Lone Star National Bank,2025,Official HMDA Data Browser filers API,matched
549300IRRKG7NTX2YD83,Citizens Bank and Trust,2025,Official HMDA Data Browser filers API,matched
549300IRXW9RSZM2B951,Evolve Bank & Trust,2025,Official HMDA Data Browser filers API,matched
549300IS603VHWV5ZJ45,SUN COMMUNITY FEDERAL CREDIT UNION,2025,Official HMDA Data Browser filers API,matched
549300ISCZS1R0CJMO47,"Premia Mortgage, LLC DBA Premia Relocation Mortgage",2025,Official HMDA Data Browser filers API,matched
549300IUGPU6Q7414X38,Murphy Bank,2025,Official HMDA Data Browser filers API,matched
549300IUMIMR7KEN9Z07,Elizabethton Federal Savings Bank,2024,Official HMDA Data Browser filers API,matched
549300IV3BQZRSE82O16,GECU,2025,Official HMDA Data Browser filers API,matched
549300IVOJIAJUT2E435,"FC LENDING, LTD.",2024,Official HMDA Data Browser filers API,matched
549300IVS7RAU1H3GS10,UBank,2025,Official HMDA Data Browser filers API,matched
549300IVURCTJ6QVMD67,First Financial Bank,2025,Official HMDA Data Browser filers API,matched
549300IWE0Y507LPF493,MORTGAGE 1 INCORPORATED,2025,Official HMDA Data Browser filers API,matched
549300IWSSP83SNIPE63,PATRIOT,2025,Official HMDA Data Browser filers API,matched
549300IX6RAX31C1BI75,"Park Lane Finance Solutions, LLC",2025,Official HMDA Data Browser filers API,matched
549300IXP5DNWSGY6F96,"Intrust Bank, National Association",2025,Official HMDA Data Browser filers API,matched
549300IXTSQB6QVVI060,First Bank of Alabama,2025,Official HMDA Data Browser filers API,matched
549300IY6RZNCBF0QZ14,Community National Bank,2023,Official HMDA Data Browser filers API,matched
549300IYKILIU506KA05,PeoplesBank,2023,Official HMDA Data Browser filers API,matched
549300IYR2K45YQJGV33,"Horizon Farm Credit, ACA",2025,Official HMDA Data Browser filers API,matched
549300IZ5GOBKOERL931,Luana Savings Bank,2025,Official HMDA Data Browser filers API,matched
549300J0CKZA0PR2DX58,LINKBANK,2025,Official HMDA Data Browser filers API,matched
549300J1354ZHZC8JP58,Princeton Federal Credit Union,2025,Official HMDA Data Browser filers API,matched
549300J1JK4OE41PLT95,"The Citizens Bank of Philadelphia, Mississippi",2025,Official HMDA Data Browser filers API,matched
549300J327PTWC173F64,FIRST CHOICE,2025,Official HMDA Data Browser filers API,matched
549300J3YLW53W0K4T67,"CENTENNIAL LENDING, LLC",2025,Official HMDA Data Browser filers API,matched
549300J4330IBZ0BBI43,ALL IN FEDERAL CREDIT UNION,2025,Official HMDA Data Browser filers API,matched
549300J59G4M2OH83E71,Sawyer Savings Bank,2025,Official HMDA Data Browser filers API,matched
549300J5W91RLNLMTL86,Adams Community Bank,2025,Official HMDA Data Browser filers API,matched
549300J5XPZQYI2FNC72,TARRANT COUNTY'S CREDIT UNION,2025,Official HMDA Data Browser filers API,matched
549300J5YB46ZKVUNF26,UNIWYO FEDERAL CREDIT UNION,2024,Official HMDA Data Browser filers API,matched
549300J6A8R0TUC01239,Neches Federal Credit Union,2025,Official HMDA Data Browser filers API,matched
549300J6N77Q8OHYNF23,"ENVOY MORTGAGE, LTD",2025,Official HMDA Data Browser filers API,matched
549300J7I82PNDVU8H22,"OCMBC, INC.",2025,Official HMDA Data Browser filers API,matched
549300J7XKT2BI5WX213,"CALIBER HOME LOANS, INC.",2023,Official HMDA Data Browser filers API,matched
549300J8HNLGP2HYNE66,Industrial Bank,2025,Official HMDA Data Browser filers API,matched
549300J8Y8IPQFMMIT88,The Bank of Canton,2025,Official HMDA Data Browser filers API,matched
549300J9E3YDKIBPUY45,Bank Forward,2025,Official HMDA Data Browser filers API,matched
549300JAEP0DFO79JO70,GRANITE FEDERAL CREDIT UNION,2025,Official HMDA Data Browser filers API,matched
549300JBMMNIOX7XU115,BELCO COMMUNITY CREDIT UNION,2024,Official HMDA Data Browser filers API,matched
549300JD1162QW84ZO34,GREENWOOD CREDIT UNION,2025,Official HMDA Data Browser filers API,matched
549300JDDZ5OVOP5E294,Mazuma Credit Union,2025,Official HMDA Data Browser filers API,matched
549300JE6M4A1G4LPS75,The Bank of Missouri,2025,Official HMDA Data Browser filers API,matched
549300JEBULFT3BSU682,Bangor Savings Bank,2025,Official HMDA Data Browser filers API,matched
549300JEHXW73XYX6533,Cattaraugus County Bank,2025,Official HMDA Data Browser filers API,matched
549300JF52QHLC8BF081,Texas State Bank,2025,Official HMDA Data Browser filers API,matched
549300JGK6WNKYXQ0821,ATLANTA POSTAL,2025,Official HMDA Data Browser filers API,matched
549300JGL6C3EZEB8H05,Green Belt Bank & Trust,2024,Official HMDA Data Browser filers API,matched
549300JGMQJ4R419LR70,"LUMENT REAL ESTATE CAPITAL, LLC",2025,Official HMDA Data Browser filers API,matched
549300JI0UWY4QIWDV89,"NORTHPOINT MORTGAGE, INC.",2025,Official HMDA Data Browser filers API,matched
549300JICBJ5KEDP3217,CenterBank,2024,Official HMDA Data Browser filers API,matched
549300JJVGBKK5UE5035,"Advance Financial Group, LLC",2025,Official HMDA Data Browser filers API,matched
549300JK7FP26MG28H96,COMPASS FEDERAL CREDIT UNION,2025,Official HMDA Data Browser filers API,matched
549300JKR164SLNO6Y85,"NATIONS RELIABLE LENDING, LLC",2024,Official HMDA Data Browser filers API,matched
549300JKYBEV1DF8FD32,Banesco USA,2025,Official HMDA Data Browser filers API,matched
549300JKZP45L168QC29,Bank of Gibson City,2025,Official HMDA Data Browser filers API,matched
549300JL3TGNE3Y7PE33,Texas Security Bank,2025,Official HMDA Data Browser filers API,matched
549300JL8NM8DX0AMB96,JONES BANK,2023,Official HMDA Data Browser filers API,matched
549300JLXD89NGKXMS84,"NextMortgage, LLC",2025,Official HMDA Data Browser filers API,matched
549300JMCI45DZ4YNK98,TrustBank,2025,Official HMDA Data Browser filers API,matched
549300JMT2KAYN9PTX82,"Members Mortgage Services, L.L.C.",2025,Official HMDA Data Browser filers API,matched
549300JNTZTF40KCOF79,Republic Bank,2023,Official HMDA Data Browser filers API,matched
549300JNYMHRVCGKK706,FREEDOM,2025,Official HMDA Data Browser filers API,matched
549300JOD3S8ZGZLHP53,"GOOGAIN, INC.",2025,Official HMDA Data Browser filers API,matched
549300JODTD5ROHSII79,Pointbank,2025,Official HMDA Data Browser filers API,matched
549300JOT0D4J0SZIK67,THE MONEY SOURCE INC.,2023,Official HMDA Data Browser filers API,matched
549300JOYC0RUSF9DL04,First State Bank,2024,Official HMDA Data Browser filers API,matched
549300JP8LGXT0Z0S678,"PLAINS LAND BANK, FEDERAL LAND CREDIT ASSOCIATION",2025,Official HMDA Data Browser filers API,matched
549300JPGMCMBEJEK584,DIGITAL,2025,Official HMDA Data Browser filers API,matched
549300JPKIA8GCDBEI29,GULF CREDIT UNION,2025,Official HMDA Data Browser filers API,matched
549300JPRUH645Z90X88,"Interamerican Bank, A FSB",2023,Official HMDA Data Browser filers API,matched
549300JPVHG8M0ADBX36,Riverview Bank,2024,Official HMDA Data Browser filers API,matched
549300JPWAKLM047FK81,Crossroads Bank,2025,Official HMDA Data Browser filers API,matched
549300JQALY53TH22D13,"JONES LANG LASALLE MULTIFAMILY, LLC",2025,Official HMDA Data Browser filers API,matched
549300JQEF6V2RNWCC75,Southern Bancorp Bank,2025,Official HMDA Data Browser filers API,matched
549300JQGT4VX22XJ495,The Ohio Valley Bank Company,2025,Official HMDA Data Browser filers API,matched
549300JRDBJ5RPA6TY76,Holcomb Bank,2025,Official HMDA Data Browser filers API,matched
549300JRDGV1559XM376,"CASTLE & COOKE MORTGAGE, LLC",2025,Official HMDA Data Browser filers API,matched
549300JRSBCJN2HPK893,"PARTNERS UNITED FINANCIAL, LLC",2023,Official HMDA Data Browser filers API,matched
549300JSQZG5CD2LWR30,The Dime Bank,2025,Official HMDA Data Browser filers API,matched
549300JSWMVSCXIPC896,MEMBERS FIRST CREDIT UNION OF FLORIDA,2025,Official HMDA Data Browser filers API,matched
549300JUPH9GRBKWSS23,"PARKSTONE MORTGAGE, LLC",2025,Official HMDA Data Browser filers API,matched
549300JUU7PS6Y4KM909,West-Aircomm Federal Credit Union,2024,Official HMDA Data Browser filers API,matched
549300JVXDPLF4P32H95,Community State Bank,2025,Official HMDA Data Browser filers API,matched
549300JX4XZ2XQAMU684,ASSOCIATED CREDIT UNION OF TEXAS,2025,Official HMDA Data Browser filers API,matched
549300JX8UXNIMMZYW86,"CAPITAL CONCEPTS, INC.",2025,Official HMDA Data Browser filers API,matched
549300JXG84BHZE66C26,Newburyport Five Cents Savings Bank,2025,Official HMDA Data Browser filers API,matched
549300JXWG67QZF4I652,Fifth District Savings Bank,2025,Official HMDA Data Browser filers API,matched
549300JY7AI2T0M8WT17,LAND OF LINCOLN CREDIT UNION,2025,Official HMDA Data Browser filers API,matched
549300JYXTZDSPJEPI44,"PLAZA HOME MORTGAGE, INC.",2025,Official HMDA Data Browser filers API,matched
549300JZD4L02YZI3Z50,NJ LENDERS CORP.,2025,Official HMDA Data Browser filers API,matched
549300K0ZDYG8YJZ3L95,Ponce Bank,2025,Official HMDA Data Browser filers API,matched
549300K1K5K5L0W6QR97,Unity Bank,2025,Official HMDA Data Browser filers API,matched
549300K25LF5SIJKLD23,Gateway Bank,2025,Official HMDA Data Browser filers API,matched
549300K2EV48DVSYNV15,Home Federal Bank,2025,Official HMDA Data Browser filers API,matched
549300K2JM6ID3V5LO24,First South Financial Federally Insured State-Chartered Credit Union,2025,Official HMDA Data Browser filers API,matched
549300K31SPZG5JQ7275,Spring Hill State Bank,2025,Official HMDA Data Browser filers API,matched
549300K35KPBBS2J9A28,Peoples National Bank of Kewanee,2025,Official HMDA Data Browser filers API,matched
549300K3JILC7UMYWR39,Hiawatha National Bank,2025,Official HMDA Data Browser filers API,matched
549300K3SVNVK97FCP36,Metairie Bank & Trust Company,2023,Official HMDA Data Browser filers API,matched
549300K3VE61PXPZDV51,"J. VIRGIL, INC.",2025,Official HMDA Data Browser filers API,matched
549300K4ZLGS7SRDTL86,Equity Prime Mortgage LLC,2025,Official HMDA Data Browser filers API,matched
549300K5OUR2FD1NV703,"BHOME MORTGAGE, LLC",2024,Official HMDA Data Browser filers API,matched
549300K5R2UQGSNVT989,SAN FRANCISCO FEDERAL CREDIT UNION,2025,Official HMDA Data Browser filers API,matched
549300K5SWOZ1F2OHY48,Equitable Bank,2023,Official HMDA Data Browser filers API,matched
549300K5UMNILYHPS895,"DIVVY HOME LOANS, LLC",2023,Official HMDA Data Browser filers API,matched
549300K6I4IZA57BON59,Community State Bank,2025,Official HMDA Data Browser filers API,matched
549300K6K2IS7FRS7S09,"North American Savings Bank, F.S.B.",2025,Official HMDA Data Browser filers API,matched
549300K6L4VXCXWN4205,ORNL,2025,Official HMDA Data Browser filers API,matched
549300K6MDR5BGOE0B97,ALABAMA CENTRAL,2025,Official HMDA Data Browser filers API,matched
549300K7224BC1IAX207,MIDFLORIDA,2025,Official HMDA Data Browser filers API,matched
549300K77IQXQEIYGA47,BRIDGE CITY STATE BANK,2025,Official HMDA Data Browser filers API,matched
549300K77JMKPUYBOI69,International Bank of Commerce,2025,Official HMDA Data Browser filers API,matched
549300K9D373DH6LF245,Freedom Bank,2025,Official HMDA Data Browser filers API,matched
549300KBCEYCLANGUM06,PacWest Funding Inc.,2023,Official HMDA Data Browser filers API,matched
549300KBWX4NV5Q1E376,"NVR Mortgage Finance, Inc.",2025,Official HMDA Data Browser filers API,matched
549300KCR7QWQQCWBG94,Reliabank Dakota,2024,Official HMDA Data Browser filers API,matched
549300KCWMM5PJHWO653,"AURGROUP FINANCIAL CREDIT UNION, INC.",2025,Official HMDA Data Browser filers API,matched
549300KDDWLC5I8K6C44,ORANGE COUNTY'S CREDIT UNION,2025,Official HMDA Data Browser filers API,matched
549300KDR80I1ELW8D36,"AgWest Farm Credit, FLCA",2025,Official HMDA Data Browser filers API,matched
549300KDVJICP5T5BD05,DEL-ONE FEDERAL CREDIT UNION,2025,Official HMDA Data Browser filers API,matched
549300KEFLY2A00BLQ60,Flint Community Bank,2025,Official HMDA Data Browser filers API,matched
549300KEN9618A3NSC95,Trax Federal Credit Union,2025,Official HMDA Data Browser filers API,matched
549300KER3YVZ3U5RK57,VERIDIAN CREDIT UNION,2025,Official HMDA Data Browser filers API,matched
549300KEXKSBTXDVT278,First Oklahoma Bank,2025,Official HMDA Data Browser filers API,matched
549300KGE82WIZC87Y08,JEANNE D'ARC Credit Union,2023,Official HMDA Data Browser filers API,matched
549300KGMXCXMVC0BO47,FREEDOM FIRST Federal Credit Union,2025,Official HMDA Data Browser filers API,matched
549300KH5RQTNDNNHM28,The First National Bank of Carmi,2025,Official HMDA Data Browser filers API,matched
549300KHXD7JSQUZIJ22,"HIGHLANDS RESIDENTIAL MORTGAGE, LTD.",2025,Official HMDA Data Browser filers API,matched
549300KI5WZF5PXKAF12,Metro Bank,2024,Official HMDA Data Browser filers API,matched
549300KILAW2M87QR043,INDIANA STATE UNIVERSITY FEDERAL CREDIT UNION,2025,Official HMDA Data Browser filers API,matched
549300KIOYNU323LVJ37,AMERICAN PACIFIC MORTGAGE CORPORATION,2025,Official HMDA Data Browser filers API,matched
549300KJ8PAJ7E52HG32,Plains Commerce Bank,2025,Official HMDA Data Browser filers API,matched
549300KJAE0JN2Z6YV76,Great Southern Bank,2025,Official HMDA Data Browser filers API,matched
549300KJI3KX8KY2FG10,Hilltop National Bank,2025,Official HMDA Data Browser filers API,matched
549300KJKBXR3PD3QQ56,RAPID MORTGAGE COMPANY,2025,Official HMDA Data Browser filers API,matched
549300KJZ82173UB3I21,City National Bank of West Virginia,2025,Official HMDA Data Browser filers API,matched
549300KKOHQFSTKHSN59,TEXAS TRUST,2025,Official HMDA Data Browser filers API,matched
549300KL7MLR63WYCF68,Valley Central Bank,2023,Official HMDA Data Browser filers API,matched
549300KLBHBLTPBU7507,"El Dorado Savings Bank, F.S.B.",2025,Official HMDA Data Browser filers API,matched
549300KLIO6FT2J64B78,Security State Bank & Trust,2025,Official HMDA Data Browser filers API,matched
549300KM0M1BH7LBWW77,Patriot Bank,2025,Official HMDA Data Browser filers API,matched
549300KM40FP4MSQU941,Boeing Employees Credit Union,2025,Official HMDA Data Browser filers API,matched
549300KNDTHPORJI2O79,"ANCHOR NATIONWIDE LOANS, LLC",2025,Official HMDA Data Browser filers API,matched
549300KNV94E4Y2HSK54,Tri-County Bank,2023,Official HMDA Data Browser filers API,matched
549300KNZ6E1MM7RQQ04,Clear Mountain Bank,2024,Official HMDA Data Browser filers API,matched
549300KOAKQX3BEWWT56,"CLM MORTGAGE, INC.",2025,Official HMDA Data Browser filers API,matched
549300KOEN7O8EYN8207,First State Bank,2025,Official HMDA Data Browser filers API,matched
549300KOLMR4MSUXQS86,The National Bank of Coxsackie,2025,Official HMDA Data Browser filers API,matched
549300KP95LHU8OP0H40,"VAL-CHRIS INVESTMENTS, INC.",2025,Official HMDA Data Browser filers API,matched
549300KPBZCTMM3Y0061,NASA Federal Credit Union,2025,Official HMDA Data Browser filers API,matched
549300KPFP1WXCNBNR50,KANZA Bank,2024,Official HMDA Data Browser filers API,matched
549300KPHGEE40YQXO21,FARMERS INSURANCE GROUP FEDERAL CREDIT UNION,2025,Official HMDA Data Browser filers API,matched
549300KQHWNSVCE2MY88,"SIRVA MORTGAGE, INC.",2025,Official HMDA Data Browser filers API,matched
549300KQQRECSLK8ID57,"STAUNTON FINANCIAL, INC.",2025,Official HMDA Data Browser filers API,matched
549300KR4ZW8KJC82O47,Community First National Bank,2025,Official HMDA Data Browser filers API,matched
549300KRHOMDHAKS8L29,SHARONVIEW FEDERAL CREDIT UNION,2025,Official HMDA Data Browser filers API,matched
549300KRZPD4CJ340L77,Sunwest Bank,2025,Official HMDA Data Browser filers API,matched
549300KSOOZZVXCMA627,ANGEL OAK MORTGAGE SOLUTIONS LLC,2025,Official HMDA Data Browser filers API,matched
549300KST6N97GYH0O45,Susser Bank,2025,Official HMDA Data Browser filers API,matched
549300KT5OWPGQKWUN86,"SEMPER HOME LOANS, INC",2025,Official HMDA Data Browser filers API,matched
549300KTBKVRBY302A16,"Bank of Hillsboro, National Association",2025,Official HMDA Data Browser filers API,matched
549300KTI1WVD92EAK75,Farmers State Bank of Hoffman,2025,Official HMDA Data Browser filers API,matched
549300KTR1JGH3K6LU06,Bethpage Federal Credit Union,2025,Official HMDA Data Browser filers API,matched
549300KTSX5SM2W0VV58,Crossroads Bank,2024,Official HMDA Data Browser filers API,matched
549300KUBRH1GICTLI84,NEW HAMPSHIRE,2024,Official HMDA Data Browser filers API,matched
549300KUIZTYQRC0R888,Heritage Bank National Association,2025,Official HMDA Data Browser filers API,matched
549300KUYF5QOROM7N37,ESL Federal Credit Union,2025,Official HMDA Data Browser filers API,matched
549300KV83NH6PNL5E48,Westfield Bank,2025,Official HMDA Data Browser filers API,matched
549300KW3HYVC06WS898,Paramount Bank,2025,Official HMDA Data Browser filers API,matched
549300KW705BBINDIZ26,TIB National Association,2025,Official HMDA Data Browser filers API,matched
549300KWKWPEKL40WD44,AMERICAN FEDERAL MORTGAGE CORPORATION,2025,Official HMDA Data Browser filers API,matched
549300KWXO8FUM7L0E14,Liberty Bank,2025,Official HMDA Data Browser filers API,matched
549300KX2KT8MOAS5Q71,"State Bank of the Lakes, N.A.",2025,Official HMDA Data Browser filers API,matched
549300KX4S1573HISS22,OAKTREE FUNDING CORP.,2025,Official HMDA Data Browser filers API,matched
549300KX6E1IE2LM5E30,"FLYHOMES MORTGAGE, LLC",2025,Official HMDA Data Browser filers API,matched
549300KXIFQ7HCW3FR89,Andrew Johnson Bank,2025,Official HMDA Data Browser filers API,matched
549300KY533JFETOYG46,Landmark Credit Union,2025,Official HMDA Data Browser filers API,matched
549300KZ4HZESXAO1M36,,,Official HMDA Data Browser filers API,unmatched
549300KZC4KKV3F7W494,BAY,2025,Official HMDA Data Browser filers API,matched
549300KZRQ03T8H2Y769,Community Trust Credit Union,2025,Official HMDA Data Browser filers API,matched
549300KZVCKCUN23YY80,Consolidated Federal Credit Union,2025,Official HMDA Data Browser filers API,matched
549300KZVNU4UKZSWD59,CANTON SCHOOL EMPLOYEES Federal Credit Union,2023,Official HMDA Data Browser filers API,matched
549300L0KQ09W67V4228,Ennis State Bank,2025,Official HMDA Data Browser filers API,matched
549300L0RZ1NED0NV967,Citizens Bank & Trust Company,2023,Official HMDA Data Browser filers API,matched
549300L1DBFIJZI8LA40,"ACOPIA, LLC",2025,Official HMDA Data Browser filers API,matched
549300L1RVMMHUVKTQ94,MutualOne Bank,2025,Official HMDA Data Browser filers API,matched
549300L1U2HOTC8O4K95,"CITIZENS BANK OF KENTUCKY, INC.",2025,Official HMDA Data Browser filers API,matched
549300L34FQYD6PROV86,"Clear Fork Bank, National Association",2025,Official HMDA Data Browser filers API,matched
549300L36QZWPHM6FP31,Citizens Business Bank,2025,Official HMDA Data Browser filers API,matched
549300L3C3LKXG2XBS96,Penn Community Bank,2025,Official HMDA Data Browser filers API,matched
549300L3IHIP0RH6IY76,SANDIA AREA,2025,Official HMDA Data Browser filers API,matched
549300L3O89DECR4DV44,FUNDING RESOURCES MORTGAGE CORPORATION,2025,Official HMDA Data Browser filers API,matched
549300L44U62O7WHRR78,FIRST COMMUNITY,2025,Official HMDA Data Browser filers API,matched
549300L4I0NP22SUIE86,Phoenixville Federal Bank and Trust,2024,Official HMDA Data Browser filers API,matched
549300L4Z4LTG4TJTM66,First Community Bank,2025,Official HMDA Data Browser filers API,matched
549300L5PE7ZGYRW5Q15,Citizens Bank of Las Cruces,2025,Official HMDA Data Browser filers API,matched
549300L5PI87OOVHD857,Washington State Bank,2023,Official HMDA Data Browser filers API,matched
549300L6BONVKN6UXC26,PARDA Federal Credit Union,2025,Official HMDA Data Browser filers API,matched
549300L6L2UXMLMG8616,Edwards Federal Credit Union,2025,Official HMDA Data Browser filers API,matched
549300L6SV1WXLO6BB96,State Bank of De Kalb,2025,Official HMDA Data Browser filers API,matched
549300L6YKIXOYQ57883,Greenfield Savings Bank,2024,Official HMDA Data Browser filers API,matched
549300L7610D7H3Z5585,Grand River Bank,2024,Official HMDA Data Browser filers API,matched
549300L7HZ4C5U35BO37,INTOUCH CREDIT UNION,2025,Official HMDA Data Browser filers API,matched
549300L7IR85QJ3SOP77,Prism Bank,2025,Official HMDA Data Browser filers API,matched
549300L7JNOXBW10PN68,Empower Credit Union,2024,Official HMDA Data Browser filers API,matched
549300L7OFUBO6FHY884,Hyperion Bank,2025,Official HMDA Data Browser filers API,matched
549300L8D4DNZNL31O66,EDUCATION FIRST,2025,Official HMDA Data Browser filers API,matched
549300L8JRY60EOROT34,FCB Banks,2025,Official HMDA Data Browser filers API,matched
549300L8KOGOW7X6DY09,The Farmers State Bank,2024,Official HMDA Data Browser filers API,matched
549300L8ZRL1FNUUOA59,"READYCAP COMMERCIAL, LLC",2025,Official HMDA Data Browser filers API,matched
549300L9MOPDT0NKE883,"Fidelity Bank, National Association",2025,Official HMDA Data Browser filers API,matched
549300LBBI5HSCNM6E20,"PARK SQUARE HOME MORTGAGE, LLC",2025,Official HMDA Data Browser filers API,matched
549300LBCBNR1OT00651,NATIONSTAR MORTGAGE LLC,2025,Official HMDA Data Browser filers API,matched
549300LBK5BTNFKZJD14,Univest Bank and Trust Co.,2025,Official HMDA Data Browser filers API,matched
549300LBSJDS5R7PIK62,Tolleson Private Bank,2025,Official HMDA Data Browser filers API,matched
549300LCMQJZBJE7EL26,GHS Federal Credit Union,2025,Official HMDA Data Browser filers API,matched
549300LCSS511JWT1A44,Greenfield Banking Company,2025,Official HMDA Data Browser filers API,matched
549300LDBCZGR7DW6211,THE SOUTHERN CREDIT UNION,2025,Official HMDA Data Browser filers API,matched
549300LDC5KWHWDXTW48,USF Federal Credit Union,2025,Official HMDA Data Browser filers API,matched
549300LDX1HCIL448282,BOM Bank,2025,Official HMDA Data Browser filers API,matched
549300LE3ZOZXUS7W648,FIDELITY BANK,2025,Official HMDA Data Browser filers API,matched
549300LE8FCN6UKPSQ83,"CARNEGIE MORTGAGE PARTNERS, LLC",2025,Official HMDA Data Browser filers API,matched
549300LENIDYCDF93Y54,Heartland Credit Union (Madison),2025,Official HMDA Data Browser filers API,matched
549300LEOR2LO8J9RT29,"VICTORY MORTGAGE, L.L.C.",2025,Official HMDA Data Browser filers API,matched
549300LF0MZUT1N6QL28,"PACIFIC HOME LOANS, INC.",2025,Official HMDA Data Browser filers API,matched
549300LFHSPQF8FQR548,Actors Federal Credit Union,2025,Official HMDA Data Browser filers API,matched
549300LFR4FQMI48MF92,The First National Bank of Tom Bean,2025,Official HMDA Data Browser filers API,matched
549300LG07PXWSIMC813,TRUSTONE FINANCIAL CREDIT UNION,2025,Official HMDA Data Browser filers API,matched
549300LG5340S24M4N89,PREMIER MEMBERS CREDIT UNION,2025,Official HMDA Data Browser filers API,matched
549300LG73ZJO2VYV440,"AgSouth Farm Credit, ACA",2023,Official HMDA Data Browser filers API,matched
549300LG7IO23TN5LR98,Southeastern Bank,2025,Official HMDA Data Browser filers API,matched
549300LG8MECYD8F2A55,American National Bank & Trust,2025,Official HMDA Data Browser filers API,matched
549300LGD38SS4PVFC71,TRUCHOICE FEDERAL CREDIT UNION,2024,Official HMDA Data Browser filers API,matched
549300LGE7I6F2K89769,BMI Federal Credit Union,2025,Official HMDA Data Browser filers API,matched
549300LGEXCX325O8C49,First Harrison Bank,2025,Official HMDA Data Browser filers API,matched
549300LH06ZZHKPX5U83,BNC National Bank,2025,Official HMDA Data Browser filers API,matched
549300LHIG86DP0JR819,POINTWEST BANK,2023,Official HMDA Data Browser filers API,matched
549300LHJR6FIWIU8E25,FIRST NATIONS HOME FINANCE CORPORATION,2025,Official HMDA Data Browser filers API,matched
549300LI3FDGO7UKFF39,EAST COAST CAPITAL CORP.,2025,Official HMDA Data Browser filers API,matched
549300LI5KT42YX5L588,FIRST NORTHERN Credit Union,2025,Official HMDA Data Browser filers API,matched
549300LI67PLCC1Z3P80,WEBSTER FIRST Federal Credit Union,2025,Official HMDA Data Browser filers API,matched
549300LIPY4ISRLGTF16,Bank of Dickson,2023,Official HMDA Data Browser filers API,matched
549300LIZH7VW4DFJK44,Chickasaw Community Bank,2025,Official HMDA Data Browser filers API,matched
549300LK4WOVIJ8FAK87,Silver Lake Bank,2024,Official HMDA Data Browser filers API,matched
549300LL0P3NQ5Q2UF60,LONG BEACH FIREMEN S CREDIT UNION,2024,Official HMDA Data Browser filers API,matched
549300LL55GPEKSXNY85,The Falls City National Bank,2025,Official HMDA Data Browser filers API,matched
549300LLESTPOVRG3X73,Farmers Bank & Trust,2025,Official HMDA Data Browser filers API,matched
549300LLKEKXL2RM1F61,CONTOUR MORTGAGE CORPORATION,2025,Official HMDA Data Browser filers API,matched
549300LLQD0X2OTG0Y27,"Home Loan Investment Bank, F.S.B.",2025,Official HMDA Data Browser filers API,matched
549300LMP5T3UBHAEI68,VICTORIA FINANCIAL CORP.,2025,Official HMDA Data Browser filers API,matched
549300LNJJYJMOPHAH96,Pasadena Federal Credit Union,2025,Official HMDA Data Browser filers API,matched
549300LNUJ0IPK43UX33,Premier Bank,2024,Official HMDA Data Browser filers API,matched
549300LO3MP4RAI32X70,First Bank,2025,Official HMDA Data Browser filers API,matched
549300LP0CV2MNC1GV68,"Academy Bank, National Association",2025,Official HMDA Data Browser filers API,matched
549300LP3GMTWS4OB353,"SENTE MORTGAGE, INC.",2025,Official HMDA Data Browser filers API,matched
549300LPT41QBMAC7948,"SOUTH CENTRAL BANK, INC.",2025,Official HMDA Data Browser filers API,matched
549300LQJ27OINBPW522,SYRACUSE FIRE DEPARTMENT EMPLOYEES,2025,Official HMDA Data Browser filers API,matched
549300LR1ZETOWYE9Z89,Berkshire Bank,2025,Official HMDA Data Browser filers API,matched
549300LROQOOQU77WS20,"LENOX FINANCIAL MORTGAGE CORPORATION, Sage Home Loans Corporation",2025,Official HMDA Data Browser filers API,matched
549300LT75BG7Z054795,BAY CAPITAL MORTGAGE CORPORATION,2025,Official HMDA Data Browser filers API,matched
549300LTKCJV903ZQR25,TriStar Bank,2024,Official HMDA Data Browser filers API,matched
549300LTO41UX0MSL179,PARK VIEW FEDERAL CREDIT UNION,2024,Official HMDA Data Browser filers API,matched
549300LTSES0DE01Z405,Dieterich Bank,2025,Official HMDA Data Browser filers API,matched
549300LU20D3H1812W20,"WALL FINANCIAL, INC.",2025,Official HMDA Data Browser filers API,matched
549300LU6Y2TXG48QY48,RANDOLPH-BROOKS FEDERAL CREDIT UNION,2025,Official HMDA Data Browser filers API,matched
549300LUF8JLB9HKT321,Warsaw Federal Savings and Loan Association,2025,Official HMDA Data Browser filers API,matched
549300LUMAIOXHIFK142,Cy-Fair Federal Credit Union,2025,Official HMDA Data Browser filers API,matched
549300LUSWY3HVRZHF54,MAGNIFI FINANCIAL CREDIT UNION,2025,Official HMDA Data Browser filers API,matched
549300LV12W1ZFWAU543,Lee Bank,2024,Official HMDA Data Browser filers API,matched
549300LVO8UXHRM8O957,Wauna Federal Credit Union,2024,Official HMDA Data Browser filers API,matched
549300LWL6LDRPYWVK06,BayVanguard Bank,2025,Official HMDA Data Browser filers API,matched
549300LWP1GP6WN1YQ84,Thrive Federal Credit Union,2023,Official HMDA Data Browser filers API,matched
549300LWR6X0ZAV34H19,Peoples Bank of the South,2025,Official HMDA Data Browser filers API,matched
549300LXKO1O7CSK5J52,"FLAT BRANCH MORTGAGE, INC.",2025,Official HMDA Data Browser filers API,matched
549300LYRWPSYPK6S325,FREEDOM MORTGAGE CORPORATION,2025,Official HMDA Data Browser filers API,matched
549300LZLYU85WF65870,MidWestOne Bank,2025,Official HMDA Data Browser filers API,matched
549300LZUXCJFE5ONM48,TRADITIONAL MORTGAGE ACCEPTANCE CORPORATION,2025,Official HMDA Data Browser filers API,matched
549300M03EN3OQEDU087,KEESLER,2025,Official HMDA Data Browser filers API,matched
549300M0SDF90SCNIY89,Gain Federal Credit Union,2025,Official HMDA Data Browser filers API,matched
549300M16XETIG2Z5N24,"Commercial Bank of Texas, National Association",2025,Official HMDA Data Browser filers API,matched
549300M1N0YC51QQGT24,Ozarks Federal Savings and Loan Association,2024,Official HMDA Data Browser filers API,matched
549300M25807V5I2K649,Rolling Hills Bank & Trust,2023,Official HMDA Data Browser filers API,matched
549300M2HFFTNLBO7R56,TRUE SKY CREDIT UNION,2025,Official HMDA Data Browser filers API,matched
549300M2TE26IJQD4W66,First Federal Community Bank of Bucyrus,2025,Official HMDA Data Browser filers API,matched
549300M2Z8GR3VL0QQ74,BLACK HILLS FEDERAL CREDIT UNION,2025,Official HMDA Data Browser filers API,matched
549300M3TJGNW53OWQ30,21st Century Bank,2024,Official HMDA Data Browser filers API,matched
549300M44OPBJUICB315,NORTHERN HOME LOANS LLC,2024,Official HMDA Data Browser filers API,matched
549300M4E3MK3F5GQW40,The Bank,2024,Official HMDA Data Browser filers API,matched
549300M4GZM7GG3EIV16,Anderson Brothers Bank,2025,Official HMDA Data Browser filers API,matched
549300M4MFIHXLR7AI37,Alliant Bank,2025,Official HMDA Data Browser filers API,matched
549300M59800JNGYFP30,EAST TEXAS PROFESSIONAL Credit Union,2025,Official HMDA Data Browser filers API,matched
549300M5D5Q2KMDSMP10,"Macatawa Bank, N. A.",2025,Official HMDA Data Browser filers API,matched
549300M5DZ6P9KNT7H33,The Bank of Elk River,2025,Official HMDA Data Browser filers API,matched
549300M5KSPQD2HH1N54,First Foundation Bank,2025,Official HMDA Data Browser filers API,matched
549300M6F8O82D8W2395,The Pecos County State Bank,2024,Official HMDA Data Browser filers API,matched
549300M7T9PJF7QD7M68,EMERY FEDERAL CREDIT UNION,2023,Official HMDA Data Browser filers API,matched
549300M8WGW2D17CZD19,"GARDNER FINANCIAL SERVICES, LTD.",2025,Official HMDA Data Browser filers API,matched
549300M9RHNQ4107R694,GOLD COAST FEDERAL CREDIT UNION,2025,Official HMDA Data Browser filers API,matched
549300MBTZED1WNWX005,"CORNERSTONE MORTGAGE PROVIDERS, LLC",2025,Official HMDA Data Browser filers API,matched
549300MCIFZSDHUT8X63,"NFM, INC.",2025,Official HMDA Data Browser filers API,matched
549300MCPCNPQAOB4032,GMFS LLC,2025,Official HMDA Data Browser filers API,matched
549300MD1OK70DH5EZ47,University of Illinois Community Credit Union,2025,Official HMDA Data Browser filers API,matched
549300MD3D3OC2CSGX39,Mirastar Federal Credit Union,2025,Official HMDA Data Browser filers API,matched
549300MEMKSF7703ZQ25,,,Official HMDA Data Browser filers API,unmatched
549300MFY0P4D234OB91,HOMESPIRE MORTGAGE CORPORATION,2024,Official HMDA Data Browser filers API,matched
549300MG89EBZCEXXT24,,,Official HMDA Data Browser filers API,unmatched
549300MGDBENMLUYMI91,Community Bank of Trenton,2024,Official HMDA Data Browser filers API,matched
549300MGJ0J02F6KDW38,"First Jackson Bank, Inc.",2025,Official HMDA Data Browser filers API,matched
549300MGPZBLQDIL7538,Fairway Independent Mortgage Corporation,2025,Official HMDA Data Browser filers API,matched
549300MH5OXXJKWZZY83,GENERAL ELECTRIC CREDIT UNION,2025,Official HMDA Data Browser filers API,matched
549300MHH03ICJYEPE85,"LONGBRIDGE FINANCIAL, LLC",2025,Official HMDA Data Browser filers API,matched
549300MJ0Y817D63DD96,Asian Bank,2025,Official HMDA Data Browser filers API,matched
549300MJ3JU3Z2PH5H92,Bank of Sunset and Trust Company,2025,Official HMDA Data Browser filers API,matched
549300MJGHTLBSL8LJ59,BankFirst,2025,Official HMDA Data Browser filers API,matched
549300MK77IBUMJBI791,Sullivan Bank,2025,Official HMDA Data Browser filers API,matched
549300MKO88C3VZKD418,Windosr Federal Savings & Loan Association,2025,Official HMDA Data Browser filers API,matched
549300MKOZ81ZWTNKB12,United Bank,2025,Official HMDA Data Browser filers API,matched
549300ML3H1LUVR1FP75,O Bee Credit Union,2025,Official HMDA Data Browser filers API,matched
549300MMQJ2MM37FDE66,"FRONTIER FINANCIAL, INC.",2025,Official HMDA Data Browser filers API,matched
549300MN2NONI4E6X341,TRADEMARK,2025,Official HMDA Data Browser filers API,matched
549300MNGQM5SPNHQM24,St Joseph's Parish Buffalo Federal Credit Union,2025,Official HMDA Data Browser filers API,matched
549300MNGYKM8QPYJL44,Home Bank SB,2025,Official HMDA Data Browser filers API,matched
549300MNJT84X74B3052,Premier Bank of the South,2025,Official HMDA Data Browser filers API,matched
549300MNVXT92RBYBF93,Cornerstone Bank,2025,Official HMDA Data Browser filers API,matched
549300MNZECUR067HB12,BancFirst,2025,Official HMDA Data Browser filers API,matched
549300MNZNDD5FZ2PF62,Star Bank,2024,Official HMDA Data Browser filers API,matched
549300MOKX1F2TX1WK17,Citizens Bank,2025,Official HMDA Data Browser filers API,matched
549300MONA3L2BDK8Q22,"Signature Bank, National Association",2025,Official HMDA Data Browser filers API,matched
549300MP1N04YL1TZP61,Availa Bank,2025,Official HMDA Data Browser filers API,matched
549300MP3KK77THHQT36,Bank of the Pacific,2023,Official HMDA Data Browser filers API,matched
549300MP59Z6SRKSVR49,FIRST CHOICE MH LLC,2025,Official HMDA Data Browser filers API,matched
549300MPDN3KQZW68M43,Chippewa Valley Bank,2025,Official HMDA Data Browser filers API,matched
549300MPGZVO0YIGL418,LOOKOUT FEDERAL CREDIT UNION,2025,Official HMDA Data Browser filers API,matched
549300MPX7PJGFD8HA09,The Queenstown Bank of Maryland,2025,Official HMDA Data Browser filers API,matched
549300MPZDD9EFQ1E963,,,Official HMDA Data Browser filers API,unmatched
549300MQDQ3TUIDR0R90,CASTLE MORTGAGE CORPORATION,2023,Official HMDA Data Browser filers API,matched
549300MQEDQYDJR8CP22,COREVEST AMERICAN FINANCE LENDER LLC,2025,Official HMDA Data Browser filers API,matched
549300MRIPL0USI69Q40,ROME TEACHERS FEDERAL CREDIT UNION,2025,Official HMDA Data Browser filers API,matched
549300MRP46SVQMWOE81,COASTAL Federal Credit Union,2025,Official HMDA Data Browser filers API,matched
549300MSU5WVAU4ZN645,"Dollar Bank, Federal Savings Bank",2025,Official HMDA Data Browser filers API,matched
549300MSW6NY44KG3397,FVCbank,2023,Official HMDA Data Browser filers API,matched
549300MTH7LUU0OHYB47,First Federal Savings Bank,2024,Official HMDA Data Browser filers API,matched
549300MTZQME2DHKE115,ARLINGTON COMMUNITY FEDERAL CREDIT UNION,2024,Official HMDA Data Browser filers API,matched
549300MU2YI0HXIT3257,"Liberty Savings Bank, F.S.B.",2025,Official HMDA Data Browser filers API,matched
549300MU3SP76R81WW62,"COMMUNITY MORTGAGE, LLC",2025,Official HMDA Data Browser filers API,matched
549300MU6FQRPD7FPQ11,Wood & Huston Bank,2024,Official HMDA Data Browser filers API,matched
549300MUCXO2NIUSBW51,Pony Express Bank,2025,Official HMDA Data Browser filers API,matched
549300MUEGVFZ2155D91,GREATER NEW ORLEANS FEDERAL CREDIT UNION,2025,Official HMDA Data Browser filers API,matched
549300MUMD1WPCSXT518,Community National Bank & Trust,2025,Official HMDA Data Browser filers API,matched
549300MUTFJQGRZJH019,CENTRAL ONE FEDERAL CREDIT UNION,2025,Official HMDA Data Browser filers API,matched
549300MUXFVZKH4XLG17,"RESIDENTIAL WHOLESALE MORTGAGE, INC.",2025,Official HMDA Data Browser filers API,matched
549300MVSM4XYFQL3X62,BARKSDALE,2025,Official HMDA Data Browser filers API,matched
549300MWMG5LNBKUMF75,"STONE MEADOW LENDING, LLC",2025,Official HMDA Data Browser filers API,matched
549300MX0RKEMMAWWU19,RADIUS FEDERAL CREDIT UNION,2025,Official HMDA Data Browser filers API,matched
549300MXBLBJSY4S5R72,FREMONT Federal Credit Union,2025,Official HMDA Data Browser filers API,matched
549300MXE3M1W481QB61,METRO MEDICAL CREDIT UNION,2025,Official HMDA Data Browser filers API,matched
549300MXJA09WZJ0DV55,FINANCE OF AMERICA MORTGAGE LLC,2023,Official HMDA Data Browser filers API,matched
549300MY5ML47R0EMV87,Texas Heritage Bank,2024,Official HMDA Data Browser filers API,matched
549300MY7KEVWMI4DF64,"ACCESS CAPITAL FUNDING, L.L.C.",2025,Official HMDA Data Browser filers API,matched
549300MYAXFDGEI4NZ65,GFA Federal Credit Union,2025,Official HMDA Data Browser filers API,matched
549300MZ8VZJOVC63092,"KIND LENDING, LLC",2025,Official HMDA Data Browser filers API,matched
549300N15SIAR55G5978,COMMUNITY POWERED FCU,2025,Official HMDA Data Browser filers API,matched
549300N1LBROQFJ7YJ64,FORT SILL,2024,Official HMDA Data Browser filers API,matched
549300N1R0R39PYT7O68,First Western Federal Savings Bank,2025,Official HMDA Data Browser filers API,matched
549300N1UWZ4871DND44,Apple Bank for Savings,2025,Official HMDA Data Browser filers API,matched
549300N1YEXP02MHBR47,"WRIGHT-PATT CREDIT UNION, INC.",2025,Official HMDA Data Browser filers API,matched
549300N1YHCNRTYZ3E91,"AMERICAN HOME MORTGAGE, INC.",2024,Official HMDA Data Browser filers API,matched
549300N2GMOJ61XHEL06,SELECT LENDING SERVICES LLC,2025,Official HMDA Data Browser filers API,matched
549300N34GCCEN8EJE06,First National Bank,2025,Official HMDA Data Browser filers API,matched
549300N38Q5YKSSV1106,bankESB,2025,Official HMDA Data Browser filers API,matched
549300N3JBQ15RQ7AV97,"MORIA DEVELOPMENT, INC.",2025,Official HMDA Data Browser filers API,matched
549300N4D45V7JFCUS34,Main Street Bank Corp.,2023,Official HMDA Data Browser filers API,matched
549300N52O6FKUCU5G62,NUMERICA CREDIT UNION,2025,Official HMDA Data Browser filers API,matched
549300N53R53ZHSNZ234,WHITE SANDS,2025,Official HMDA Data Browser filers API,matched
549300N5GF79IZ5Y7G10,AMERICAN HERITAGE FCU,2025,Official HMDA Data Browser filers API,matched
549300N6U5XCH70TOK35,Kearny Bank,2025,Official HMDA Data Browser filers API,matched
549300N7MKAZNGCKT625,HARRIS COUNTY FEDERAL CREDIT UNION,2023,Official HMDA Data Browser filers API,matched
549300N968Y85YXDX139,Troy Bank and Trust Company,2025,Official HMDA Data Browser filers API,matched
549300NB3SBC1KHAWB92,GERSHMAN INVESTMENT CORP.,2025,Official HMDA Data Browser filers API,matched
549300NB6LOZ96BDSU42,THE MORTGAGE COMPANY,2025,Official HMDA Data Browser filers API,matched
549300NBFK4GO76FTE84,CNB Bank,2025,Official HMDA Data Browser filers API,matched
549300NBSU5FHMDN5F74,FIRST SOURCE,2025,Official HMDA Data Browser filers API,matched
549300NBUJWYNN8AXN69,"CBM Mortgage, Inc.",2023,Official HMDA Data Browser filers API,matched
549300NCCC6N26G65F26,NUWAVE LENDING LLC,2023,Official HMDA Data Browser filers API,matched
549300NDNZ6EWP8BJI88,Bank Iowa,2025,Official HMDA Data Browser filers API,matched
549300NFA0VY9215VV25,Midwest Mortgage Associates Corporation,2025,Official HMDA Data Browser filers API,matched
549300NFAQXBUC5NPK66,"FIRST COMMERCIAL BANK, NATIONAL ASSOCIATION",2025,Official HMDA Data Browser filers API,matched
549300NFFZ9YOVNMJO35,Bank of Dawson,2024,Official HMDA Data Browser filers API,matched
549300NFPC3Y4W3Y7R87,CALCON MUTUAL MORTGAGE LLC,2025,Official HMDA Data Browser filers API,matched
549300NG6J01HLGSZW49,Merchants & Farmers Bank & Trust Company,2025,Official HMDA Data Browser filers API,matched
549300NGCDNC9174EF79,Banterra Bank,2025,Official HMDA Data Browser filers API,matched
549300NGNH7M36LP4583,Maspeth Federal Savings and Loan Association,2025,Official HMDA Data Browser filers API,matched
549300NI5SBQVOFLU926,CORRY FEDERAL CREDIT UNION,2025,Official HMDA Data Browser filers API,matched
549300NIJITDSZ8M7H32,VILLAGE BANK AND TRUST FINANCIAL CORP.,2023,Official HMDA Data Browser filers API,matched
549300NJ26KCZVDMI076,Texas National Bank of Jacksonville,2025,Official HMDA Data Browser filers API,matched
549300NJVKCDJA5YC939,"HOMEOWNERS FINANCIAL GROUP USA, LLC",2025,Official HMDA Data Browser filers API,matched
549300NL3JN3ABDPH257,AFFINITY PLUS,2025,Official HMDA Data Browser filers API,matched
549300NLCEXBVVCBZ024,Panhandle Credit Union,2025,Official HMDA Data Browser filers API,matched
549300NLJI4QKZ3D0G94,"5TH STREET CAPITAL, INC.",2025,Official HMDA Data Browser filers API,matched
549300NLS4UT5V6RUS41,William Penn Bank,2024,Official HMDA Data Browser filers API,matched
549300NN0PRX3I4QGG46,"Mid-Continent Funding, Inc.",2025,Official HMDA Data Browser filers API,matched
549300NN5CG5Q640OV05,Hickory Point Bank and Trust,2025,Official HMDA Data Browser filers API,matched
549300NNL9H573MWO110,Bank of Utah,2025,Official HMDA Data Browser filers API,matched
549300NOCASXPA34X033,"LAKEVIEW LOAN SERVICING, LLC",2025,Official HMDA Data Browser filers API,matched
549300NP3DNB1K9Z8513,"CREDIT UNION OF NEW JERSEY, A FEDERAL CREDIT UNION",2024,Official HMDA Data Browser filers API,matched
549300NPANOIK7XYK714,N C P D Federal Credit Union,2025,Official HMDA Data Browser filers API,matched
549300NQA30MEKPQP417,Sandy Spring Bank,2024,Official HMDA Data Browser filers API,matched
549300NRFBF7DSU0LE80,MEMBERS TRUST OF THE SOUTHWEST FCU,2025,Official HMDA Data Browser filers API,matched
549300NSOTTGIGCIV712,ASCENTRA Credit Union,2025,Official HMDA Data Browser filers API,matched
549300NT030LXB2A8T82,"MY MORTGAGE, INC.",2025,Official HMDA Data Browser filers API,matched
549300NTH6N72ZZNX948,Pacific Premier Bank,2025,Official HMDA Data Browser filers API,matched
549300NTHJ0G5YXW3J85,ValleyStar Credit Union,2025,Official HMDA Data Browser filers API,matched
549300NVMV4W48B8SC18,Watertown Savings Bank,2025,Official HMDA Data Browser filers API,matched
549300NW5S24O35U1962,NOBLE,2025,Official HMDA Data Browser filers API,matched
549300NWBS6MQJX15N44,NexBank,2025,Official HMDA Data Browser filers API,matched
549300NWKILSNQAIG053,CHARTWAY FEDERAL CREDIT UNION,2025,Official HMDA Data Browser filers API,matched
549300NWYTCEH9RSSW54,SUFFOLK,2025,Official HMDA Data Browser filers API,matched
549300NXKD4J4RBJI403,Ameristate Bank,2025,Official HMDA Data Browser filers API,matched
549300NXYX3K4WQSGJ17,STRATA Credit Union,2025,Official HMDA Data Browser filers API,matched
549300NZ2IPWRMLAYZ30,MID-ISLAND MORTGAGE CORP.,2025,Official HMDA Data Browser filers API,matched
549300NZI0KZUW6HBT60,FIRSTOAK BANK,2025,Official HMDA Data Browser filers API,matched
549300NZLFJGIDOXDW97,"NEAL COMMUNITIES FUNDING, LLC",2025,Official HMDA Data Browser filers API,matched
549300NZWZUYUWEOA562,Elements Financial Federal Credit Union,2025,Official HMDA Data Browser filers API,matched
549300O0SJ54M4D70R54,MERITRUST Federal Credit Union,2023,Official HMDA Data Browser filers API,matched
549300O12EJ1HE3YIK24,Eagle.bank,2023,Official HMDA Data Browser filers API,matched
549300O1ESL3X18LPG95,California Coast Credit Union,2025,Official HMDA Data Browser filers API,matched
549300O1FOCD65WZ9873,First Federal Bank of Louisiana,2024,Official HMDA Data Browser filers API,matched
549300O1WXPWCOK7ZU87,"American Fidelity Mortgage Services, Inc.",2024,Official HMDA Data Browser filers API,matched
549300O2D8BPO6PJRB90,Armstrong Bank,2025,Official HMDA Data Browser filers API,matched
549300O2EZG72LO2FX38,SUMMIT MORTGAGE CORPORATION,2025,Official HMDA Data Browser filers API,matched
549300O4KTZGM04CCZ47,Abbott Laboratories Employees Credit Union,2025,Official HMDA Data Browser filers API,matched
549300O4MSB4K4FT2E90,Haven Savings Bank,2024,Official HMDA Data Browser filers API,matched
549300O5WDIJU8S7OI05,"Stride Bank, National Association",2025,Official HMDA Data Browser filers API,matched
549300O6Z0I6KYMESL47,AMWEST FUNDING CORP.,2025,Official HMDA Data Browser filers API,matched
549300O7SGM8FH65GQ47,Busey Bank,2025,Official HMDA Data Browser filers API,matched
549300O86UUZZGSLX538,RED CROWN,2023,Official HMDA Data Browser filers API,matched
549300OA8B0OLDA16R42,The Farmers and Merchants National Bank of Nashville,2025,Official HMDA Data Browser filers API,matched
549300OARXTADS0L8L11,1ST MIDAMERICA CREDIT UNION,2025,Official HMDA Data Browser filers API,matched
549300OBJRCHJ0G6XU24,U S WIDE FINANCIAL LLC,2025,Official HMDA Data Browser filers API,matched
549300OBLIP1F3NM5751,PlainsCapital Bank,2025,Official HMDA Data Browser filers API,matched
549300OBO7DOF2KOP535,FirstBank,2025,Official HMDA Data Browser filers API,matched
549300OBYIDGN0LRQS38,First National Bank Of Oklahoma,2025,Official HMDA Data Browser filers API,matched
549300OCBGBM6IS0J130,TRANSCEND Federal Credit Union,2023,Official HMDA Data Browser filers API,matched
549300OCKUW7YV0YNV03,Tri City National Bank,2024,Official HMDA Data Browser filers API,matched
549300OCPYKDBIQ11H61,Valliance Bank,2025,Official HMDA Data Browser filers API,matched
549300OD0X37005DV702,STERLING UNITED Federal Credit Union,2023,Official HMDA Data Browser filers API,matched
549300ODE6V13YFWTW21,HOUSTON TEXAS FIRE FIGHTERS,2025,Official HMDA Data Browser filers API,matched
549300ODHOF8ORD47F11,"First New Mexico Bank, Las Cruces",2025,Official HMDA Data Browser filers API,matched
549300ODM8A5T4RHPY32,Bank of Charles Town,2024,Official HMDA Data Browser filers API,matched
549300ODTHTLPTSBD612,NOVATION CREDIT UNION,2024,Official HMDA Data Browser filers API,matched
549300ODXRVTZ21MSR34,Rondout Savings Bank,2025,Official HMDA Data Browser filers API,matched
549300OEWY869SOVHF18,Union Savings Bank,2025,Official HMDA Data Browser filers API,matched
549300OF721EQSY24237,"TRUSTLINE MORTGAGE, INC.",2023,Official HMDA Data Browser filers API,matched
549300OGIGNKGO2DX942,FEDEX EMPLOYEES CREDIT ASSOCIATION,2025,Official HMDA Data Browser filers API,matched
549300OH0GCHTF3S7J46,CHOICE LENDING CORP.,2023,Official HMDA Data Browser filers API,matched
549300OHIEQGELZVJP60,L & N Federal Credit Union,2024,Official HMDA Data Browser filers API,matched
549300OHLAHJ10DFF198,BELEM SERVICING LLC,2025,Official HMDA Data Browser filers API,matched
549300OHXNUMVE33Q475,American Federal Bank,2024,Official HMDA Data Browser filers API,matched
549300OIJ6O9DNP74L72,"CU COMMUNITY, LLC",2025,Official HMDA Data Browser filers API,matched
549300OIJZOV6CPR1Y57,"First National Bank, Ames, Iowa",2025,Official HMDA Data Browser filers API,matched
549300OJ2JN8JFPQM182,Illiana Financial Credit Union,2025,Official HMDA Data Browser filers API,matched
549300OJTK0IPSNDA832,Liberty Bank and Trust Company,2025,Official HMDA Data Browser filers API,matched
549300OLJQ30ZT21BC55,BANC ONE MORTGAGE CORPORATION,2025,Official HMDA Data Browser filers API,matched
549300OMHGOGEWTCI138,Resource Bank,2025,Official HMDA Data Browser filers API,matched
549300OMMGCT35VSS514,YNB,2024,Official HMDA Data Browser filers API,matched
549300ON2ILGPUVKZT28,American Bank of Oklahoma,2025,Official HMDA Data Browser filers API,matched
549300ONBM4MGXXBTA44,"AMCAP MORTGAGE, LTD.",2023,Official HMDA Data Browser filers API,matched
549300OOBQV34V3WL383,ABNB Federal Credit Union,2025,Official HMDA Data Browser filers API,matched
549300OP5DX4ZL2E2S84,Marine Federal Credit Union,2025,Official HMDA Data Browser filers API,matched
549300OPB0G5OMY0SM65,NEW WAVE LENDING GROUP INC,2025,Official HMDA Data Browser filers API,matched
549300OPCWU6E72WUT29,"MUTUAL OF OMAHA MORTGAGE, INC.",2025,Official HMDA Data Browser filers API,matched
549300OPKCV6BLMDSL66,United Bank,2025,Official HMDA Data Browser filers API,matched
549300OPZE52Y4J4QP25,The Exchange Bank of Alabama,2025,Official HMDA Data Browser filers API,matched
549300OQ5QR1CNV5HY08,"MORTGAGE MANAGEMENT CONSULTANTS, INC.",2025,Official HMDA Data Browser filers API,matched
549300OQMU3ID8QA6M46,VELOCIO MORTGAGE L.L.C.,2025,Official HMDA Data Browser filers API,matched
549300OR2C7AGDZFTS24,Midwest BankCentre,2025,Official HMDA Data Browser filers API,matched
549300ORTZ3CWXPNL693,ELGA CREDIT UNION,2024,Official HMDA Data Browser filers API,matched
549300OS8C7J7ZWMNL70,Burke & Herbert Bank & Trust Company,2025,Official HMDA Data Browser filers API,matched
549300OSS620JYU5KR81,ARSENAL CREDIT UNION,2025,Official HMDA Data Browser filers API,matched
549300OSXT524OFE8M55,"CENTRAL COAST LENDING, INC.",2025,Official HMDA Data Browser filers API,matched
549300OSY236S7MBKO83,"CIS Financial Services, Inc.",2025,Official HMDA Data Browser filers API,matched
549300OSZK2W0WJYS771,Northwest Federal Credit Union,2025,Official HMDA Data Browser filers API,matched
549300OTLWFQPOOSC346,BayCoast Bank,2025,Official HMDA Data Browser filers API,matched
549300OUFGVRFN8PZB89,Herring Bank,2025,Official HMDA Data Browser filers API,matched
549300OUJRW41FX1L002,City Bank & Trust Co.,2023,Official HMDA Data Browser filers API,matched
549300OULGV8ZW0JV320,Cumberland Valley National Bank & Trust Company,2025,Official HMDA Data Browser filers API,matched
549300OVNJWJXYPGIU28,"BankChampaign, National Association",2025,Official HMDA Data Browser filers API,matched
549300OVUSU8E87XZV67,Legence Bank,2025,Official HMDA Data Browser filers API,matched
549300OWEWQ1QPPQS302,The Citizens Bank of Edmond,2023,Official HMDA Data Browser filers API,matched
549300OXACCQ40L83673,"HARMONY HOME LENDING, LLC",2023,Official HMDA Data Browser filers API,matched
549300OXF7S6SB3XEV13,SANTA CRUZ COMMUNITY CREDIT UNION,2024,Official HMDA Data Browser filers API,matched
549300OYEKEORA1GI088,"GoPrime Mortgage, Inc.",2025,Official HMDA Data Browser filers API,matched
549300OYN1WD4APNOU82,Dayspring Bank,2025,Official HMDA Data Browser filers API,matched
549300OZ550X4QD5PC74,Royal Credit Union,2025,Official HMDA Data Browser filers API,matched
549300OZ8A612R2D8J95,Liberty National Bank,2023,Official HMDA Data Browser filers API,matched
549300OZIFHR7THILC90,"Merchants Bank, National Association",2025,Official HMDA Data Browser filers API,matched
549300OZZQ1ZON9W1K45,The First National Bank of Ava,2025,Official HMDA Data Browser filers API,matched
549300P0GXZAWI355052,Machias Savings Bank,2025,Official HMDA Data Browser filers API,matched
549300P1347BFCBHJV60,MASS. INSTITUTE OF TECH. FEDERAL CREDIT UNION,2025,Official HMDA Data Browser filers API,matched
549300P1ORVTMT2T7756,LIBRARY OF CONGRESS,2025,Official HMDA Data Browser filers API,matched
549300P2GEYNMH5OQA71,Washington Trust Bank,2025,Official HMDA Data Browser filers API,matched
549300P3IKHVYBR1E510,The First National Bank of Winnsboro,2025,Official HMDA Data Browser filers API,matched
549300P3JUY6QMZ8DY86,Commercial Bank & Trust Co.,2025,Official HMDA Data Browser filers API,matched
549300P3STF5YYEJYO93,Pittsford Federal Credit Union,2025,Official HMDA Data Browser filers API,matched
549300P4RGN7F1H2N265,Security First Bank of North Dakota,2025,Official HMDA Data Browser filers API,matched
549300P4SRSJ2Z85RM43,The Muncy Bank and Trust Company,2023,Official HMDA Data Browser filers API,matched
549300P55E0GN57DEV03,"GEO-CORP, INC.",2025,Official HMDA Data Browser filers API,matched
549300P5F47MW3AQ2048,MID AMERICAN CREDIT UNION,2025,Official HMDA Data Browser filers API,matched
549300P5JG6WBCSZ7M53,AGRICULTURE Federal Credit Union,2025,Official HMDA Data Browser filers API,matched
549300P5TUVYUVESV584,"Archer Mortgage, LLC",2025,Official HMDA Data Browser filers API,matched
549300P6CCUZE02WB068,ACFCU Federal Credit Union,2025,Official HMDA Data Browser filers API,matched
549300P6D12TWGGIV170,GREAT ERIE,2025,Official HMDA Data Browser filers API,matched
549300P6FMUCIYH31R36,First Bank,2025,Official HMDA Data Browser filers API,matched
549300P6J0MZZT4UMT05,"FocusOne Mortgage, LLC",2025,Official HMDA Data Browser filers API,matched
549300P6LWTHH4GFWX19,"MANHATTAN FINANCIAL GROUP, INC.",2023,Official HMDA Data Browser filers API,matched
549300P6ZERWX5BPWX45,"VERVE, A CREDIT UNION",2025,Official HMDA Data Browser filers API,matched
549300P7J9S1WSW4VU68,"Village Bank and Trust, National Association",2025,Official HMDA Data Browser filers API,matched
549300P7QM2ETZZY0323,HERITAGE COMMUNITY CREDIT UNION,2025,Official HMDA Data Browser filers API,matched
549300P8K0GPRS1CUS51,HNB National Bank,2025,Official HMDA Data Browser filers API,matched
549300P8KQYPAVPZL931,Farmers Bank and Trust Company,2025,Official HMDA Data Browser filers API,matched
549300P8W7NTNS3TVK84,Fidelity Bank & Trust,2025,Official HMDA Data Browser filers API,matched
549300PBL633P0UGLP11,Embassy Bank For The Lehigh Valley,2025,Official HMDA Data Browser filers API,matched
549300PBTV7FCWLSMM53,"MORTGAGE SOLUTIONS OF COLORADO, LLC",2025,Official HMDA Data Browser filers API,matched
549300PC4MFWQBNVKG88,"V.I.P. MORTGAGE, INC.",2025,Official HMDA Data Browser filers API,matched
549300PCSJGT8XU10K84,SECURITY BANK,2025,Official HMDA Data Browser filers API,matched
549300PDELOGUKYYDA02,Peoples Bank,2024,Official HMDA Data Browser filers API,matched
549300PE7I3IWSUX2B53,Salisbury Bank and Trust Company,2023,Official HMDA Data Browser filers API,matched
549300PEQH6YK4DH0490,FRONTWAVE,2025,Official HMDA Data Browser filers API,matched
549300PEWJWBNEOSS013,"BAYSHORE MORTGAGE FUNDING, LLC",2025,Official HMDA Data Browser filers API,matched
549300PFJ7GCGDLB2E65,"First Option Mortgage, LLC",2025,Official HMDA Data Browser filers API,matched
549300PG87MHQ7H4CO08,Vantage Bank Texas,2025,Official HMDA Data Browser filers API,matched
549300PGUFTU637ZN698,Foundation One Bank,2025,Official HMDA Data Browser filers API,matched
549300PGV74J5SPHTG47,Planters Bank & Trust Company,2025,Official HMDA Data Browser filers API,matched
549300PH1RMZ3NKH2953,"FIELD & MAIN BANK, INC.",2023,Official HMDA Data Browser filers API,matched
549300PHUZ7U5WPH7Z38,The City National Bank of Taylor,2025,Official HMDA Data Browser filers API,matched
549300PI8J8CV6B53I58,Bank of Ann Arbor,2025,Official HMDA Data Browser filers API,matched
549300PIL8LFAQ04XC20,"SPRING EQ, LLC",2025,Official HMDA Data Browser filers API,matched
549300PIL90PE1ZLKI49,COMMUNITY FIRST CREDIT UNION OF FLO,2025,Official HMDA Data Browser filers API,matched
549300PJ2WT35S77Q208,CONSUMER REAL ESTATE FINANCE CO.,2025,Official HMDA Data Browser filers API,matched
549300PJ8G3ECK1DQW27,TC FEDERAL BANK,2024,Official HMDA Data Browser filers API,matched
549300PJX0ZHPQ614C72,Peoples Security Bank and Trust Company,2025,Official HMDA Data Browser filers API,matched
549300PK4T5VBRY4TE47,"CALLISTO GROUP, INC.",2024,Official HMDA Data Browser filers API,matched
549300PKEQ3Q9S0IXW76,UNITED FEDERAL CREDIT UNION,2025,Official HMDA Data Browser filers API,matched
549300PL267CW8182203,"LoanUnited.com, LLC",2025,Official HMDA Data Browser filers API,matched
549300PL8ER6H23P0Z91,BAY EQUITY LLC,2025,Official HMDA Data Browser filers API,matched
549300PM3R14MRQSOJ39,MIDWEST MEMBERS Credit Union,2025,Official HMDA Data Browser filers API,matched
549300PMBS0TJQ35TP58,,,Official HMDA Data Browser filers API,unmatched
549300PMVNBERP6TB157,ONE NEVADA CREDIT UNION,2024,Official HMDA Data Browser filers API,matched
549300PNCXQN31IE5142,Ohio State Bank,2024,Official HMDA Data Browser filers API,matched
549300POAFZ9PGU16760,Edison National Bank,2025,Official HMDA Data Browser filers API,matched
549300POCKENHFN8BN88,Longview Bank,2025,Official HMDA Data Browser filers API,matched
549300PONSHZ2J8TRD25,The Peoples Bank,2024,Official HMDA Data Browser filers API,matched
549300PP6R8WIOP60124,Southern First Bank,2025,Official HMDA Data Browser filers API,matched
549300PPKM4YL2GY3713,SPECTRA CREDIT UNION,2025,Official HMDA Data Browser filers API,matched
549300PQ03NIDTKFIO56,,,Official HMDA Data Browser filers API,unmatched
549300PQLK8E48ILXV41,"Valon Mortgage, Inc.",2025,Official HMDA Data Browser filers API,matched
549300PRAPL43XPYR044,"EMET LENDING GROUP, INC.",2025,Official HMDA Data Browser filers API,matched
549300PTGESTLYZT6Z63,FEDERATED LENDING CORPORATION,2024,Official HMDA Data Browser filers API,matched
549300PTX8QF0BPQ5U19,NEWREZ VENTURES LLC,2023,Official HMDA Data Browser filers API,matched
549300PTYDNRSYG5A828,Malaga Bank F.S.B,2025,Official HMDA Data Browser filers API,matched
549300PUF6BDR1QRB167,1ST NORTHERN CALIFORNIA,2025,Official HMDA Data Browser filers API,matched
549300PV2KIL739QYQ35,Citizens National Bank of Texas,2025,Official HMDA Data Browser filers API,matched
549300PVS7DLMY766R09,MIAMI FIREFIGHTERS FEDERAL CREDIT UNION,2025,Official HMDA Data Browser filers API,matched
549300PWMS2701UFP528,,,Official HMDA Data Browser filers API,unmatched
549300PX0B48R1TGUV89,,,Official HMDA Data Browser filers API,unmatched
549300PXIFIEPL7D7R86,Brighton Bank,2025,Official HMDA Data Browser filers API,matched
549300PXL1KA5TOL2O82,"M/I FINANCIAL, LLC",2025,Official HMDA Data Browser filers API,matched
549300PYZVSM1PP3GI62,ALLEGENT COMMUNITY FEDERAL CREDIT UNION,2023,Official HMDA Data Browser filers API,matched
549300PZ44DNQDPOV865,Pinnacle Bank,2025,Official HMDA Data Browser filers API,matched
549300PZATEYE8VIEN67,"SMART CHOICE MORTGAGE, A Texas Limited Liability Company",2025,Official HMDA Data Browser filers API,matched
549300PZP3UHKYJ5ET63,TINKER FEDERAL CREDIT UNION,2025,Official HMDA Data Browser filers API,matched
549300Q02LGIN9AXKP98,FIRST TECHNOLOGY FEDERAL CREDIT UNION,2025,Official HMDA Data Browser filers API,matched
549300Q10M1VXBG2H889,"MILEND, INC.",2025,Official HMDA Data Browser filers API,matched
549300Q16CNQMW0O1O02,The New Washington State Bank,2025,Official HMDA Data Browser filers API,matched
549300Q1QXZDN5R0UD44,Jeff Bank,2025,Official HMDA Data Browser filers API,matched
549300Q1WJSOIS2FON98,"CITYWIDE HOME LOANS, LLC",2024,Official HMDA Data Browser filers API,matched
549300Q1YFRSB8UEGH03,Truity Federal Credit Union,2025,Official HMDA Data Browser filers API,matched
549300Q26XXW77S35W27,First National Community Bank,2025,Official HMDA Data Browser filers API,matched
549300Q2D3BVMIW11R02,Partnership Financial Credit Union,2023,Official HMDA Data Browser filers API,matched
549300Q2EZNO3H86ED06,Veritex Community Bank,2025,Official HMDA Data Browser filers API,matched
549300Q2Y7B8UEC43S54,First National Bank of Louisiana,2025,Official HMDA Data Browser filers API,matched
549300Q3ROEQU3D1IW91,CREDIT HUMAN FEDERAL CREDIT UNION,2025,Official HMDA Data Browser filers API,matched
549300Q4JBLTKDC7J303,"Bank of Whittier, National Association",2025,Official HMDA Data Browser filers API,matched
549300Q4S6BX5BFNR019,CREDIT UNION OF THE ROCKIES,2023,Official HMDA Data Browser filers API,matched
549300Q50XCC0473FG63,QUORUM FEDERAL CREDIT UNION,2025,Official HMDA Data Browser filers API,matched
549300Q55VW95EP3CM33,LCNB National Bank,2025,Official HMDA Data Browser filers API,matched
549300Q61S3IBOJITT02,Fall River Five Cents Savings Bank,2025,Official HMDA Data Browser filers API,matched
549300Q6CJ3H6H1U0F03,AB&T,2023,Official HMDA Data Browser filers API,matched
549300Q6TVHCCFZ5R384,UME FEDERAL CREDIT UNION,2025,Official HMDA Data Browser filers API,matched
549300Q6UYO4VXM0VF43,First Bank Elk River,2023,Official HMDA Data Browser filers API,matched
549300Q6X2WV4PYYV564,,,Official HMDA Data Browser filers API,unmatched
549300Q6YL1SFVPEGV90,"INTELLILOAN, INC.",2025,Official HMDA Data Browser filers API,matched
549300Q745S62Q6QNW78,"NATIONAL BANKSHARES, INC.",2024,Official HMDA Data Browser filers API,matched
549300Q76VHK6FGPX546,Central Bank,2025,Official HMDA Data Browser filers API,matched
549300Q7ODSDOEDUNP68,"FIRST INTEGRITY MORTGAGE SERVICES, INC.",2024,Official HMDA Data Browser filers API,matched
549300Q88XHYAWBJTS50,Lakeview Bank,2025,Official HMDA Data Browser filers API,matched
549300Q8HL7EWEE0HW14,Cambridge Trust Company,2023,Official HMDA Data Browser filers API,matched
549300Q8R70WLHGFLX73,People's Bank of Seneca,2023,Official HMDA Data Browser filers API,matched
549300Q9TCZDLU48CG18,First Commonwealth Federal Credit Union,2025,Official HMDA Data Browser filers API,matched
549300Q9WQZE336R0U94,Kensington Bank,2025,Official HMDA Data Browser filers API,matched
549300QAJ2SD5X8T7X10,Synergy Bank,2025,Official HMDA Data Browser filers API,matched
549300QB357BUUUV7A56,Old Dominion National Bank,2025,Official HMDA Data Browser filers API,matched
549300QBX5R3ZBD8FR12,SCHUMACHER MORTGAGE LLC,2024,Official HMDA Data Browser filers API,matched
549300QCJE0X5P8H4Z85,The Paducah Bank and Trust Company,2025,Official HMDA Data Browser filers API,matched
549300QCU0HQWLDE4416,"ALLSTAR FINANCIAL SERVICES, INC.",2023,Official HMDA Data Browser filers API,matched
549300QCYEU2QLIWN517,LEGEND LENDING CORPORATION,2025,Official HMDA Data Browser filers API,matched
549300QD23LICPXTPB55,"DIGNIFIED HOME LOANS, LLC",2025,Official HMDA Data Browser filers API,matched
549300QD5CQZ9PPP5B09,PARTNERS Federal Credit Union,2025,Official HMDA Data Browser filers API,matched
549300QDGMFASKEN7Z77,Blaze Credit Union,2025,Official HMDA Data Browser filers API,matched
549300QEVTCM4MW2YI14,SYNERGY FEDERAL CREDIT UNION,2025,Official HMDA Data Browser filers API,matched
549300QFJDBOCX7WKY08,The American National Bank of Texas,2025,Official HMDA Data Browser filers API,matched
549300QFP6J5QSZVF805,Eagle Bank and Trust Company,2025,Official HMDA Data Browser filers API,matched
549300QG83M0EX7VC434,Pinnacle Bank - Wyoming,2024,Official HMDA Data Browser filers API,matched
549300QGLK6W51MPXW45,"BARTON CREEK LENDING GROUP, LLC",2023,Official HMDA Data Browser filers API,matched
549300QGO7S838JDBC47,CORNERSTONE COMMUNITY FINANCIAL CREDIT UNION,2024,Official HMDA Data Browser filers API,matched
549300QHPJ9CLOLCVE82,RiverHills Bank,2025,Official HMDA Data Browser filers API,matched
549300QIEXWCVRBXUH64,VELOCITY COMMUNITY Federal Credit Union,2025,Official HMDA Data Browser filers API,matched
549300QIUZLVR1OLDH55,Genisys Credit Union,2025,Official HMDA Data Browser filers API,matched
549300QJ1W5RNY1X4D75,Central State Bank,2025,Official HMDA Data Browser filers API,matched
549300QJOGSPJ8EAX798,Central National Bank,2025,Official HMDA Data Browser filers API,matched
549300QKL5FUBZ8LSF50,"NATIONS DIRECT MORTGAGE, LLC",2025,Official HMDA Data Browser filers API,matched
549300QLO8TSQW5JTK72,WEST GATE BANK,2025,Official HMDA Data Browser filers API,matched
549300QLZWERAXKGEP54,"Bank of Lexington, Inc.",2025,Official HMDA Data Browser filers API,matched
549300QMMJSALZQVP721,PUBLIC EMPLOYEES,2025,Official HMDA Data Browser filers API,matched
549300QNPOF1WCRKLZ94,San Mateo Credit Union,2025,Official HMDA Data Browser filers API,matched
549300QOIO7RN6JTEI45,Pioneer Bank,2025,Official HMDA Data Browser filers API,matched
549300QPD4M26VIOFU53,SUMMIT MORTGAGE BANKERS INC.,2025,Official HMDA Data Browser filers API,matched
549300QQT0E10LWS3326,Ciera Bank,2025,Official HMDA Data Browser filers API,matched
549300QR0KFPEDZPEI42,STOCKTON MORTGAGE CORPORATION,2025,Official HMDA Data Browser filers API,matched
549300QRAZQ8G8BM6H64,The Brenham National Bank,2025,Official HMDA Data Browser filers API,matched
549300QRH7IX8IMYTC57,Dundee Bank,2025,Official HMDA Data Browser filers API,matched
549300QRLVIA94OVXY15,"AMERICAN HOMESTAR MORTGAGE, L.L.C.",2025,Official HMDA Data Browser filers API,matched
549300QRWA4IGMDEDT70,IDEAL Credit Union,2025,Official HMDA Data Browser filers API,matched
549300QSOO0QJ7R1VQ66,"MILESTONE HOME LENDING, LLC",2025,Official HMDA Data Browser filers API,matched
549300QSUEE20YO86W39,SPECIALIZED LOAN SERVICING LLC,2023,Official HMDA Data Browser filers API,matched
549300QTN66CFMVWLH03,MAYO EMPLOYEES FEDERAL CREDIT UNION,2025,Official HMDA Data Browser filers API,matched
549300QUH5S3VFIWMU57,"GNBank, National Association",2024,Official HMDA Data Browser filers API,matched
549300QURAICH2YGJV94,"WILLOW BEND MORTGAGE COMPANY, LLC",2025,Official HMDA Data Browser filers API,matched
549300QUWFE9UINQOY10,Robertson Banking Company,2024,Official HMDA Data Browser filers API,matched
549300QV3GEYMP1WSO93,"SIWELL, INC.",2025,Official HMDA Data Browser filers API,matched
549300QV6YJK6ZDZPV54,Collinsville Building and Loan Association,2025,Official HMDA Data Browser filers API,matched
549300QVGK8WC4HQ3C28,PRINCETON MORTGAGE CORPORATION,2025,Official HMDA Data Browser filers API,matched
549300QVGNXYT00KCW22,Austin County State Bank,2025,Official HMDA Data Browser filers API,matched
549300QVQQMJ9IWR0G78,"CERTAINTY HOME LOANS, LLC",2023,Official HMDA Data Browser filers API,matched
549300QVXT6121Q7E798,Flushing Bank,2025,Official HMDA Data Browser filers API,matched
549300QWA589VRBWSZ92,COMMUNITY RESOURCE CREDIT UNION,2025,Official HMDA Data Browser filers API,matched
549300QWJ3UDIX8KBP64,Generations Bank,2025,Official HMDA Data Browser filers API,matched
549300QWUZ3ZGKKC7W73,Merchants and Manufacturers Bank,2024,Official HMDA Data Browser filers API,matched
549300QWWDI5EBFCNL02,FAMILY SAVINGS CREDIT UNION,2025,Official HMDA Data Browser filers API,matched
549300QWYPPH283K6R36,Prospect Bank,2025,Official HMDA Data Browser filers API,matched
549300QX0QWWJKEY4R28,Marquette Bank,2025,Official HMDA Data Browser filers API,matched
549300QX5KH5JXXMYU41,"Citizens State Bank of New Castle, Indiana",2025,Official HMDA Data Browser filers API,matched
549300QXJAPKTQHC4S45,Center City Mortgage and Investments LLC,2024,Official HMDA Data Browser filers API,matched
549300QY4UCP33T94N09,Ballston Spa National Bank,2025,Official HMDA Data Browser filers API,matched
549300QYV7W4MRNEFK89,TECH Credit Union,2025,Official HMDA Data Browser filers API,matched
549300QYX5EMLSR68B45,Gouverneur Savings and Loan Association,2025,Official HMDA Data Browser filers API,matched
549300QZED00YTPAWQ69,GREATER NEVADA LLC,2025,Official HMDA Data Browser filers API,matched
549300R0CN5YKL3VTP86,PEOPLE'S ALLIANCE FEDERAL CREDIT UNION,2025,Official HMDA Data Browser filers API,matched
549300R0DP2GXAIMGB41,Bank of Colorado,2025,Official HMDA Data Browser filers API,matched
549300R0L43GUZ8EW811,Legends Bank,2025,Official HMDA Data Browser filers API,matched
549300R0QZYJMOBCNI97,ST FIN CORP,2024,Official HMDA Data Browser filers API,matched
549300R0SQ8LYM3HBY12,COMMUNITY CHOICE,2025,Official HMDA Data Browser filers API,matched
549300R0SXC1JU7ZU290,"FIRST COMMUNITY MORTGAGE, INC.",2025,Official HMDA Data Browser filers API,matched
549300R1DB8186CV7Z17,COMMUNITY CREDIT UNION OF LYNN,2025,Official HMDA Data Browser filers API,matched
549300R1M9F3KHD4D911,"HOMELAND CREDIT UNION, INC.",2023,Official HMDA Data Browser filers API,matched
549300R22XCNNGVXRO22,SELF RELIANCE NY,2025,Official HMDA Data Browser filers API,matched
549300R3EV7MGYLQ4776,Hiawatha Bank and Trust Company,2025,Official HMDA Data Browser filers API,matched
549300R4F5COFJE0DN81,"ONY GLO, INC.",2025,Official HMDA Data Browser filers API,matched
549300R4XILOL7HDRE77,Bank of Bird-in-Hand,2025,Official HMDA Data Browser filers API,matched
549300R5DOGZK0VWYL76,Jonah Bank of Wyoming,2025,Official HMDA Data Browser filers API,matched
549300R6P9WVVQOQF705,The First National Bank and Trust Company of Broken Arrow,2025,Official HMDA Data Browser filers API,matched
549300R77W0P105C3S50,HOMEXPRESS MORTGAGE CORP.,2025,Official HMDA Data Browser filers API,matched
549300R7HGHP2I754087,TOWNE MORTGAGE COMPANY,2025,Official HMDA Data Browser filers API,matched
549300R7PKVEGTSLIF76,First General Bank,2023,Official HMDA Data Browser filers API,matched
549300R8LYY54XS86414,First State Bank and Trust,2025,Official HMDA Data Browser filers API,matched
549300R8N9KVQUKVNJ71,First State Bank,2025,Official HMDA Data Browser filers API,matched
549300R8VPSFM828B312,TEACHERS FEDERAL CREDIT UNION,2025,Official HMDA Data Browser filers API,matched
549300R92KASZD16MT49,Security Savings Bank,2023,Official HMDA Data Browser filers API,matched
549300R9S3MVDV4MGF56,"CARRINGTON MORTGAGE SERVICES, LLC",2025,Official HMDA Data Browser filers API,matched
549300R9WS7FTSHD0V89,VISIONBank,2024,Official HMDA Data Browser filers API,matched
549300RA3E0BUFO7YZ21,"Hometown Equity Mortgage, LLC",2025,Official HMDA Data Browser filers API,matched
549300RA8E6JQC2S7K66,NextStep Federal Credit Union,2025,Official HMDA Data Browser filers API,matched
549300RAQJBTN6Z28096,"Wintrust Bank, National Association",2025,Official HMDA Data Browser filers API,matched
549300RBJCM5B02O5U05,Northwest Bank,2025,Official HMDA Data Browser filers API,matched
549300RBN5KM5RUFOE42,Independent Bank,2025,Official HMDA Data Browser filers API,matched
549300RBWA4J4QTPSY69,Peoples State Bank,2025,Official HMDA Data Browser filers API,matched
549300RBX56T2MW5HO19,"CHERRY CREEK MORTGAGE, LLC",2023,Official HMDA Data Browser filers API,matched
549300RC1JITZLHVLH66,"EQUITY WAVE LENDING, INC.",2025,Official HMDA Data Browser filers API,matched
549300RD5IG88VPO6P22,"GUIDANCE RESIDENTIAL, LLC",2025,Official HMDA Data Browser filers API,matched
549300RDN1T32WR2WF91,Legacy Bank & Trust Company,2025,Official HMDA Data Browser filers API,matched
549300RDO3TWTFEYC795,"Towne Mortgage, LLC",2024,Official HMDA Data Browser filers API,matched
549300REENMLD2RN3W58,"Magnolia Bank, Incorporated",2025,Official HMDA Data Browser filers API,matched
549300REPZK0JXAZ6D94,"FISHER FINANCIAL GROUP, INCORPORATED",2025,Official HMDA Data Browser filers API,matched
549300RFLICNI75BG067,Luminate Bank,2025,Official HMDA Data Browser filers API,matched
549300RFPLMCMJL7BS81,"BELLWETHER ENTERPRISE REAL ESTATE CAPITAL, LLC",2025,Official HMDA Data Browser filers API,matched
549300RFSMIRUODUVW59,First Interstate Bank,2025,Official HMDA Data Browser filers API,matched
549300RGUEWNDH44ES51,"Forcht Bank, National Association",2025,Official HMDA Data Browser filers API,matched
549300RIPPSJXAQKZ383,CIBM Bank,2025,Official HMDA Data Browser filers API,matched
549300RIR04Y64SF4306,Kish Bank,2025,Official HMDA Data Browser filers API,matched
549300RJ5S2V4F8C4H36,SUMA,2025,Official HMDA Data Browser filers API,matched
549300RJW4T6MPVUPK44,"SEFCU SERVICES, LLC",2025,Official HMDA Data Browser filers API,matched
549300RK7Q0WLYYRNC19,Security National Bank of South Dakota,2024,Official HMDA Data Browser filers API,matched
549300RKVDUINI2A8Y77,MERCK EMPLOYEES FCU,2025,Official HMDA Data Browser filers API,matched
549300RLNUFWOJLX7W13,R Bank,2025,Official HMDA Data Browser filers API,matched
549300RM0VO0UBTMOZ05,CNB St Louis Bank,2025,Official HMDA Data Browser filers API,matched
549300RM1IZYGQDSNL85,"Texana Bank, National Association",2025,Official HMDA Data Browser filers API,matched
549300RM7ARTTP3T1V93,The Canandaigua National Bank and Trust Company,2025,Official HMDA Data Browser filers API,matched
549300RMEQJVNY2YH756,BHCU,2025,Official HMDA Data Browser filers API,matched
549300RMLDF2S89MUC93,Pathway Bank,2025,Official HMDA Data Browser filers API,matched
549300RMPGD5KKS1RR35,First Federal Savings Bank,2025,Official HMDA Data Browser filers API,matched
549300RMUJVUQYCW8836,Sanibel Captiva Community Bank,2025,Official HMDA Data Browser filers API,matched
549300RMW817W08PUN16,Community Bank of Parkersburg,2023,Official HMDA Data Browser filers API,matched
549300RN01LBYR8ZVX74,"LOWER, LLC",2025,Official HMDA Data Browser filers API,matched
549300RN1POVRDD21477,Carroll Bank and Trust,2025,Official HMDA Data Browser filers API,matched
549300RO0FORROX83086,"JD BANCSHARES, INC.",2025,Official HMDA Data Browser filers API,matched
549300ROGHTFGYNKE773,"First Federal Bank, A FSB",2025,Official HMDA Data Browser filers API,matched
549300ROUYYKL22P3T17,The First National Bank of Pandora,2024,Official HMDA Data Browser filers API,matched
549300RP00N9TM7RLE66,Bank of Abbeville & Trust Company,2023,Official HMDA Data Browser filers API,matched
549300RP3DLR09NF6157,The First National Bank of Middle Tennessee,2025,Official HMDA Data Browser filers API,matched
549300RPOGWJRH63HS39,UNION HOME MORTGAGE CORP.,2025,Official HMDA Data Browser filers API,matched
549300RPUEZ5IC514S19,Hebron Savings Bank,2025,Official HMDA Data Browser filers API,matched
549300RQGV5F7NXZZ089,Castroville State Bank,2025,Official HMDA Data Browser filers API,matched
549300RRQHIHHM9I4K21,CREDIT UNION OF AMERICA,2025,Official HMDA Data Browser filers API,matched
549300RTMAIJNRX52596,FORTE BANK,2025,Official HMDA Data Browser filers API,matched
549300RTWPH3HXUWR160,"CB&S Bank, Inc.",2025,Official HMDA Data Browser filers API,matched
549300RU0T31BIA8UR19,"NEW WEST LENDING, INC.",2025,Official HMDA Data Browser filers API,matched
549300RUFHC5ZQDL8J10,Citizens Tri-County Bank,2025,Official HMDA Data Browser filers API,matched
549300RUKY2I2HQ2AI44,POLISH & SLAVIC,2025,Official HMDA Data Browser filers API,matched
549300RUQL0X1TB8PM88,Bank Star,2024,Official HMDA Data Browser filers API,matched
549300RUVVJLHQM71O74,BCB Community Bank,2024,Official HMDA Data Browser filers API,matched
549300RV3BMT6ES6TO70,"United Fidelity Bank, fsb",2025,Official HMDA Data Browser filers API,matched
549300RWMKY0FK1H5L44,Montgomery Bank,2025,Official HMDA Data Browser filers API,matched
549300RWXIW3CFTANH88,Climb Credit Union,2025,Official HMDA Data Browser filers API,matched
549300RWXUAFD1WAE410,"ATLANTIC BAY MORTGAGE GROUP, L.L.C.",2025,Official HMDA Data Browser filers API,matched
549300RXD00V454J4078,PS Bank,2025,Official HMDA Data Browser filers API,matched
549300RXHLK3XT6SD946,Jefferson Bank,2025,Official HMDA Data Browser filers API,matched
549300RY2RZTSD07CW96,COMMUNITY DEVELOPMENT CORPORATION OF BROWNSVILLE,2024,Official HMDA Data Browser filers API,matched
549300RYBJHWWDENV610,Alcova Mortgage LLC,2025,Official HMDA Data Browser filers API,matched
549300RYJCJ7JPQ4RF20,BankNewport,2025,Official HMDA Data Browser filers API,matched
549300RYQVJMZ3X21K04,The City National Bank and Trust Company of Lawton,2025,Official HMDA Data Browser filers API,matched
549300RYTR2RVL4SFJ90,"TEMPLE VIEW CAPITAL FUNDING, LP",2025,Official HMDA Data Browser filers API,matched
549300RYWXR8TL5LIK35,"ALLIED MORTGAGE GROUP, INC.",2025,Official HMDA Data Browser filers API,matched
549300RZ68QC00DWOC19,BOURNS EMPLOYEES FEDERAL CREDIT UNION,2023,Official HMDA Data Browser filers API,matched
549300RZCM5T73BZEI76,PeoplesSouth Bank,2025,Official HMDA Data Browser filers API,matched
549300RZFB670NG8MF92,"Community First Bank, Inc.",2023,Official HMDA Data Browser filers API,matched
549300RZFHIGIM84KN09,First Citizens National Bank,2025,Official HMDA Data Browser filers API,matched
549300RZIWJWJ035S336,First-Lockhart National Bank,2025,Official HMDA Data Browser filers API,matched
549300S0KDM58LZT5C96,Frontier Bank,2025,Official HMDA Data Browser filers API,matched
549300S0KDQNIC08M074,UMASSFIVE COLLEGE,2025,Official HMDA Data Browser filers API,matched
549300S0KM4FY7WGCT56,Citizens Progressive Bank,2024,Official HMDA Data Browser filers API,matched
549300S19BPWGHQOYU13,"FAIRWAY FUNDING GROUP, INC.",2025,Official HMDA Data Browser filers API,matched
549300S1TXPDZJPDYW17,DG PINNACLE FUNDING LLC,2025,Official HMDA Data Browser filers API,matched
549300S1ULK3TJQ8I652,FIRST CITY,2025,Official HMDA Data Browser filers API,matched
549300S32ZDD67D2FB46,Norway Savings Bank,2025,Official HMDA Data Browser filers API,matched
549300S347HTLHLOC775,"FIRST CREDIT CORPORATION OF NEW YORK, INC.",2025,Official HMDA Data Browser filers API,matched
549300S3XVSI9XULIM45,First National Bank in Port Lavaca,2025,Official HMDA Data Browser filers API,matched
549300S46DHLT3EQ9F05,Citizens Alliance Bank,2024,Official HMDA Data Browser filers API,matched
549300S4PNXPKYHHRE82,FORUM,2023,Official HMDA Data Browser filers API,matched
549300S5FSS555M0NA74,First National Bank of Scotia,2025,Official HMDA Data Browser filers API,matched
549300S5FVOSK5DQJN30,INTERCAP LENDING INC.,2025,Official HMDA Data Browser filers API,matched
549300S5LHMBX3WRT314,"Wheaton Bank & Trust, N.A.",2025,Official HMDA Data Browser filers API,matched
549300S5NLOTO329NX77,"Farm Credit East, ACA",2025,Official HMDA Data Browser filers API,matched
549300S5YL3OH0IVCS62,FINANCE OF AMERICA REVERSE LLC,2025,Official HMDA Data Browser filers API,matched
549300S61HFNW2YFEK61,United Bank,2025,Official HMDA Data Browser filers API,matched
549300S63J8KM7BY5617,GENCO FEDERAL CREDIT UNION,2025,Official HMDA Data Browser filers API,matched
549300S70UD2GFALPM46,"MILLENIUM HOME MORTGAGE, LLC",2025,Official HMDA Data Browser filers API,matched
549300S7EJRY2DY1UR88,SUN AMERICAN MORTGAGE COMPANY,2025,Official HMDA Data Browser filers API,matched
549300S7NSQ9I9GYHD48,ELECTRO SAVINGS CREDIT UNION,2024,Official HMDA Data Browser filers API,matched
549300S8CJG5MSY8BH57,BANK OF LITTLE ROCK MORTGAGE CORPORATION,2025,Official HMDA Data Browser filers API,matched
549300S8SHBRCI7UU819,Baxter Credit Union,2025,Official HMDA Data Browser filers API,matched
549300S93XI20FLTGK89,"Aurora Financial, LLC",2025,Official HMDA Data Browser filers API,matched
549300S99IK3EU11AS13,INDIANA MEMBERS CREDIT UNION,2025,Official HMDA Data Browser filers API,matched
549300SBA6BX8HZZF585,"Fidelity Lending Solutions, Inc.",2025,Official HMDA Data Browser filers API,matched
549300SBCJXCPODZN187,,,Official HMDA Data Browser filers API,unmatched
549300SC9Z72JZIKY819,Greenville Federal,2025,Official HMDA Data Browser filers API,matched
549300SCF56K6YEG7X54,TAMPA BAY FEDERAL CREDIT UNION,2025,Official HMDA Data Browser filers API,matched
549300SCFWZXMDMZPE93,"RESIDENTIAL MORTGAGE, LLC",2025,Official HMDA Data Browser filers API,matched
549300SD5OZMLCCZ6H34,Round Top State Bank,2025,Official HMDA Data Browser filers API,matched
549300SDO5FP7F86HH46,"FNB Bank, Inc.",2025,Official HMDA Data Browser filers API,matched
549300SDQ83FUC7IK543,Pinnacle Bank,2025,Official HMDA Data Browser filers API,matched
549300SE6YAYK0PZZR74,Bank of Idaho,2024,Official HMDA Data Browser filers API,matched
549300SELI3XCH3UZW80,FIRST CENTENNIAL MORTGAGE CORPORATION,2023,Official HMDA Data Browser filers API,matched
549300SEW263WB5KWU64,"Vast Bank, National Association",2025,Official HMDA Data Browser filers API,matched
549300SFG15JDKI5MD22,BankPlus,2025,Official HMDA Data Browser filers API,matched
549300SG7DAVFO3NTC34,Commercial National Bank of Texarkana,2025,Official HMDA Data Browser filers API,matched
549300SGD2RNJOEDDS24,SAFE Credit Union,2025,Official HMDA Data Browser filers API,matched
549300SGEJUQK4Q7ZY34,FirstLight Federal Credit Union,2025,Official HMDA Data Browser filers API,matched
549300SHE1JTCOWBP090,STATE EMPLOYEES',2025,Official HMDA Data Browser filers API,matched
549300SHQJPJG8CN8153,"HomeTown Bank, National Association",2025,Official HMDA Data Browser filers API,matched
549300SI264HNSER6O81,K&G CAPITAL MORTGAGE LLC,2025,Official HMDA Data Browser filers API,matched
549300SI3EZ7U02L5E39,PROPONENT Federal Credit Union,2025,Official HMDA Data Browser filers API,matched
549300SI84V60XS2R422,HOMETOWN Credit Union,2025,Official HMDA Data Browser filers API,matched
549300SJTLYB6ZWKPR88,LOCAL GOVERNMENT,2025,Official HMDA Data Browser filers API,matched
549300SK2GVCQXPD4S58,"SUN WEST MORTGAGE COMPANY, INC.",2025,Official HMDA Data Browser filers API,matched
549300SK3VKN3E1SZ562,"SOUTHEAST MORTGAGE OF GEORGIA, INC.",2025,Official HMDA Data Browser filers API,matched
549300SK86EFHGUY2C52,Bank of Wisconsin Dells,2025,Official HMDA Data Browser filers API,matched
549300SKHHL7A2K8YV94,"MERIWEST MORTGAGE COMPANY, LLC",2024,Official HMDA Data Browser filers API,matched
549300SKSQ3IYUXJCH36,Alliance Bank,2025,Official HMDA Data Browser filers API,matched
549300SKTBTC2QFDKG02,Centier Bank,2025,Official HMDA Data Browser filers API,matched
549300SKVC0LU4RBMF20,"BLG HOLDINGS, INC.",2025,Official HMDA Data Browser filers API,matched
549300SLOQGL2LEMSD33,Raiz Federal Credit Union,2025,Official HMDA Data Browser filers API,matched
549300SLZFPDLWNB0O94,First Reliance Bank,2025,Official HMDA Data Browser filers API,matched
549300SMD444BM2WO947,Studio Bank,2025,Official HMDA Data Browser filers API,matched
549300SNAY3J7NZEU618,Vision Bank,2024,Official HMDA Data Browser filers API,matched
549300SNKDC040FOBU51,UNITED LOCAL CREDIT UNION,2025,Official HMDA Data Browser filers API,matched
549300SNZET0P5BZ3J56,Morton Community Bank,2025,Official HMDA Data Browser filers API,matched
549300SO0M022D8D8358,Carter Bank & Trust,2025,Official HMDA Data Browser filers API,matched
549300SOF7S6E4VRT651,SAN ANTONIO CITIZENS,2025,Official HMDA Data Browser filers API,matched
549300SOZES6XPZ50475,Texas Partners Bank,2025,Official HMDA Data Browser filers API,matched
549300SP0WF5J8HGAC84,Bandera Bank,2024,Official HMDA Data Browser filers API,matched
549300SPHVO4KAGQUX53,The First National Bank of Hutchinson,2025,Official HMDA Data Browser filers API,matched
549300SPVF3S3T0BYL87,Bank of Richmondville,2025,Official HMDA Data Browser filers API,matched
549300SQ2G271NHKJQ07,CRANE,2025,Official HMDA Data Browser filers API,matched
549300SQH6MBVMMRRA85,INOVA,2025,Official HMDA Data Browser filers API,matched
549300SQKZC6HESYGO25,Signature Federal Credit Union,2025,Official HMDA Data Browser filers API,matched
549300SQN9E467RQOF48,Sentinel Federal Credit Union,2023,Official HMDA Data Browser filers API,matched
549300SQRR7T3EUSDD87,"Orchard Mortgage, LLC",2025,Official HMDA Data Browser filers API,matched
549300SRKBH68TX76851,S&S Financial,2025,Official HMDA Data Browser filers API,matched
549300SS41NEZDLCGD86,"Bank of DeSoto, National Association",2025,Official HMDA Data Browser filers API,matched
549300STHIK6SGJQIY70,CREDIT UNION OF GEORGIA,2025,Official HMDA Data Browser filers API,matched
549300STIW51KDGL2B62,First National Community Bank,2025,Official HMDA Data Browser filers API,matched
549300SU3TF26I8KB315,UNIVERSAL 1 CREDIT UNION,2025,Official HMDA Data Browser filers API,matched
549300SUCQ1358EGVE89,"NEW DAY FINANCIAL, LLC",2025,Official HMDA Data Browser filers API,matched
549300SUW02WEKP4OP52,The Victory Bank,2024,Official HMDA Data Browser filers API,matched
549300SV2V1USGXBSB36,Prime Meridian Bank,2025,Official HMDA Data Browser filers API,matched
549300SVKVT1EF3U0N48,"ON Q FINANCIAL, LLC",2024,Official HMDA Data Browser filers API,matched
549300SWDNGYGQBG4K69,RAVE FINANCIAL CREDIT UNION,2025,Official HMDA Data Browser filers API,matched
549300SWHFQY2F7RN335,"COMMUNITY MORTGAGE FUNDING, LLC",2025,Official HMDA Data Browser filers API,matched
549300SWKVL60SKWK981,MEMBERS 1ST,2025,Official HMDA Data Browser filers API,matched
549300SXISSKGPHW5702,SOFI LENDING CORP.,2023,Official HMDA Data Browser filers API,matched
549300SXT4VBB68QCC26,EVERWISE CREDIT UNION,2025,Official HMDA Data Browser filers API,matched
549300SY0ZRUCS4CSY07,LAFAYETTE FEDERAL CREDIT UNION,2025,Official HMDA Data Browser filers API,matched
549300SYR11CYON0JE74,"BAYCOAST MORTGAGE COMPANY, LLC",2025,Official HMDA Data Browser filers API,matched
549300SZBQMYMAL3OM08,Avidia Bank,2025,Official HMDA Data Browser filers API,matched
549300T03X096VF60C57,American Bank & Trust,2025,Official HMDA Data Browser filers API,matched
549300T04FOW0XMN1L26,BLACKSTONE RIVER CREDIT UNION,2024,Official HMDA Data Browser filers API,matched
549300T0I2M6IPLVEN24,MCLEAN MORTGAGE CORPORATION,2023,Official HMDA Data Browser filers API,matched
549300T0T513EF0UT426,The Piedmont Bank,2024,Official HMDA Data Browser filers API,matched
549300T1F1BRPWSZT586,Genesee Valley,2025,Official HMDA Data Browser filers API,matched
549300T1KLQQ7B84EZ41,"Citizens National Bank, N.A.",2025,Official HMDA Data Browser filers API,matched
549300T1ONVEMLQ4B629,First Dakota National Bank,2025,Official HMDA Data Browser filers API,matched
549300T2FOBK6WY4B349,NORTH COUNTRY,2025,Official HMDA Data Browser filers API,matched
549300T2PYPUFN0IWJ63,InterBank,2025,Official HMDA Data Browser filers API,matched
549300T3F9S1MKFKHC53,HOMESTEAD FUNDING CORP.,2025,Official HMDA Data Browser filers API,matched
549300T3MSPBPSPZLR85,First Trust Bank of Illinois,2025,Official HMDA Data Browser filers API,matched
549300T560RY8NY4EY89,The Ephrata National Bank,2025,Official HMDA Data Browser filers API,matched
549300T5KQIIF8IN8E26,"Southwest Georgia Farm Credit, ACA",2023,Official HMDA Data Browser filers API,matched
549300T5QSL6MC8M4D04,"NORWICH COMMERCIAL GROUP, INC.",2025,Official HMDA Data Browser filers API,matched
549300T61O0X0RJMQ375,Bison State Bank,2025,Official HMDA Data Browser filers API,matched
549300T67186NPGCHI50,FIRST COMMUNITY,2025,Official HMDA Data Browser filers API,matched
549300T73HHIEIUU5F67,Home Bank and Trust Company,2025,Official HMDA Data Browser filers API,matched
549300T7AIY7RU1YDP31,NBH Bank,2025,Official HMDA Data Browser filers API,matched
549300T7DF901BR7V258,Nassau Educators Federal Credit Union,2025,Official HMDA Data Browser filers API,matched
549300T7HRS5DVBUPQ06,"BoxCar Mortgage, LLC",2025,Official HMDA Data Browser filers API,matched
549300T7QCXC3PXO0W07,Amplify,2025,Official HMDA Data Browser filers API,matched
549300T94GSH3C4U5M59,ALLIANT CREDIT UNION,2025,Official HMDA Data Browser filers API,matched
549300T9P3WXNMXX0I34,Ixonia Bank,2025,Official HMDA Data Browser filers API,matched
549300TA4MQM8WN2XG31,"VELOCITY COMMERCIAL CAPITAL, LLC",2025,Official HMDA Data Browser filers API,matched
549300TAFYLARKCKJ639,Bank of Monticello,2025,Official HMDA Data Browser filers API,matched
549300TB3TMP4RV5T078,"NEW FED MORTGAGE, CORP.",2025,Official HMDA Data Browser filers API,matched
549300TCY9QY8BRDQJ12,UNITED NORTHERN MORTGAGE BANKERS LIMITED,2025,Official HMDA Data Browser filers API,matched
549300TDBTRK89DZRC13,FIBRE,2025,Official HMDA Data Browser filers API,matched
549300TDH15867LXRK58,The Farmers Bank of Milton,2025,Official HMDA Data Browser filers API,matched
549300TDRENNEZ2S6M03,THE MONEY HOUSE INC.,2025,Official HMDA Data Browser filers API,matched
549300TDS8QNL4IOOX73,Farmers and Mechanics Federal Savings Bank,2023,Official HMDA Data Browser filers API,matched
549300TDVGWRELEO5F50,Visions Federal Credit Union,2025,Official HMDA Data Browser filers API,matched
549300TE5E6DWAI74K71,GEORGIA UNITED,2025,Official HMDA Data Browser filers API,matched
549300TEGBOIDI6Z5J56,Mid Oregon,2024,Official HMDA Data Browser filers API,matched
549300TETFK3GXOHZ594,Texas Bank and Trust Company,2025,Official HMDA Data Browser filers API,matched
549300TF1E42EUFBSL45,Mechanics Bank,2025,Official HMDA Data Browser filers API,matched
549300TFEH2N4OKL5136,"NEXTIER BANK, NATIONAL ASSOCIATION",2025,Official HMDA Data Browser filers API,matched
549300TFL8UPEHU61608,Bank & Trust Company,2025,Official HMDA Data Browser filers API,matched
549300TG5MQ8D4SYP955,The Tax Lady,2025,Official HMDA Data Browser filers API,matched
549300TGUS6Y1N77GV58,River City Bank,2025,Official HMDA Data Browser filers API,matched
549300TGWKRP2P13MO72,Paragon Bank,2025,Official HMDA Data Browser filers API,matched
549300TH6U4UJ37WSG98,Country Club Bank,2024,Official HMDA Data Browser filers API,matched
549300TH86HRBO3O2K22,Tompkins State Bank,2023,Official HMDA Data Browser filers API,matched
549300THBFHMP4WJ0323,I.L.W.U.,2025,Official HMDA Data Browser filers API,matched
549300THVVYXNYVCMC50,Colonial Federal Savings Bank,2023,Official HMDA Data Browser filers API,matched
549300TJ1PI0CYX4D722,MEMBERS FIRST CREDIT UNION,2025,Official HMDA Data Browser filers API,matched
549300TJF420N3F01V87,Equity Bank,2025,Official HMDA Data Browser filers API,matched
549300TJMPSMO4XCL284,TECHNICOLOR Federal Credit Union,2025,Official HMDA Data Browser filers API,matched
549300TK6RZQSFXZHV09,"MICHIGAN MUTUAL, INC.",2025,Official HMDA Data Browser filers API,matched
549300TKFZR4QBNE5D40,"1ST SIGNATURE LENDING, LLC",2025,Official HMDA Data Browser filers API,matched
549300TLGCPJTEG3WN76,EASTRISE FEDERAL CREDIT UNION,2023,Official HMDA Data Browser filers API,matched
549300TM179TSKK3HQ94,"THRIVE MORTGAGE, LLC",2023,Official HMDA Data Browser filers API,matched
549300TMS3AOKJGVNU61,Sabine Federal Credit Union,2025,Official HMDA Data Browser filers API,matched
549300TMWSYX6B5ZOK69,Wilson & Muir Bank & Trust Company,2025,Official HMDA Data Browser filers API,matched
549300TMY3OACQC9U777,"Greenbox Loans, Inc.",2025,Official HMDA Data Browser filers API,matched
549300TN0HZ349E7ZH34,ALLIANCE CREDIT UNION,2025,Official HMDA Data Browser filers API,matched
549300TN34NXD7N44O04,Two Rivers Bank & Trust,2025,Official HMDA Data Browser filers API,matched
549300TN9GZ5XRCOXX47,"CERTIFIED FUNDING, L.P.",2025,Official HMDA Data Browser filers API,matched
549300TNGC371911XJ76,Bank of Cleveland,2024,Official HMDA Data Browser filers API,matched
549300TOOOOW36EX6R40,Suncoast Credit Union,2025,Official HMDA Data Browser filers API,matched
549300TOZIPCBM0DLH67,ILLINOIS STATE,2025,Official HMDA Data Browser filers API,matched
549300TQIZ85N2EIS783,River City Bank,2025,Official HMDA Data Browser filers API,matched
549300TQVOMKNKFOH392,Gate City Bank,2025,Official HMDA Data Browser filers API,matched
549300TQWW6MLVH6KY61,ALLEGACY FEDERAL CREDIT UNION,2025,Official HMDA Data Browser filers API,matched
549300TR6MWKSIOP3B72,Brookline Bank,2025,Official HMDA Data Browser filers API,matched
549300TR6SGFPJQYJS20,UNITED TELETECH FINANCIAL,2024,Official HMDA Data Browser filers API,matched
549300TRBLKWZO8LPT76,THE FAMILY,2025,Official HMDA Data Browser filers API,matched
549300TRKZF3ZJPXJT92,"PARLAY MORTGAGE & PROPERTY, INC.",2023,Official HMDA Data Browser filers API,matched
549300TSIYX9RDYWC806,First Midwest Bank of the Ozarks,2025,Official HMDA Data Browser filers API,matched
549300TSZB60GNONKL22,RAILWAY,2025,Official HMDA Data Browser filers API,matched
549300TTK5T7CZ3UJ084,Utah Power Federally Insured State-Chartered Credit Union,2025,Official HMDA Data Browser filers API,matched
549300TTMTYIYZ986C56,Windthorst Federal Credit Union,2025,Official HMDA Data Browser filers API,matched
549300TTPRGSP8DGY569,WRIGHT PATMAN CONGRESSIONAL FEDERAL CREDIT UNION,2025,Official HMDA Data Browser filers API,matched
549300TUGV15PJJSFC84,Fresno First Bank,2025,Official HMDA Data Browser filers API,matched
549300TUISK0W7DE2464,The Harvard State Bank,2025,Official HMDA Data Browser filers API,matched
549300TULDV69V2XKY60,United States Senate Federal Credit Union,2025,Official HMDA Data Browser filers API,matched
549300TUQC6OYE8A0Y96,"PACIFIC RESIDENTIAL MORTGAGE, LLC",2025,Official HMDA Data Browser filers API,matched
549300TUSRLWD8ETNR90,SPOKANE TEACHERS,2025,Official HMDA Data Browser filers API,matched
549300TUT7EEMS8S2B86,The Commercial Bank,2024,Official HMDA Data Browser filers API,matched
549300TV5ZED3EINI708,IncredibleBank,2025,Official HMDA Data Browser filers API,matched
549300TVLFC2SSLVOP06,"METROPLEX MORTGAGE SERVICES, INC.",2025,Official HMDA Data Browser filers API,matched
549300TVVKZJG3FJDS34,DUGOOD FEDERAL CREDIT UNION,2025,Official HMDA Data Browser filers API,matched
549300TWHZRVTZ8RYT46,First Farmers Bank & Trust Co.,2025,Official HMDA Data Browser filers API,matched
549300TWKRP1O3DIPG10,MRV Banks,2025,Official HMDA Data Browser filers API,matched
549300TWLXP5O4IHG211,Southeast Financial,2024,Official HMDA Data Browser filers API,matched
549300TWPFOYZ33TOU32,MANN FINANCIAL INC.,2023,Official HMDA Data Browser filers API,matched
549300TWX5Q3V5VXNF89,North Shore Bank of Commerce,2025,Official HMDA Data Browser filers API,matched
549300TX687EP8MPL372,Lone Star State Bank of West Texas,2023,Official HMDA Data Browser filers API,matched
549300TXFI7UH4GDK877,MILLBURY,2024,Official HMDA Data Browser filers API,matched
549300TXW4YZE1CSWA75,Cape Cod Co-operative Bank,2025,Official HMDA Data Browser filers API,matched
549300TYKYOVQFBZBV90,"UNIVERSITY OF VIRGINIA COMMUNITY CREDIT UNION, INC.",2025,Official HMDA Data Browser filers API,matched
549300TYV7NDBX6FUR63,"JET HOMELOANS, LP",2025,Official HMDA Data Browser filers API,matched
549300TZDKJ07KL8T621,PCSB Bank,2025,Official HMDA Data Browser filers API,matched
549300TZUUEG8RUJI536,LHM FINANCIAL CORPORATION,2023,Official HMDA Data Browser filers API,matched
549300U001ZTHCHO4196,Inspire Federal Credit Union,2025,Official HMDA Data Browser filers API,matched
549300U0J1T0K63EKR14,SANCTUARY HOME MORTGAGE LLC,2025,Official HMDA Data Browser filers API,matched
549300U0JNFQTFMNJ219,AVB Bank,2025,Official HMDA Data Browser filers API,matched
549300U18MOAH5F95P15,EFCU FINANCIAL,2025,Official HMDA Data Browser filers API,matched
549300U1BTGE4PJ8EK24,STARK,2025,Official HMDA Data Browser filers API,matched
549300U1HSN2YJRJ0U33,TEXAR FEDERAL CREDIT UNION,2025,Official HMDA Data Browser filers API,matched
549300U1RXPGUIKOLB91,Citizens National Bank,2025,Official HMDA Data Browser filers API,matched
549300U1V61ZDK023383,BRAZOS VALLEY SCHOOLS,2025,Official HMDA Data Browser filers API,matched
549300U21VS5DK3F8H21,OptimumBank,2023,Official HMDA Data Browser filers API,matched
549300U2B1ZNGX3H8U54,Texas Tech Federal Credit Union,2025,Official HMDA Data Browser filers API,matched
549300U2WRK55BY8UC05,IMPAC MORTGAGE CORP.,2023,Official HMDA Data Browser filers API,matched
549300U3721PJGQZYY68,"GUARANTEED RATE, INC.",2025,Official HMDA Data Browser filers API,matched
549300U37SC1LBUJFV92,"Desjardins Bank, National Association",2025,Official HMDA Data Browser filers API,matched
549300U3EW900YTMU158,ST. PIUS X CHURCH FCU,2023,Official HMDA Data Browser filers API,matched
549300U4EQSH700I1044,MIL-WAY,2023,Official HMDA Data Browser filers API,matched
549300U4FBW37LFHW771,JET DIRECT FUNDING CORP,2025,Official HMDA Data Browser filers API,matched
549300U4NMMQ8OEM3D10,,,Official HMDA Data Browser filers API,unmatched
549300U5KJDUGZIWF098,MERCO,2025,Official HMDA Data Browser filers API,matched
549300U5SDGYPSPXZU37,"Natbank, National Association",2025,Official HMDA Data Browser filers API,matched
549300U65SW4VWXX3N34,FBT Bank & Mortgage,2023,Official HMDA Data Browser filers API,matched
549300U6DW7DX671T306,Midland States Bank,2025,Official HMDA Data Browser filers API,matched
549300U76XKUE05DV518,Truxton Trust Company,2025,Official HMDA Data Browser filers API,matched
549300U7ERLWHOGWFM48,ChoiceOne Bank,2025,Official HMDA Data Browser filers API,matched
549300U7F7T8UG5AI038,"COASTAL FUNDING SLC, INC.",2025,Official HMDA Data Browser filers API,matched
549300U7UH8QCS8WQ406,PURDUE,2025,Official HMDA Data Browser filers API,matched
549300U82B82JH54TO79,Lincoln FSB of Nebraska,2025,Official HMDA Data Browser filers API,matched
549300U8DCOOTG96YM89,Sound Community Bank,2025,Official HMDA Data Browser filers API,matched
549300U8E8RBG5YNMP39,DEPARTMENT OF COMMERCE,2025,Official HMDA Data Browser filers API,matched
549300U8L31JJT1ZDP60,"Peoples National Bank , N.A.",2025,Official HMDA Data Browser filers API,matched
549300U8R3GGLSE3HV47,HEART O' TEXAS Federal Credit Union,2024,Official HMDA Data Browser filers API,matched
549300U8Y61UKDC5ZF50,Vermilion Valley Bank,2025,Official HMDA Data Browser filers API,matched
549300UB5TJ0YPVPT503,MASON MCDUFFIE MORTGAGE CORPORATION,2025,Official HMDA Data Browser filers API,matched
549300UBGGLZLZEY0M18,TWINSTAR,2024,Official HMDA Data Browser filers API,matched
549300UBM8OIENB7BQ09,Farmers-Merchants Bank of Illinois,2023,Official HMDA Data Browser filers API,matched
549300UDBUNBNEKR8J69,"St. Charles Bank & Trust Company, National Association",2025,Official HMDA Data Browser filers API,matched
549300UDUI586USMO954,First Community Bank,2023,Official HMDA Data Browser filers API,matched
549300UE4FFDNV7ELD54,SCHLUMBERGER EMPLOYEES CREDIT UNION,2025,Official HMDA Data Browser filers API,matched
549300UEGARCJHF59B44,DEL SUR CORPORATION,2023,Official HMDA Data Browser filers API,matched
549300UF3FPC7U6RFC59,The Central Trust Bank,2025,Official HMDA Data Browser filers API,matched
549300UG1DH7RQL41718,SCIENT Federal Credit Union,2025,Official HMDA Data Browser filers API,matched
549300UG7QXKM7KGV847,ROYAL UNITED MORTGAGE LLC,2025,Official HMDA Data Browser filers API,matched
549300UGOOUZ7MQRIN06,Settlers Bank,2023,Official HMDA Data Browser filers API,matched
549300UHEEV73TKCZY62,Self-Help Federal Credit Union,2025,Official HMDA Data Browser filers API,matched
549300UHLXT004ITEJ56,First National Bank of Eastern Arkansas,2025,Official HMDA Data Browser filers API,matched
549300UHQ3UXVA4AGM53,ANB Bank,2023,Official HMDA Data Browser filers API,matched
549300UI36AJZ0WZ4U93,"Taylor Morrison Home Funding, Inc.",2025,Official HMDA Data Browser filers API,matched
549300UICMP0IGY0RG32,TAMPA POSTAL FEDERAL CREDIT UNION,2025,Official HMDA Data Browser filers API,matched
549300UIU6ZMTZ7XEW62,Hanmi Bank,2025,Official HMDA Data Browser filers API,matched
549300UK3Z5PC7V71K69,COASTAL1 Credit Union,2025,Official HMDA Data Browser filers API,matched
549300UK9R93LGQHOV21,,,Official HMDA Data Browser filers API,unmatched
549300UKYJZO6CZXIX60,"UNITED HOME LOANS, INC.",2025,Official HMDA Data Browser filers API,matched
549300ULM1VXY8SV3Z64,Luso Federal Credit Union,2024,Official HMDA Data Browser filers API,matched
549300ULXKJUJDK2RQ54,MONARCH FUNDING CORP.,2025,Official HMDA Data Browser filers API,matched
549300ULZJK0NFBI8J68,ORLANDO CREDIT UNION,2025,Official HMDA Data Browser filers API,matched
549300UM5S3HZLZHVP89,"SNAPFI, INC.",2025,Official HMDA Data Browser filers API,matched
549300UM6HPORF7X4415,IAA Credit Union,2025,Official HMDA Data Browser filers API,matched
549300UMOKQUJLI81448,Stone Bank,2023,Official HMDA Data Browser filers API,matched
549300UN8J4H5P8XWP62,The Pittsfield Co-operative Bank,2025,Official HMDA Data Browser filers API,matched
549300UONVHJ0G6DSL23,Bravera Bank,2025,Official HMDA Data Browser filers API,matched
549300UP64TRM5LC7R70,ALLIED FEDERAL CREDIT UNION,2025,Official HMDA Data Browser filers API,matched
549300UPB8ITF7B1GI03,CATALYST MORTGAGE,2025,Official HMDA Data Browser filers API,matched
549300UQPFB0RR8JCA42,Dacotah Bank,2024,Official HMDA Data Browser filers API,matched
549300UR5AOWTJJ7KZ64,LENDSURE MORTGAGE CORP.,2025,Official HMDA Data Browser filers API,matched
549300US45HOXL30J494,FINANCIAL RESOURCES FEDERAL CREDIT UNION,2025,Official HMDA Data Browser filers API,matched
549300USNPUCH96WTF23,Bank Midwest,2023,Official HMDA Data Browser filers API,matched
549300UT4EN6IH579Q63,"RIGHT START MORTGAGE, INC.",2025,Official HMDA Data Browser filers API,matched
549300UTE20103B0T339,"ENNKAR, INC.",2025,Official HMDA Data Browser filers API,matched
549300UTNHGSP4ICJE17,"Community Bank of Wichita, Inc.",2025,Official HMDA Data Browser filers API,matched
549300UV5JQXLGVWIP44,Devon Bank,2025,Official HMDA Data Browser filers API,matched
549300UVOSI4XZZGUE14,"VERITAS FUNDING, LLC",2025,Official HMDA Data Browser filers API,matched
549300UVXY7S004OQL53,"Wyndham Capital Mortgage, Inc.",2023,Official HMDA Data Browser filers API,matched
549300UWA74T8PF7KY34,Dime Community Bank,2025,Official HMDA Data Browser filers API,matched
549300UX6CADCIYJ3506,Generations Community Federal Credit Union,2025,Official HMDA Data Browser filers API,matched
549300UXQYBOU2E10G39,Tewksbury Federal Credit Union,2025,Official HMDA Data Browser filers API,matched
549300UXTDELQS5SLF91,DUPACO COMMUNITY,2025,Official HMDA Data Browser filers API,matched
549300UXY7OP0IC38293,Northpointe Bank,2025,Official HMDA Data Browser filers API,matched
549300UXZ76FJVM3UC43,Oak Bank,2025,Official HMDA Data Browser filers API,matched
549300V1GCCNY7J42I93,Texas Community Bank,2025,Official HMDA Data Browser filers API,matched
549300V1IRRYSYRSPU54,Castparts Employees Federal Credit Union,2023,Official HMDA Data Browser filers API,matched
549300V1ZDKDQXFW3339,La Capitol Federal Credit Union,2025,Official HMDA Data Browser filers API,matched
549300V2YLC1I721HE07,F & M BANK CORP.,2024,Official HMDA Data Browser filers API,matched
549300V315P16H3FSD37,Lone Star Federally Insured State-Chartered Credit Union,2025,Official HMDA Data Browser filers API,matched
549300V36YE6JCCEJB76,Arizona Financial Credit Union,2025,Official HMDA Data Browser filers API,matched
549300V3N91EH05UWL23,SKYONE Federal Credit Union,2025,Official HMDA Data Browser filers API,matched
549300V3UW6HP83URS67,ADVIA Federal Credit Union,2025,Official HMDA Data Browser filers API,matched
549300V422J2GUSZPZ35,Houston Federal Credit Union,2025,Official HMDA Data Browser filers API,matched
549300V4GRCFGZBVVZ73,Greater Alliance Federal Credit Union,2025,Official HMDA Data Browser filers API,matched
549300V4QN9VP69K5I11,ACCESS Federal Credit Union,2023,Official HMDA Data Browser filers API,matched
549300V4UDO1FVIAXD70,The Citizens Bank,2025,Official HMDA Data Browser filers API,matched
549300V56OLT434ILO42,NIAGARA'S CHOICE FEDERAL CREDIT UNION,2025,Official HMDA Data Browser filers API,matched
549300V5KPYZDV1U4679,BOC Bank,2023,Official HMDA Data Browser filers API,matched
549300V6F7N9BL5STN83,"BRIGHTLAND MORTGAGE SERVICES, LTD.",2025,Official HMDA Data Browser filers API,matched
549300V6LKROCIL7OI49,"FIRST BANCORP, INC.",2025,Official HMDA Data Browser filers API,matched
549300V7I9AZRM78QT92,Citizens Bank,2025,Official HMDA Data Browser filers API,matched
549300V7S0JJB4LU5J82,"WINTERWOOD MORTGAGE GROUP, LLC",2025,Official HMDA Data Browser filers API,matched
549300V83GHGVEBS2094,"GRAYTON MORTGAGE, INC.",2023,Official HMDA Data Browser filers API,matched
549300V8CF81JGIV7038,"COMPASS MORTGAGE, INC.",2025,Official HMDA Data Browser filers API,matched
549300V8Q7G5JIPNF396,Bank of Newington,2024,Official HMDA Data Browser filers API,matched
549300V9HKOIF4980H71,First United Bank and Trust Company,2025,Official HMDA Data Browser filers API,matched
549300VACYYK343SKH92,Manasquan Bank,2025,Official HMDA Data Browser filers API,matched
549300VB36IN88XCBR50,"AgGeorgia Farm Credit, ACA",2023,Official HMDA Data Browser filers API,matched
549300VBLC1LTYHXGB54,First Bank of Manhattan,2025,Official HMDA Data Browser filers API,matched
549300VBY3NBKUNMKL64,HONDA Federal Credit Union,2025,Official HMDA Data Browser filers API,matched
549300VCMRO4ST680C11,VILLAGE CAPITAL & INVESTMENT LLC,2025,Official HMDA Data Browser filers API,matched
549300VE85K2XTVRSG76,The State Bank of Faribault,2025,Official HMDA Data Browser filers API,matched
549300VEIFZEX6HJVA94,CHOCOLATE BAYOU COMMUNITY FEDERAL CREDIT UNION,2025,Official HMDA Data Browser filers API,matched
549300VEJ302N3NLKA88,Embold Federal Credit Union,2025,Official HMDA Data Browser filers API,matched
549300VEXSWLQB1TM843,COLORAMO,2024,Official HMDA Data Browser filers API,matched
549300VF12R0WS33KN43,CAPITAL,2025,Official HMDA Data Browser filers API,matched
549300VG0KDMI6ULUX54,Education Credit Union,2025,Official HMDA Data Browser filers API,matched
549300VGMMXKSX821O69,"HARTFORD FUNDING, LTD.",2025,Official HMDA Data Browser filers API,matched
549300VGTHKRGXF7GQ17,The Bank of Kaukauna,2023,Official HMDA Data Browser filers API,matched
549300VGZHXNY2T0G559,SUN Federal Credit Union,2025,Official HMDA Data Browser filers API,matched
549300VH184HHOFFT776,Meijer Credit Union,2025,Official HMDA Data Browser filers API,matched
549300VHBALPLHRR4080,City Bank,2025,Official HMDA Data Browser filers API,matched
549300VI8UYZW0WTE611,MEMBERS CHOICE,2024,Official HMDA Data Browser filers API,matched
549300VIIXX6NYY12891,First Community Bank of Central Alabama,2025,Official HMDA Data Browser filers API,matched
549300VIKSC6B00SLF36,"The Farmers Bank, Frankfort, Indiana",2025,Official HMDA Data Browser filers API,matched
549300VIRTE6O2776X89,BAYER HERITAGE CREDIT UNION,2025,Official HMDA Data Browser filers API,matched
549300VIZR4H7AB15496,First State Bank,2025,Official HMDA Data Browser filers API,matched
549300VJ2DUIQKBO9U08,Scott State Bank,2025,Official HMDA Data Browser filers API,matched
549300VJ7C5JB4W87F48,"KEY MORTGAGE SERVICES, INC.",2025,Official HMDA Data Browser filers API,matched
549300VJ9DGB4OZNPL63,Northview Bank,2025,Official HMDA Data Browser filers API,matched
549300VJQJVZKJBDWS17,"TOTAL MORTGAGE SERVICES, LLC",2025,Official HMDA Data Browser filers API,matched
549300VKT6APHQW3YT06,"CREDIT UNION FINANCIAL SERVICES, LLC",2025,Official HMDA Data Browser filers API,matched
549300VLXW0YGTWFT173,SIU Credit Union,2025,Official HMDA Data Browser filers API,matched
549300VMVKSQE1B7DD43,The Camden National Bank,2025,Official HMDA Data Browser filers API,matched
549300VMX06UV1F7NS76,"SUCCESS MORTGAGE PARTNERS, INC.",2025,Official HMDA Data Browser filers API,matched
549300VN9E1DEKF26E34,SPACE COAST CREDIT UNION,2025,Official HMDA Data Browser filers API,matched
549300VNBQD8FDHF7563,"MORTGAGE INVESTORS GROUP, INC.",2025,Official HMDA Data Browser filers API,matched
549300VORTI31GZTJL53,"CARDINAL FINANCIAL COMPANY, LIMITED PARTNERSHIP",2025,Official HMDA Data Browser filers API,matched
549300VPYRW4D9VH0G53,SOUTHPOINT FINANCIAL,2024,Official HMDA Data Browser filers API,matched
549300VQSHPYTNCOP496,"LYONS MORTGAGE SERVICES, INC.",2025,Official HMDA Data Browser filers API,matched
549300VQUTI5IU7GXT57,SECURITYNATIONAL MORTGAGE COMPANY,2025,Official HMDA Data Browser filers API,matched
549300VR3QTN4GZYUR03,Bar Harbor Bank & Trust,2025,Official HMDA Data Browser filers API,matched
549300VR7DBNPPSMHV60,American State Bank,2023,Official HMDA Data Browser filers API,matched
549300VRH8KD60XSZK39,"AgHeritage Farm Credit Services, ACA",2025,Official HMDA Data Browser filers API,matched
549300VRPB0NU0485164,RiverHills Bank,2024,Official HMDA Data Browser filers API,matched
549300VRYDYOPWK5MO08,"Provident Savings Bank, F.S.B.",2025,Official HMDA Data Browser filers API,matched
549300VS8Y4N1Y2J0S91,Brannen Bank,2025,Official HMDA Data Browser filers API,matched
549300VTMXH07KUIB722,SERVICE FIRST FEDERAL CREDIT UNION,2025,Official HMDA Data Browser filers API,matched
549300VTVP64BKEO3L58,MOUNTAIN VALLEY BANK,2023,Official HMDA Data Browser filers API,matched
549300VUC1HUFKVPE720,"Triad Bank, National Association",2025,Official HMDA Data Browser filers API,matched
549300VUQ4KD10YTTM53,Genesee Regional Bank,2025,Official HMDA Data Browser filers API,matched
549300VUQP8LETNCVK53,First Nations Bank,2024,Official HMDA Data Browser filers API,matched
549300VUVWGNUHYOLA93,COCA-COLA Credit Union,2025,Official HMDA Data Browser filers API,matched
549300VVH8HHFMWL8536,CHEVRON Federal Credit Union,2025,Official HMDA Data Browser filers API,matched
549300VWURV8LBNGQ353,Firstar Bank,2025,Official HMDA Data Browser filers API,matched
549300VWVLYULYLIAM42,"HOMEOWNERS FIRST MORTGAGE, LLC",2023,Official HMDA Data Browser filers API,matched
549300VXXDSMSH313G18,Truliant Federal Credit Union,2025,Official HMDA Data Browser filers API,matched
549300VYEO55JM1VUZ93,GREATER WOODLAWN FEDERAL CREDIT UNION,2025,Official HMDA Data Browser filers API,matched
549300VYK2WBD7SST478,Bank OZK,2025,Official HMDA Data Browser filers API,matched
549300VZCSVVY5P73G51,Community Star Credit Union,2025,Official HMDA Data Browser filers API,matched
549300VZN1TWBN1WY406,INTEGRITY MORTGAGE CORPORATION OF TEXAS,2025,Official HMDA Data Browser filers API,matched
549300VZVN841I2ILS84,"CROSSCOUNTRY MORTGAGE, INC.",2025,Official HMDA Data Browser filers API,matched
549300W07W12OUENKR02,County National Bank,2025,Official HMDA Data Browser filers API,matched
549300W09D8JV1ANXX59,"THE ANDERSON FINANCIAL GROUP, INC.",2025,Official HMDA Data Browser filers API,matched
549300W0YBCUV18HSR42,Tri Counties Bank,2025,Official HMDA Data Browser filers API,matched
549300W1AS8CZYV4MQ17,Blackhawk Community Credit Union,2025,Official HMDA Data Browser filers API,matched
549300W1HU6IVVIEJ389,"RANLIFE, INC.",2025,Official HMDA Data Browser filers API,matched
549300W20M87S246SZ26,"MDE HOME LOANS, LLC",2025,Official HMDA Data Browser filers API,matched
549300W2DSERWC01YR18,Walden Savings Bank,2025,Official HMDA Data Browser filers API,matched
549300W2VOHO3742H053,SELF-HELP Credit Union,2025,Official HMDA Data Browser filers API,matched
549300W40F67Y6WWQX34,first vision bank of tennessee,2023,Official HMDA Data Browser filers API,matched
549300W424PDJPNFLY60,The Gifford State Bank,2025,Official HMDA Data Browser filers API,matched
549300W45D2J6BT4LX65,"ALL CREDIT CONSIDERED MORTGAGE, INC.",2025,Official HMDA Data Browser filers API,matched
549300W4FT4H1UWPGU95,GREENSTATE Credit Union,2025,Official HMDA Data Browser filers API,matched
549300W4TWSN8U8TGD72,Citizens Bank of Lafayette,2025,Official HMDA Data Browser filers API,matched
549300W5A6PQ1VJG3497,First Federal Bank of Kansas City,2025,Official HMDA Data Browser filers API,matched
549300W5V403XF1RX254,"OWNERSCHOICE FUNDING, INCORPORATED",2025,Official HMDA Data Browser filers API,matched
549300W6GQTN13GWDQ17,The Malvern National Bank,2024,Official HMDA Data Browser filers API,matched
549300W6J23SLH6AR815,Great Lakes Credit Union,2025,Official HMDA Data Browser filers API,matched
549300W6K140RN8NQB93,DFCU FINANCIAL,2025,Official HMDA Data Browser filers API,matched
549300W6OBJ6KNM5Y833,Texas Bank,2025,Official HMDA Data Browser filers API,matched
549300W6UP8EY0KSBG85,New Century Bank,2023,Official HMDA Data Browser filers API,matched
549300W75G5512S0BN41,1ST ED CREDIT UNION,2023,Official HMDA Data Browser filers API,matched
549300W76QLF060CER73,"First South Farm Credit, ACA",2023,Official HMDA Data Browser filers API,matched
549300W7XZMMFOVY0Z37,"NewTowne Mortgage, LLC",2023,Official HMDA Data Browser filers API,matched
549300W8FHFUIVMAUT86,PRIMCO MORTGAGE LLC,2023,Official HMDA Data Browser filers API,matched
549300W8Q4KZC8LMAV19,First Metro Bank,2024,Official HMDA Data Browser filers API,matched
549300W8XIPJGDECVX07,"SOUTHERN LENDING SERVICES, LTD.",2025,Official HMDA Data Browser filers API,matched
549300WBJK857X8MNU96,GAS AND ELECTRIC CREDIT UNION,2025,Official HMDA Data Browser filers API,matched
549300WC12JROIUVWY16,SOUTH CAROLINA FEDERAL CREDIT UNION,2025,Official HMDA Data Browser filers API,matched
549300WC15MLNUIZYR16,APCO EMPLOYEES,2025,Official HMDA Data Browser filers API,matched
549300WDLOVGUYVTS727,MTC Federal Credit Union,2025,Official HMDA Data Browser filers API,matched
549300WEOD0TL2O6EU67,"MOUNTAIN WEST FINANCIAL, INC.",2024,Official HMDA Data Browser filers API,matched
549300WETW159N5QFR97,FIRST CAPITAL Federal Credit Union,2024,Official HMDA Data Browser filers API,matched
549300WEZMN6QE5IIH42,"JERSEY MORTGAGE COMPANY OF NEW JERSEY, INC.",2024,Official HMDA Data Browser filers API,matched
549300WGEJKXK5PPHT03,"HOMESITE MORTGAGE, LLC",2023,Official HMDA Data Browser filers API,matched
549300WH9FMXOC63ZV77,NATIONWIDE EQUITIES CORPORATION,2025,Official HMDA Data Browser filers API,matched
549300WHACUOETOKO184,First American Bank and Trust Company,2025,Official HMDA Data Browser filers API,matched
549300WHVRE44NRBU558,City Lending Inc.,2025,Official HMDA Data Browser filers API,matched
549300WIBPMHJJ84YQ06,Traditions Bank,2024,Official HMDA Data Browser filers API,matched
549300WIE2SKOKI8PF63,North Shore Trust and Savings,2025,Official HMDA Data Browser filers API,matched
549300WJIJV987NXVC31,"SCENIC OAKS FUNDING, LLC",2025,Official HMDA Data Browser filers API,matched
549300WJMSK78N2L9U23,"OAK MORTGAGE, LLC",2024,Official HMDA Data Browser filers API,matched
549300WK15ESCDNJ5M35,CORNING CREDIT UNION,2025,Official HMDA Data Browser filers API,matched
549300WKFR15017V9850,MEGASTAR FINANCIAL CORP.,2025,Official HMDA Data Browser filers API,matched
549300WKOE38PNUSOD49,RadiFi Credit Union,2025,Official HMDA Data Browser filers API,matched
549300WKXTUY0SWZNZ90,"AMERICAN NATIONWIDE MORTGAGE COMPANY, INC.",2023,Official HMDA Data Browser filers API,matched
549300WLYZ63QPFTDP84,Main Street Bank Corp,2025,Official HMDA Data Browser filers API,matched
549300WMQ4WI6QXK7803,SKYLA FEDERAL CREDIT UNION,2025,Official HMDA Data Browser filers API,matched
549300WN1LQYJX9HOU28,Mountain Commerce Bank,2024,Official HMDA Data Browser filers API,matched
549300WN576XI5QFH005,"ASPIRE FINANCIAL, INC.",2023,Official HMDA Data Browser filers API,matched
549300WOJCNL7B110W30,Open Bank,2025,Official HMDA Data Browser filers API,matched
549300WOJH0MSG0OIM41,ALABAMA ONE,2025,Official HMDA Data Browser filers API,matched
549300WPK18IMSC1OM63,"LUMENT STRUCTURED FINANCE, LLC",2025,Official HMDA Data Browser filers API,matched
549300WR7Z70C25QD821,TEXAS HEALTH CREDIT UNION,2025,Official HMDA Data Browser filers API,matched
549300WRB87J6ZL6CO07,WESTERN VISTA,2025,Official HMDA Data Browser filers API,matched
549300WRDGBHKR1BXL98,Merchants Bank of Indiana,2025,Official HMDA Data Browser filers API,matched
549300WS8BW0I0BDA390,DIAMOND RESIDENTIAL MORTGAGE CORPORATION,2025,Official HMDA Data Browser filers API,matched
549300WT3BKLLJV4I440,Lafayette State Bank,2025,Official HMDA Data Browser filers API,matched
549300WTZMQSET2VY242,ACADEMY MORTGAGE CORPORATION,2023,Official HMDA Data Browser filers API,matched
549300WU17K1CLH8VI32,Chemung Canal Trust Company,2025,Official HMDA Data Browser filers API,matched
549300WUGYTMN4HIT493,DuPage Credit Union,2025,Official HMDA Data Browser filers API,matched
549300WVVCPSUJMG9419,BLC Community Bank,2025,Official HMDA Data Browser filers API,matched
549300WW4OBT30G5DK23,THRIVENT Federal Credit Union,2025,Official HMDA Data Browser filers API,matched
549300WWAUM3SY0XPY42,ALTA VISTA,2025,Official HMDA Data Browser filers API,matched
549300WWJ28EP3GZG107,FIRSTBANK PUERTO RICO,2025,Official HMDA Data Browser filers API,matched
549300WWLOUWIJ1Q0H29,MICHIGAN SCHOOLS AND GOVERNMENT,2025,Official HMDA Data Browser filers API,matched
549300WX4YO71NFO5362,HOUSTON POLICE,2025,Official HMDA Data Browser filers API,matched
549300WXIUJ8ZTV7X921,Peoples Bank of Kankakee County,2025,Official HMDA Data Browser filers API,matched
549300WXO2FZYE7KAW26,CERTIFIED CREDIT UNION,2025,Official HMDA Data Browser filers API,matched
549300WYBPIWKK6SQC06,Bell Bank,2025,Official HMDA Data Browser filers API,matched
549300WYC8C6REMY4E38,Minnwest Bank,2025,Official HMDA Data Browser filers API,matched
549300WYRD3CZ6KH1N11,CREDIT UNION OF OHIO,2025,Official HMDA Data Browser filers API,matched
549300WZCZNKQZ3TAU55,CUSTOMER SERVICE MORTGAGE CORPORATION,2023,Official HMDA Data Browser filers API,matched
549300WZWPMDWIL12842,Apex Bank,2025,Official HMDA Data Browser filers API,matched
549300X03SL4SM0F3U87,ConnectOne Bank,2025,Official HMDA Data Browser filers API,matched
549300X08QKYUH256I80,"Goldwater Bank, N.A.",2025,Official HMDA Data Browser filers API,matched
549300X0DCWAGU4DZH55,"NEXUS SERIES B, LLC",2025,Official HMDA Data Browser filers API,matched
549300X2FI65C4A30O27,F&M Bank,2025,Official HMDA Data Browser filers API,matched
549300X4P2GHQNMZGO79,MORTGAGE CENTER L.C,2025,Official HMDA Data Browser filers API,matched
549300X66F41NHRM7578,Federated Bank,2024,Official HMDA Data Browser filers API,matched
549300X6ESK4SUBRYL85,Waterman State Bank,2025,Official HMDA Data Browser filers API,matched
549300X72Q5WKCW2QQ95,R M K FINANCIAL CORP.,2023,Official HMDA Data Browser filers API,matched
549300X7J20OLLSGTZ36,"MUNICIPAL EMPLOYEES CREDIT UNION OF BALTIMORE, INCORPORATED",2024,Official HMDA Data Browser filers API,matched
549300X7KG2H84UCP685,"Financial Funding Solutions, Inc.",2025,Official HMDA Data Browser filers API,matched
549300X7PN8KSYQHY415,Peoples Bank,2025,Official HMDA Data Browser filers API,matched
549300X844WCY1CCL322,"GSB MORTGAGE, INC.",2025,Official HMDA Data Browser filers API,matched
549300X8AUU3UC1ULZ79,FIRST EQUITY MORTGAGE INCORPORATED,2025,Official HMDA Data Browser filers API,matched
549300X8XJW35HJ7M023,Select Bank,2024,Official HMDA Data Browser filers API,matched
549300X9F6RDCRU0HK78,First Bank of Owasso,2024,Official HMDA Data Browser filers API,matched
549300XA6P3X1GTJEY80,SECURITYPLUS,2025,Official HMDA Data Browser filers API,matched
549300XAHXRVSRML8V19,"DIRECT MORTGAGE, CORP.",2025,Official HMDA Data Browser filers API,matched
549300XAJENHWRM32Z86,Bank of Springfield,2025,Official HMDA Data Browser filers API,matched
549300XBOKNEE2CQJL92,"AUGUSTA FINANCIAL, INC.",2025,Official HMDA Data Browser filers API,matched
549300XCHJ481RPPSP63,Wyoming Bank & Trust,2025,Official HMDA Data Browser filers API,matched
549300XCP8KCUTKGF379,121 FINANCIAL,2023,Official HMDA Data Browser filers API,matched
549300XCVBRR56D08F03,"MISSION LOANS, LLC",2025,Official HMDA Data Browser filers API,matched
549300XDZHJDR5G01Q52,ALABAMA CREDIT UNION,2025,Official HMDA Data Browser filers API,matched
549300XECJ0294F1ZG19,"MATTAMY HOME FUNDING, LLC",2025,Official HMDA Data Browser filers API,matched
549300XED7IBK9VVQH70,"PIKE CREEK MORTGAGE SERVICES, INC.",2025,Official HMDA Data Browser filers API,matched
549300XF8276TFB0V157,Central Bank,2025,Official HMDA Data Browser filers API,matched
549300XFNTNQLLW0HY87,The Citizens National Bank of Meridian,2025,Official HMDA Data Browser filers API,matched
549300XFPZ54Y2QPYR56,"RMC HOME MORTGAGE, LLC",2025,Official HMDA Data Browser filers API,matched
549300XFW2CXGSLDJ958,GATEWAY MORTGAGE CORPORATION,2025,Official HMDA Data Browser filers API,matched
549300XHAIQYHZG7KY40,First National Bank Colorado,2025,Official HMDA Data Browser filers API,matched
549300XHEKTWE48VS407,"Consumer First Mortgage, Inc.",2025,Official HMDA Data Browser filers API,matched
549300XHF3PMRO08N352,VERITY,2025,Official HMDA Data Browser filers API,matched
549300XHKDHI81WG5G33,Bank of the Orient,2025,Official HMDA Data Browser filers API,matched
549300XHPPLC0TBRV021,"PRIORITY HOME LENDING, LLC",2025,Official HMDA Data Browser filers API,matched
549300XJN2FXJNUZ8F52,"HIGHLAND HOMELOANS, LLC",2025,Official HMDA Data Browser filers API,matched
549300XKEC7P1D7OKJ16,Great Plains National Bank,2025,Official HMDA Data Browser filers API,matched
549300XKIMAP8O4OS123,BELLWETHER COMMUNITY CREDIT UNION,2024,Official HMDA Data Browser filers API,matched
549300XL5688T9WLKS84,"Tidewater Home Funding, LLC",2025,Official HMDA Data Browser filers API,matched
549300XLRD9QLLJRCB89,GREYLOCK FEDERAL CREDIT UNION,2025,Official HMDA Data Browser filers API,matched
549300XMCDBXHD84QD46,Ohnward Bank & Trust,2025,Official HMDA Data Browser filers API,matched
549300XOOL3OJTITCV30,CITADEL FEDERAL CREDIT UNION,2025,Official HMDA Data Browser filers API,matched
549300XOP6YO0UN0TY92,Spero Financial,2023,Official HMDA Data Browser filers API,matched
549300XOTES5TCS8T794,"First Mid Bank & Trust, National Association",2025,Official HMDA Data Browser filers API,matched
549300XOWUPV4E45EE89,"Farmers State Bank of Alto Pass, Ill.",2025,Official HMDA Data Browser filers API,matched
549300XPGZ2ODNN94697,XPLORE FEDERAL CREDIT UNION,2025,Official HMDA Data Browser filers API,matched
549300XPRIVI6I4YR959,State Bank of Bement,2025,Official HMDA Data Browser filers API,matched
549300XQ7B5FIVUNFE29,VAN DYK MORTGAGE CORPORATION,2025,Official HMDA Data Browser filers API,matched
549300XQ8DRJT0OETE90,Commercial Bank,2025,Official HMDA Data Browser filers API,matched
549300XQVJ1XBNFA5536,21st Mortgage Corporation,2025,Official HMDA Data Browser filers API,matched
549300XR0EY1M0FVG232,MORTGAGE BANK OF CALIFORNIA,2025,Official HMDA Data Browser filers API,matched
549300XR3B6372SESA46,PACIFIC SERVICE CREDIT UNION,2025,Official HMDA Data Browser filers API,matched
549300XRB0LTJL53XI04,Unison Bank,2024,Official HMDA Data Browser filers API,matched
549300XRF9LCZ3RX3Q39,"Allied First Bank,sb",2025,Official HMDA Data Browser filers API,matched
549300XRGNVNCISU8Q79,Mid-Atlantic Federal Credit Union,2025,Official HMDA Data Browser filers API,matched
549300XRXBA38J60S618,JMJ FINANCIAL GROUP,2025,Official HMDA Data Browser filers API,matched
549300XSS1CPK8G7B851,ServisFirst Bank,2025,Official HMDA Data Browser filers API,matched
549300XT5WP4TMNXL317,"Heritage Bank, Inc.",2024,Official HMDA Data Browser filers API,matched
549300XTGDMRB8FMR522,TEXOMA COMMUNITY CREDIT UNION,2025,Official HMDA Data Browser filers API,matched
549300XTSMAC5DOX6447,Havard Federal Credit Union,2025,Official HMDA Data Browser filers API,matched
549300XUKQ6W1CY6QK47,First Federal Savings Bank,2025,Official HMDA Data Browser filers API,matched
549300XUMLWCTTKR4B35,First Community Bank,2025,Official HMDA Data Browser filers API,matched
549300XUMML1SMLTVQ62,NUTMEG STATE FINANCIAL,2025,Official HMDA Data Browser filers API,matched
549300XVCHXNN8R67U29,Community Federal Savings Bank,2025,Official HMDA Data Browser filers API,matched
549300XVX388NW99XE16,ESSENTIAL,2024,Official HMDA Data Browser filers API,matched
549300XW2H531FLD3I90,FIRST FED BANK,2025,Official HMDA Data Browser filers API,matched
549300XWC8ZG8WYKWG35,"Towne First Mortgage, LLC",2025,Official HMDA Data Browser filers API,matched
549300XWUSRVVOHPRY47,"EVERETT FINANCIAL, INC.",2025,Official HMDA Data Browser filers API,matched
549300XXIJ7WMGY22535,"SOUTHPOINT FINANCIAL SERVICES, INC.",2024,Official HMDA Data Browser filers API,matched
549300XXQGH86HT5JF25,Conway Bank,2024,Official HMDA Data Browser filers API,matched
549300XXX5RVRVYNKY79,Home State Bank,2025,Official HMDA Data Browser filers API,matched
549300XY02VS45I5ZZ90,Lincoln Savings Bank,2024,Official HMDA Data Browser filers API,matched
549300XY701IELCE5Q08,BETTER MORTGAGE CORPORATION,2025,Official HMDA Data Browser filers API,matched
549300XYCNS3JDVQXU89,State Bank,2025,Official HMDA Data Browser filers API,matched
549300XYHH9IPC6FQW89,The Bank of Herrin,2025,Official HMDA Data Browser filers API,matched
549300XYLNCM8KWF7B15,TRUWEST Credit Union,2025,Official HMDA Data Browser filers API,matched
549300XYOAX0LV89BL94,"FCN Bank, National Association",2023,Official HMDA Data Browser filers API,matched
549300XYY2S4S7UPJT86,"SK GLOBAL INVESTMENT, INC",2023,Official HMDA Data Browser filers API,matched
549300XZ4R55J9UKB235,SELFRELIANCE FEDERAL CREDIT UNION,2025,Official HMDA Data Browser filers API,matched
549300XZEU2LB7FLWW04,FOUR POINTS,2025,Official HMDA Data Browser filers API,matched
549300XZF8VZFNRNBW38,Geddes Federal Savings and Loan Association,2025,Official HMDA Data Browser filers API,matched
549300XZGHPTWOJPDI31,Wayne Bank,2025,Official HMDA Data Browser filers API,matched
549300Y01XP7FO81MC08,Core Bank,2025,Official HMDA Data Browser filers API,matched
549300Y0F8X17ADZK505,First Bank Richmond,2025,Official HMDA Data Browser filers API,matched
549300Y1BH01D1B61H27,VA DESERT PACIFIC,2023,Official HMDA Data Browser filers API,matched
549300Y37WHI3S8KVE74,MERCED SCHOOL EMPLOYEES FEDERAL CREDIT UNION,2025,Official HMDA Data Browser filers API,matched
549300Y3R0S9WULTX168,,,Official HMDA Data Browser filers API,unmatched
549300Y4BSP3BSFW7J29,DELTA COMMUNITY CREDIT UNION,2025,Official HMDA Data Browser filers API,matched
549300Y4CEEGC4KCFI45,TELCOE FEDERAL CREDIT UNION,2025,Official HMDA Data Browser filers API,matched
549300Y4GAAGXS20SL80,MISSOURI ELECTRIC COOPERATIVES EMPL,2024,Official HMDA Data Browser filers API,matched
549300Y4I3OP11OGQV16,Fairfax State Savings Bank,2025,Official HMDA Data Browser filers API,matched
549300Y5Y88FQLI7VE83,DEEPHAVEN MORTGAGE LLC,2025,Official HMDA Data Browser filers API,matched
549300Y5YUNNHUW2EQ06,Stellar Bank,2025,Official HMDA Data Browser filers API,matched
549300Y6FMTOZSY0VW06,Kemba Financial Credit Union Inc,2025,Official HMDA Data Browser filers API,matched
549300Y6FW0UWRZJW587,Eagle Rock Bank,2024,Official HMDA Data Browser filers API,matched
549300Y6WN08IC7KWH70,TRAILBLAZER MORTGAGE L.L.C.,2025,Official HMDA Data Browser filers API,matched
549300Y6X9E8QVGNA045,"City First Bank, National Association",2024,Official HMDA Data Browser filers API,matched
549300Y6YKK2XPSFJO71,"SYNERGY HOME MORTGAGE, LLC",2023,Official HMDA Data Browser filers API,matched
549300Y7G2MW6V1OR474,"VICTORIAN FINANCE, LLC",2025,Official HMDA Data Browser filers API,matched
549300Y7HCU10KIRLG30,Peoples Bank,2025,Official HMDA Data Browser filers API,matched
549300Y7OEG60MGTKK54,Heartland Bank,2024,Official HMDA Data Browser filers API,matched
549300Y817BTHHMVNH95,PILGRIM MORTGAGE LLC,2025,Official HMDA Data Browser filers API,matched
549300YAYQAARPBTRA72,"PROPER RATE, LLC",2025,Official HMDA Data Browser filers API,matched
549300YB1H2FRI6JPM51,LAKE MICHIGAN CREDIT UNION,2025,Official HMDA Data Browser filers API,matched
549300YBAW8FZJWPB842,PLATINUM EAGLE MORTGAGE LLC,2025,Official HMDA Data Browser filers API,matched
549300YBDU83IKL6II41,Brentwood Bank,2024,Official HMDA Data Browser filers API,matched
549300YBM0K5N6REP663,"Gilmer National Bank, Gilmer, Texas",2025,Official HMDA Data Browser filers API,matched
549300YCCZTMBHGTNQ79,Independent Bank,2024,Official HMDA Data Browser filers API,matched
549300YD7XJM19TH5O82,CITIZENS EQUITY FIRST,2025,Official HMDA Data Browser filers API,matched
549300YD9NNO7W7TSI64,Wheatland Bank,2023,Official HMDA Data Browser filers API,matched
549300YDBNK66R6ZES34,TOGETHER CREDIT UNION,2025,Official HMDA Data Browser filers API,matched
549300YDU8N5KZBYRU81,Coleman County State Bank,2025,Official HMDA Data Browser filers API,matched
549300YEC4OVVYQB2849,"MMS MORTGAGE SERVICES, LTD.",2025,Official HMDA Data Browser filers API,matched
549300YEI60WAHWQ3110,KITSAP Credit Union,2025,Official HMDA Data Browser filers API,matched
549300YFEWUJMPG9CN91,Town & Country Bank and Trust Company,2025,Official HMDA Data Browser filers API,matched
549300YHKDUKPJGRPK46,SAFE 1 CREDIT UNION,2025,Official HMDA Data Browser filers API,matched
549300YHPEPV6KF30T16,Rosedale Federal Savings and Loan Association,2025,Official HMDA Data Browser filers API,matched
549300YHR41F57LS0R28,Farmers and Merchants Union Bank,2025,Official HMDA Data Browser filers API,matched
549300YHSRT5YOR5W454,ALLIANCE CREDIT UNION,2025,Official HMDA Data Browser filers API,matched
549300YIBRM1ZYA6GT07,NAVIGANT CREDIT UNION,2025,Official HMDA Data Browser filers API,matched
549300YIOSILVWW8FH16,BRIDGELOCK CAPITAL,2024,Official HMDA Data Browser filers API,matched
549300YIQ7S7Z8PIHE53,AmeriSave Mortgage Corporation,2025,Official HMDA Data Browser filers API,matched
549300YIZECN2NB3I529,First Financial Bank,2025,Official HMDA Data Browser filers API,matched
549300YJ77JVC6X3BO61,Thomasville National Bank,2025,Official HMDA Data Browser filers API,matched
549300YJQ7L8XG0WT572,CINFED Federal Credit Union,2025,Official HMDA Data Browser filers API,matched
549300YK8RG6J51VOI08,Community Bank,2025,Official HMDA Data Browser filers API,matched
549300YKBMBBIIMQJS94,Southern Bank,2025,Official HMDA Data Browser filers API,matched
549300YKMWXBZEEA1471,Royal Bank,2025,Official HMDA Data Browser filers API,matched
549300YKTME1U7Z0UN20,Empower Federal Credit Union,2025,Official HMDA Data Browser filers API,matched
549300YLA2LNEYNOLN85,WATSON MORTGAGE CORP.,2024,Official HMDA Data Browser filers API,matched
549300YLIY5SO2XSK094,Ridgewood Savings Bank,2025,Official HMDA Data Browser filers API,matched
549300YM15OICCNPH537,GREENWAY MORTGAGE FUNDING CORP.,2025,Official HMDA Data Browser filers API,matched
549300YMEOE50UQ6NM87,American Bank of Freedom,2025,Official HMDA Data Browser filers API,matched
549300YMIOLU51FSTO86,"CONSTRUCTIVE LOANS, LLC",2025,Official HMDA Data Browser filers API,matched
549300YMV5FVP7DXOG44,COMMONWEALTH ONE,2025,Official HMDA Data Browser filers API,matched
549300YN7OQX9PTS2T45,"Lone Star Capital Bank, National Association",2024,Official HMDA Data Browser filers API,matched
549300YN94MOAVYW0F52,"GoodLeap, LLC",2025,Official HMDA Data Browser filers API,matched
549300YNUT7D0FWKU636,The Farmers National Bank of Canfield,2025,Official HMDA Data Browser filers API,matched
549300YOCINIK5RN6R57,GATEWAY METRO,2025,Official HMDA Data Browser filers API,matched
549300YOEBGKPKU43Q28,Webster Five Cents Savings Bank,2025,Official HMDA Data Browser filers API,matched
549300YOGGZET04TZM44,Abacus Federal Savings Bank,2025,Official HMDA Data Browser filers API,matched
549300YPBBHUEKV1YC68,"CITY FIRST MORTGAGE SERVICES, L.L.C.",2025,Official HMDA Data Browser filers API,matched
549300YPQDQJM78AYS70,HEARTLAND,2025,Official HMDA Data Browser filers API,matched
549300YPSRX7HBRJSR08,1ST UNITED SERVICES CREDIT UNION,2025,Official HMDA Data Browser filers API,matched
549300YQ763HO7N3CO68,The Bank of South Carolina,2025,Official HMDA Data Browser filers API,matched
549300YQJU3WVKMRXR40,"PATRIOT ONE MORTGAGE BANKERS, LLC",2025,Official HMDA Data Browser filers API,matched
549300YR7U7TZTQ1GH77,Centennial Bank,2025,Official HMDA Data Browser filers API,matched
549300YRN588YD6VNJ18,F&M Bank,2025,Official HMDA Data Browser filers API,matched
549300YS4CB1171BRJ08,First Bank,2025,Official HMDA Data Browser filers API,matched
549300YS7PW1Y7DQZG40,CENTURY,2025,Official HMDA Data Browser filers API,matched
549300YSLPB4FWL34Z59,MEMBERS HERITAGE Credit Union,2025,Official HMDA Data Browser filers API,matched
549300YSSK1TDPTWQ036,National Bank of Commerce,2025,Official HMDA Data Browser filers API,matched
549300YT2WUQF1W74119,Buckeye State Bank,2025,Official HMDA Data Browser filers API,matched
549300YTDHBD4XHCIR35,THE POLICE Credit Union,2025,Official HMDA Data Browser filers API,matched
549300YU5FXUC05UXI34,GLENDALE AREA SCHOOLS CREDIT UNION,2024,Official HMDA Data Browser filers API,matched
549300YUVOQXC2XL4P90,Community State Bank of Orbisonia,2024,Official HMDA Data Browser filers API,matched
549300YV77ZZ5ADLO929,Habib American Bank,2025,Official HMDA Data Browser filers API,matched
549300YVBUEC0SGSZW55,Park State Bank,2025,Official HMDA Data Browser filers API,matched
549300YVM8B4UQC5DK40,,,Official HMDA Data Browser filers API,unmatched
549300YW2UBCMDRMBT48,"RELIANCE FIRST CAPITAL, LLC",2025,Official HMDA Data Browser filers API,matched
549300YWKMUD8J4EF956,Progressive National Bank,2025,Official HMDA Data Browser filers API,matched
549300YX5RPSSMR88K92,"MERCHANTS MORTGAGE & TRUST CORPORATION, LLC",2025,Official HMDA Data Browser filers API,matched
549300YYDSCELMBQD390,PINNACLE,2024,Official HMDA Data Browser filers API,matched
549300YYJWBT2GH5DS80,PICATINNY FEDERAL CREDIT UNION,2025,Official HMDA Data Browser filers API,matched
549300Z0OW7UDR5F5Z46,The Home National Bank of Thorntown,2023,Official HMDA Data Browser filers API,matched
549300Z1CDO1XR2ZMQ19,HUDSON RIVER COMMUNITY,2025,Official HMDA Data Browser filers API,matched
549300Z1TH1HE4A6TS23,TOPLINE FINANCIAL CREDIT UNION,2024,Official HMDA Data Browser filers API,matched
549300Z2B4FHRYOXTS09,Heritage Bank,2023,Official HMDA Data Browser filers API,matched
549300Z2FPZZD55OG155,UNION SQUARE CREDIT UNION,2025,Official HMDA Data Browser filers API,matched
549300Z2IS3ZCJG3OT45,SEA COMM,2025,Official HMDA Data Browser filers API,matched
549300Z3IK4IHLP1R468,Verimore Bank,2024,Official HMDA Data Browser filers API,matched
549300Z4DDTZBW3TC153,Kaw Valley Bank,2025,Official HMDA Data Browser filers API,matched
549300Z4DV0VEDFHP667,"CRESTMARK MORTGAGE COMPANY, LTD.",2025,Official HMDA Data Browser filers API,matched
549300Z4E78BSM0XM758,TEXAS BAY,2025,Official HMDA Data Browser filers API,matched
549300Z4HQ7YDKUVEW39,VANTAGE WEST,2025,Official HMDA Data Browser filers API,matched
549300Z4ZK628DTL4L52,MidAmerica National Bank,2025,Official HMDA Data Browser filers API,matched
549300Z52CLXKDXGPH16,Peoples Bank of East Tennessee,2023,Official HMDA Data Browser filers API,matched
549300Z54IIB4Q3AKI90,SMART FINANCIAL CREDIT UNION,2025,Official HMDA Data Browser filers API,matched
549300Z5MYEIE55LLY49,"HFG HOLDINGS, LLC",2025,Official HMDA Data Browser filers API,matched
549300Z66NI4HM439O26,SACRAMENTO Credit Union,2025,Official HMDA Data Browser filers API,matched
549300Z6EE8DBBFUW487,KS StateBank,2025,Official HMDA Data Browser filers API,matched
549300Z6RK4QCIMZJD44,Community First Bank of Indiana,2025,Official HMDA Data Browser filers API,matched
549300Z77WUYJM3QG591,First PREMIER Bank,2025,Official HMDA Data Browser filers API,matched
549300Z7EP1HO5CH1C36,First Palmetto Bank,2025,Official HMDA Data Browser filers API,matched
549300Z7KF7I03AULW22,EECU,2025,Official HMDA Data Browser filers API,matched
549300Z8EM6P4IUIYG50,"Waterford Bank, N.A.",2025,Official HMDA Data Browser filers API,matched
549300Z9PK8PPMKST414,GREAT RIVER FEDERAL CREDIT UNION,2024,Official HMDA Data Browser filers API,matched
549300ZAI389CEN8VG51,AbbyBank,2023,Official HMDA Data Browser filers API,matched
549300ZAZI235VM8Q149,"JAMS-01, INC.",2025,Official HMDA Data Browser filers API,matched
549300ZBB5XXXOWVNS92,Deerwood Bank,2025,Official HMDA Data Browser filers API,matched
549300ZBBGOL4MIK0L71,Three Rivers Federal Credit Union,2025,Official HMDA Data Browser filers API,matched
549300ZBJ7X2KWFZ7A33,RUSSELL COUNTRY FEDERAL CREDIT UNION,2024,Official HMDA Data Browser filers API,matched
549300ZBXINP1Y94CN02,"DIRECTORS MORTGAGE, INC.",2025,Official HMDA Data Browser filers API,matched
549300ZCR1XCLNEEI724,FOUNDATION MORTGAGE CORPORATION,2025,Official HMDA Data Browser filers API,matched
549300ZD18AVSD0OG331,GLENDENNING MORTGAGE CORPORATION,2025,Official HMDA Data Browser filers API,matched
549300ZDIZM7Y1MHKG98,Maine Savings Federal Credit Union,2025,Official HMDA Data Browser filers API,matched
549300ZEHLZ064G58146,"Sterling Bank and Trust, FSB",2024,Official HMDA Data Browser filers API,matched
549300ZFJ1696ECS0S38,Platte Valley Bank,2024,Official HMDA Data Browser filers API,matched
549300ZGCIDP1G72QO72,"CF Bank, National Association",2025,Official HMDA Data Browser filers API,matched
549300ZGTXNHL5BKQZ27,"DIRECTIONS EQUITY, LLC",2025,Official HMDA Data Browser filers API,matched
549300ZGZ9WQMJLEPH17,"1ST PRIORITY MORTGAGE, INC.",2025,Official HMDA Data Browser filers API,matched
549300ZIQ24V0C88AC41,GTE Federal Credit Union,2025,Official HMDA Data Browser filers API,matched
549300ZIXM1VUXPG4D03,"Florida Capital Bank, National Association",2025,Official HMDA Data Browser filers API,matched
549300ZJ3ZL66QGSGO48,Lakeland Bank,2023,Official HMDA Data Browser filers API,matched
549300ZJ52ZRS3Q0S589,Bank of O'Fallon,2025,Official HMDA Data Browser filers API,matched
549300ZJIC4LOLZH0M42,THE GOLDEN 1,2025,Official HMDA Data Browser filers API,matched
549300ZJK68X6PQU2308,TELHIO,2025,Official HMDA Data Browser filers API,matched
549300ZJODJ0SZUNMX12,Farmers State Bank,2023,Official HMDA Data Browser filers API,matched
549300ZK7CUY4GNBNC41,"MORTGAGE ONE OF THE SOUTH, INC.",2025,Official HMDA Data Browser filers API,matched
549300ZK7EAZ7CRGCU94,The First National Bank of Raymond,2025,Official HMDA Data Browser filers API,matched
549300ZKNH5TR7431V31,Mars Bank,2023,Official HMDA Data Browser filers API,matched
549300ZL6THC5R7VUP98,First Fidelity Bank,2025,Official HMDA Data Browser filers API,matched
549300ZLAWM1M5QAJH43,First State Bank of Middlebury,2025,Official HMDA Data Browser filers API,matched
549300ZLEJNF277L8Q40,Access Community Credit Union,2025,Official HMDA Data Browser filers API,matched
549300ZM3AIJAKZITQ95,Signal Financial Federal Credit Union,2024,Official HMDA Data Browser filers API,matched
549300ZM3TKJVUYB3676,Central Bank Illinois,2025,Official HMDA Data Browser filers API,matched
549300ZMO1A0DHCESP30,"NTFN, INC.",2023,Official HMDA Data Browser filers API,matched
549300ZMSSTP768USP32,Merchants & Marine Bank,2025,Official HMDA Data Browser filers API,matched
549300ZN5MIVRMVHJS09,"BANKSOUTH MORTGAGE COMPANY, LLC",2025,Official HMDA Data Browser filers API,matched
549300ZNV71J20M52A37,FIRST,2025,Official HMDA Data Browser filers API,matched
549300ZOBXG0DT4I6U54,"1ST 2ND MORTGAGE COMPANY OF N.J., INC.",2025,Official HMDA Data Browser filers API,matched
549300ZOKUKS0Z7C3X31,360 Federal Credit Union,2025,Official HMDA Data Browser filers API,matched
549300ZOW5Z4AZ36M223,First Exchange Bank,2023,Official HMDA Data Browser filers API,matched
549300ZPJVCRRFETOG85,HOMETRUST MORTGAGE COMPANY,2025,Official HMDA Data Browser filers API,matched
549300ZPP46PTHQ2RF22,NORTH BAY Credit Union,2025,Official HMDA Data Browser filers API,matched
549300ZPSJZO10ZAX556,"AMERICAN HERITAGE LENDING, LLC",2025,Official HMDA Data Browser filers API,matched
549300ZQ87KRTMFMIK55,Premier Bank Minnesota,2024,Official HMDA Data Browser filers API,matched
549300ZS1TR1B4LHX377,Firefighters First Federal Credit Union,2025,Official HMDA Data Browser filers API,matched
549300ZSFNMHET4KE860,THE SUMMIT Federal Credit Union,2025,Official HMDA Data Browser filers API,matched
549300ZSNURWJMU0YY46,United Southern Bank,2025,Official HMDA Data Browser filers API,matched
549300ZTG888WY6L8M95,German-American State Bank,2025,Official HMDA Data Browser filers API,matched
549300ZTT08EKQRVTR15,Atlantic Union Bank,2025,Official HMDA Data Browser filers API,matched
549300ZUA8339ZH6W934,ASHLAND Credit Union,2025,Official HMDA Data Browser filers API,matched
549300ZUF2EI6H23YK94,BEEHIVE,2025,Official HMDA Data Browser filers API,matched
549300ZVE7XVH8GM5H22,MEMBERS ADVANTAGE CREDIT UNION,2024,Official HMDA Data Browser filers API,matched
549300ZVEC9BMHFLTM94,RiverWood Bank,2024,Official HMDA Data Browser filers API,matched
549300ZW58TM1KU8CK35,Falcon International Bank,2025,Official HMDA Data Browser filers API,matched
549300ZW96EO7YCGVV43,Crews Bank & Trust,2025,Official HMDA Data Browser filers API,matched
549300ZWA6HRT4N1Z222,Hills Bank and Trust Company,2023,Official HMDA Data Browser filers API,matched
549300ZWBZI4IUOSSQ18,"READY MORTGAGE LENDERS, LLC",2025,Official HMDA Data Browser filers API,matched
549300ZWIT8J8Y2EXL07,PROTECTIVE LIFE CORPORATION,2025,Official HMDA Data Browser filers API,matched
549300ZWNETGFXTBBY03,"CANOPY MORTGAGE, LLC",2025,Official HMDA Data Browser filers API,matched
549300ZWYC0QUOFP0Q79,PEGASUS BANK,2025,Official HMDA Data Browser filers API,matched
549300ZX4OGRPOOEH505,Oakstar Bank,2025,Official HMDA Data Browser filers API,matched
549300ZX7CMZ93QCZQ91,First Citizens Bank,2025,Official HMDA Data Browser filers API,matched
549300ZXXYWVD5ZXYN28,The Eastern Colorado Bank,2024,Official HMDA Data Browser filers API,matched
549300ZY6PRWY54O6995,"CAPITAL PLUS FINANCIAL, LLC",2025,Official HMDA Data Browser filers API,matched
549300ZZIAVB1U6Z4S78,CFCU COMMUNITY Credit Union,2025,Official HMDA Data Browser filers API,matched
549300ZZME37MXI1EF14,"DAS Acquisition Company, LLC",2025,Official HMDA Data Browser filers API,matched
549300ZZZUYWXK72JD21,Frandsen Bank & Trust,2025,Official HMDA Data Browser filers API,matched
562V2SM4I80MJO5HYB83,Bank Rhode Island,2025,Official HMDA Data Browser filers API,matched
593C3GZG957YOJPS2Z63,City National Bank,2025,Official HMDA Data Browser filers API,matched
5Z1UQ1CWY0DQ3KJWDQ07,,,Official HMDA Data Browser filers API,unmatched
6354007NTMKKVRFIIP73,Bank of Sun Prairie,2023,Official HMDA Data Browser filers API,matched
635400IW1QMK3FNFF894,MERIDIAN BANK,2025,Official HMDA Data Browser filers API,matched
6BYL5QZYBDK8S7L73M02,U.S. Bank National Association,2025,Official HMDA Data Browser filers API,matched
6GK3WNTSHBNJOVP1LV97,ENT Credit Union,2024,Official HMDA Data Browser filers API,matched
6PTKHDJ8HDUF78PFWH30,The Northern Trust Company,2025,Official HMDA Data Browser filers API,matched
6UHRKD73G36IZYN3FC43,Customers Bank,2025,Official HMDA Data Browser filers API,matched
70WY0ID1N53Q4254VH70,Comerica Bank,2025,Official HMDA Data Browser filers API,matched
7DMUJTL9FFTVIAG9H788,Commerce Bank,2025,Official HMDA Data Browser filers API,matched
7G95BGMCIZTO8KTOM640,"Spencer Savings Bank, SLA",2025,Official HMDA Data Browser filers API,matched
7H6GLXDRUGQFU57RNE97,"JPMorgan Chase Bank, National Association",2025,Official HMDA Data Browser filers API,matched
875500CPQ9Z7QEFE5G90,"LOANPEOPLE, LLC",2025,Official HMDA Data Browser filers API,matched
8945002AZSML1PBU6N20,EDUCATORS CREDIT UNION,2025,Official HMDA Data Browser filers API,matched
8945004XZN3PZQZJW178,UNCLE Credit Union,2025,Official HMDA Data Browser filers API,matched
89450050X5UV1V72BV64,,,Official HMDA Data Browser filers API,unmatched
89450088V2BYQUO61B62,ANECA Federal Credit Union,2025,Official HMDA Data Browser filers API,matched
894500C7FEAC4HQJCK52,Kenmore N.Y. Teachers Federal Credit Union,2025,Official HMDA Data Browser filers API,matched
894500CFQPXSLHK0OK52,,,Official HMDA Data Browser filers API,unmatched
894500HRLC4E0APLYS82,Atkins Savings Bank & Trust,2025,Official HMDA Data Browser filers API,matched
894500J7N6WVLNSUPF81,Atlantic Home Mortgage LLC,2023,Official HMDA Data Browser filers API,matched
894500KOG527QMFEK485,ACMG Federal Credit Union,2025,Official HMDA Data Browser filers API,matched
894500LIN378M3LLE796,"Financial Freedom Mortgage, LLC",2024,Official HMDA Data Browser filers API,matched
894500NI2UNWVZRRZP19,Local Bank,2025,Official HMDA Data Browser filers API,matched
894500SYP6ZV71JDZH10,BARWICK BANKING COMPANY,2025,Official HMDA Data Browser filers API,matched
894500T7SC9LR4MI5X95,University Credit Union Miami,2023,Official HMDA Data Browser filers API,matched
894500TYEZ2FD95KS426,BANK OF COUSHATTA,2025,Official HMDA Data Browser filers API,matched
894500UIQNJRMSPN5G70,"The Bank, National Association",2025,Official HMDA Data Browser filers API,matched
894500VAX8CTDV1CWC26,Texas DPS Credit Union,2025,Official HMDA Data Browser filers API,matched
894500Z5NTAJDQWN0T57,Capital Partner Mortgage Services,2025,Official HMDA Data Browser filers API,matched
89Z2WRK82BORVH42CP71,West Bank,2025,Official HMDA Data Browser filers API,matched
8AI385EP1ZJCMUOZ8022,Landmark National Bank,2025,Official HMDA Data Browser filers API,matched
8EWQ2UQKS07AKK8ANH81,Deutsche Bank Trust Company Americas,2025,Official HMDA Data Browser filers API,matched
8I3UVGYULPJQIP7FQV10,"SouthState Bank, National Association",2025,Official HMDA Data Browser filers API,matched
8Q77SW3KZ88P3GNX0T60,Lake City Bank,2025,Official HMDA Data Browser filers API,matched
8WH0EE09O9V05QJZ3V89,"Zions Bancorporation, N.A.",2025,Official HMDA Data Browser filers API,matched
95JW06YV3JUTCH0IJV88,Fulton Savings Bank,2025,Official HMDA Data Browser filers API,matched
967600K0JD6JIELVRF39,Chaffey Federal Credit Union,2024,Official HMDA Data Browser filers API,matched
9845001ADACA7A75EE02,,,Official HMDA Data Browser filers API,unmatched
9845001DAE89414CBB55,"Zippy Loans, LLC",2025,Official HMDA Data Browser filers API,matched
9845002BFC70CNA9B356,,,Official HMDA Data Browser filers API,unmatched
9845003EDC545AF61498,COMMUNITY SOUTH,2025,Official HMDA Data Browser filers API,matched
9845004C2F7A0Z74D235,"RE Mortgage Advisors, LLC",2024,Official HMDA Data Browser filers API,matched
98450057741D3B36B015,Crosspoint Federal Credit Union,2025,Official HMDA Data Browser filers API,matched
98450057E3K708X9HP12,Tioga Franklin Savings Bank,2024,Official HMDA Data Browser filers API,matched
98450058D88OE4463626,,,Official HMDA Data Browser filers API,unmatched
984500599ABB43D69479,Stellar Mortgage Corporation,2025,Official HMDA Data Browser filers API,matched
9845005BP6974AE5D838,,,Official HMDA Data Browser filers API,unmatched
9845005EAC5FTC8B2656,First Security Bank,2023,Official HMDA Data Browser filers API,matched
98450064457HF042AA24,PACIFIC EQUITY AND LOAN LLC,2025,Official HMDA Data Browser filers API,matched
98450068WC14506F0D88,Aspen,2025,Official HMDA Data Browser filers API,matched
9845006B80369D0D9F43,"Center Street Lending VIII SPE, LLC",2025,Official HMDA Data Browser filers API,matched
9845006DE3H5E9VA4012,"Milo Credit, LLC",2023,Official HMDA Data Browser filers API,matched
9845006EEFF0EDFA9E57,City Bank & Trust Co.,2025,Official HMDA Data Browser filers API,matched
9845006YE04B346EC919,"SayGO Home Loans, LLC",2025,Official HMDA Data Browser filers API,matched
9845007980H2C9BGE974,Riverside Bank of Dublin,2025,Official HMDA Data Browser filers API,matched
9845007CY0EC0F59W414,,,Official HMDA Data Browser filers API,unmatched
9845007E2D0BDH6C8955,ASCENT,2025,Official HMDA Data Browser filers API,matched
98450087981AP406JG03,CONVENTUS LLC,2025,Official HMDA Data Browser filers API,matched
9845008B899BO1A50206,,,Official HMDA Data Browser filers API,unmatched
9845008CAAQ2F1C83086,Saratoga's Community Federal Credit Union,2023,Official HMDA Data Browser filers API,matched
9845009BF2E2AFB44E55,"INTROLEND, LLC CALIFORNIA",2023,Official HMDA Data Browser filers API,matched
9845009F0485ED08E927,,,Official HMDA Data Browser filers API,unmatched
9845009L1378CEE50A18,Utica Gas & Electric Federal Credit Union,2025,Official HMDA Data Browser filers API,matched
984500A9F1AADF548748,COMMERCIAL LOAN CORPORATION,2025,Official HMDA Data Browser filers API,matched
984500AE53C2CD1BA542,CAMPBELL FEDERAL CREDIT UNION,2025,Official HMDA Data Browser filers API,matched
984500AP41B6D7A4G025,"LoanFront, LLC",2024,Official HMDA Data Browser filers API,matched
984500B659A36CF0D469,Skyrock Mortgage Corp,2025,Official HMDA Data Browser filers API,matched
984500B8F043AF564B98,,,Official HMDA Data Browser filers API,unmatched
984500C3963FSB42CA10,"SUNDAE FUNDING, INC.",2024,Official HMDA Data Browser filers API,matched
984500C6D3DC0BE5E321,OrangePath Financial Inc.,2025,Official HMDA Data Browser filers API,matched
984500CBWD5B079K2C86,,,Official HMDA Data Browser filers API,unmatched
984500CD6F0743B8F530,United Trust Bank,2025,Official HMDA Data Browser filers API,matched
984500D092D1E2CYDB19,AMERICA'S FIRST NETWORK CREDIT UNION,2024,Official HMDA Data Browser filers API,matched
984500D61DCEC4E2B661,BUILDERS CHOICE MORTGAGE LLC,2025,Official HMDA Data Browser filers API,matched
984500DA79C1B97ACF16,LANDINGS,2025,Official HMDA Data Browser filers API,matched
984500DB378C704F4610,CITY-COUNTY CREDIT UNION,2025,Official HMDA Data Browser filers API,matched
984500E0DAP87785C746,"First Bridge Funding, Inc.",2025,Official HMDA Data Browser filers API,matched
984500ET710674536D72,SECURITY BANK AND TRUST COMPANY,2025,Official HMDA Data Browser filers API,matched
984500F03B9034CQB904,"Beeline Loans, Inc.",2025,Official HMDA Data Browser filers API,matched
984500F053B54C884C79,ONE AMERICAN BANK,2023,Official HMDA Data Browser filers API,matched
984500F12EF9DCACA497,,,Official HMDA Data Browser filers API,unmatched
984500F5665613E36549,"DIRECT RATE HOME LOANS, INC",2025,Official HMDA Data Browser filers API,matched
984500F6E6940CCB6A60,Emporium TPO LLC,2025,Official HMDA Data Browser filers API,matched
984500FAD1FB7FEGTE82,REAL GENIUS LLC,2023,Official HMDA Data Browser filers API,matched
984500I870D8FFWCE112,NorthEast Community Bank,2025,Official HMDA Data Browser filers API,matched
984500P059VACEAAFA22,"SUCCESS LENDING, LLC",2025,Official HMDA Data Browser filers API,matched
984500RF83EA742B5589,,,Official HMDA Data Browser filers API,unmatched
984500T0AY1EOD7AFB91,Ingersoll-Rand Federal Credit Union,2025,Official HMDA Data Browser filers API,matched
984500U2F9A83N391A91,"CHAMPIONS FUNDING, LLC",2025,Official HMDA Data Browser filers API,matched
9LIMABRJ9VPV74PBJB17,Hinsdale Bank & Trust Company,2025,Official HMDA Data Browser filers API,matched
AD6GFRVSDT01YPT1CS68,"PNC Bank, National Association",2025,Official HMDA Data Browser filers API,matched
AM9FLTUTLEC73M6N7I37,NATIONWIDE LIFE INSURANCE COMPANY,2025,Official HMDA Data Browser filers API,matched
B2S31CFVSWTN3FR00Q90,"PGIM Real Estate Finance, LLC",2025,Official HMDA Data Browser filers API,matched
B4TYDEB6GKMZO031MB27,"Bank of America, National Association",2025,Official HMDA Data Browser filers API,matched
B94HV8SXGDD3J5XESU08,Old Second National Bank,2025,Official HMDA Data Browser filers API,matched
C398JSK21YCXWM603F55,"Barrington Bank & Trust Company, National Association",2025,Official HMDA Data Browser filers API,matched
C4BXATY60WC6XEOZDX54,"MetLife, Inc.",2025,Official HMDA Data Browser filers API,matched
C5654JQHZUHN0772B561,USAA Federal Savings Bank,2025,Official HMDA Data Browser filers API,matched
CKHJ2UYFJET57VN40289,CMFG LIFE INSURANCE COMPANY,2023,Official HMDA Data Browser filers API,matched
CKVBED0S4DMLKJJ5XH28,Stifel Bank and Trust,2025,Official HMDA Data Browser filers API,matched
CLHA5EVJO4FMZ2WOBV70,"Northbrook Bank and Trust Company, National Association",2025,Official HMDA Data Browser filers API,matched
COINQMNIM6RBU631DD85,Arvest Bank,2025,Official HMDA Data Browser filers API,matched
COOWI3L2W9TPYR3WJX37,First Horizon Bank,2025,Official HMDA Data Browser filers API,matched
D32W5EBLENJC27207O81,Emprise Bank,2025,Official HMDA Data Browser filers API,matched
D38AC76TAMYI50NBPX33,WASHINGTON FEDERAL BANK,2025,Official HMDA Data Browser filers API,matched
D8RBTOL3JO2Q6IEO0F34,Origin Bank,2025,Official HMDA Data Browser filers API,matched
DRMSV1Q0EKMEXLAU1P80,"Citizens Bank, National Association",2025,Official HMDA Data Browser filers API,matched
DX0JX77PRMOELF7VG772,Synovus Bank,2025,Official HMDA Data Browser filers API,matched
DZC62HF6UIZYJ08V1J90,"Fulton Bank, National Association",2025,Official HMDA Data Browser filers API,matched
E57ODZWZ7FF32TWEFA76,"Citibank, National Association",2025,Official HMDA Data Browser filers API,matched
EFBDHEMMHTWI378O4988,Heartland Bank and Trust Company,2025,Official HMDA Data Browser filers API,matched
EQTWLK1G7ODGC2MGLV11,Regions Bank,2025,Official HMDA Data Browser filers API,matched
F28JOQ8OBWCFUYM0UX93,East West Bank,2025,Official HMDA Data Browser filers API,matched
FDXQ75GPEQKRPWABYN63,CIBC Bank USA,2025,Official HMDA Data Browser filers API,matched
FT6J43S06X6CLJ0R0B48,Cathay Bank,2025,Official HMDA Data Browser filers API,matched
FU7RSW4CQQY98A2O7J66,"BOKF, National Association",2025,Official HMDA Data Browser filers API,matched
FYRC3KHM4DQBX5PWG390,North Dallas Bank & Trust Co.,2025,Official HMDA Data Browser filers API,matched
G5AHTAP80NWA3Q8RDC78,Frost Bank,2025,Official HMDA Data Browser filers API,matched
GDN5JXQ4P5NZE28ZRC90,City National Bank of Florida,2025,Official HMDA Data Browser filers API,matched
HDU55UX4CXD9YSL1U194,"Westfield Bank, FSB",2025,Official HMDA Data Browser filers API,matched
HIDXEG9BLUJZKBGUT764,Bank-Fund Staff Federal Credit Union,2025,Official HMDA Data Browser filers API,matched
HUX2X73FUCYHUVH1BK78,KeyBank National Association,2025,Official HMDA Data Browser filers API,matched
I70W3N0Z6KOX8FYIH023,Peoples Bank,2025,Official HMDA Data Browser filers API,matched
IESWU3ORVB7T21TZOK62,Transamerica Life Insurance Company,2023,Official HMDA Data Browser filers API,matched
IFQSIUC9AGQV2NE8CN25,Umpqua Bank,2025,Official HMDA Data Browser filers API,matched
II61D6IY86YZ37HBBL25,Bankers Trust Company,2025,Official HMDA Data Browser filers API,matched
IUGPUX5LWRZ3B6KIZ697,Ameris Bank,2025,Official HMDA Data Browser filers API,matched
IWRZQFYIRJ0IMURZBB68,Johnson Financial Group,2025,Official HMDA Data Browser filers API,matched
JJKC32MCHWDI71265Z06,Truist Bank,2025,Official HMDA Data Browser filers API,matched
K0ZDN2CBIQC0EHBKNK35,Enterprise Bank & Trust,2025,Official HMDA Data Browser filers API,matched
KB1H1DSPRFMYMCUFXT09,"Wells Fargo Bank, National Association",2025,Official HMDA Data Browser filers API,matched
KD3XUN7C6T14HNAYLU02,Goldman Sachs Bank USA,2025,Official HMDA Data Browser filers API,matched
KI0VI4JRMCIJ329YTN75,Valley National Bank,2025,Official HMDA Data Browser filers API,matched
L9VVX1KT5TFTKS0MLF66,First-Citizens Bank & Trust Company,2025,Official HMDA Data Browser filers API,matched
LBIZXW7X2N50PETIH863,STAR Financial Bank,2025,Official HMDA Data Browser filers API,matched
LCUAWMT4M5H8DJ8DFH49,1st Source Bank,2025,Official HMDA Data Browser filers API,matched
LDVFX8JEECFFE8HRWA73,First National Bank of Omaha,2025,Official HMDA Data Browser filers API,matched
LVR1UQE8OOCO93IHEB52,Northwest Bank,2025,Official HMDA Data Browser filers API,matched
MCXHCL35UUWDZK7NCQ61,S&T Bank,2025,Official HMDA Data Browser filers API,matched
MMO6VV34TNP4Z1T8NG83,AgFirst Farm Credit Bank,2025,Official HMDA Data Browser filers API,matched
MV4O55SH8HO6KQSGW013,First Financial Bank,2025,Official HMDA Data Browser filers API,matched
N8T7HW55LK5D2ORCKP39,First National Bank of Pennsylvania,2025,Official HMDA Data Browser filers API,matched
NJ1Z0LLF4RLDWG2WCN80,LINCOLN NATIONAL LIFE INSURANCE COMPANY,2025,Official HMDA Data Browser filers API,matched
NSGZD26XPW2CUM2JKU70,HANCOCK WHITNEY BANK,2025,Official HMDA Data Browser filers API,matched
OTQ7L99FG3H1GQVQBT56,Blackhawk Bank,2023,Official HMDA Data Browser filers API,matched
OYWNLMHNBQQ7BAH3EE86,Alpine Bank,2025,Official HMDA Data Browser filers API,matched
OZ7MS5KHJY6WIPGXQW23,Farmers & Merchants Bank of Central California,2025,Official HMDA Data Browser filers API,matched
P7GC0W65KB5CEIHLDX81,Horizon Bank,2025,Official HMDA Data Browser filers API,matched
PAOOWF3GUFM46FBSP561,PHH Mortgage Corporation,2025,Official HMDA Data Browser filers API,matched
PINLJ7T7GLTF48NFP863,Colorado Federal Savings Bank,2025,Official HMDA Data Browser filers API,matched
PS6WLKTYGZOKK05G5O59,Cedar Rapids Bank and Trust Company,2025,Official HMDA Data Browser filers API,matched
Q708HHR4LD2B7XIZNO92,First Federal Bank,2025,Official HMDA Data Browser filers API,matched
Q7C315HKI8VX0SSKBS64,Cadence Bank,2025,Official HMDA Data Browser filers API,matched
QFROUN1UWUYU0DVIWD51,"Fifth Third Bank, National Association",2025,Official HMDA Data Browser filers API,matched
QGPGHQ1ENZOOLJRFTH41,"WesBanco Bank, Inc.",2025,Official HMDA Data Browser filers API,matched
QOT5WN9RBKQTFRVKEV31,Bank of the West,2023,Official HMDA Data Browser filers API,matched
QQ0OZ8J9C4B5QT1XDG31,JOHN HANCOCK LIFE INSURANCE COMPANY (U.S.A.),2024,Official HMDA Data Browser filers API,matched
R6KJ2D7C3UT8OVTWHS39,Union Bank and Trust Company,2025,Official HMDA Data Browser filers API,matched
R7JQ9JTCFHXBQU4XIT26,Firstrust Savings Bank,2025,Official HMDA Data Browser filers API,matched
RA4FKR1AA05ZK88M8034,Broadway National Bank,2025,Official HMDA Data Browser filers API,matched
RM2F4G3WBQ8R9OKYRH19,Mercantile Bank,2025,Official HMDA Data Browser filers API,matched
RO7SIV4IZNEGU4EXXS92,AuburnBank,2024,Official HMDA Data Browser filers API,matched
RVDPPPGHCGZ40J4VQ731,"PENNYMAC LOAN SERVICES, LLC",2025,Official HMDA Data Browser filers API,matched
S0Q3AHZRL5K6VQE35M07,First Merchants Bank,2025,Official HMDA Data Browser filers API,matched
SI7YQSVPFZBSQ878IC17,Western Alliance Bank,2023,Official HMDA Data Browser filers API,matched
SS1TRMSN6BRNMOREEV51,"Flagstar Bank, N.A.",2025,Official HMDA Data Browser filers API,matched
T68X8LLAQYRNDV034K14,United Community Bank,2025,Official HMDA Data Browser filers API,matched
TKT6FH38184ZYBTPKS77,Rockland Trust Company,2025,Official HMDA Data Browser filers API,matched
TR24TWEY5RVRQV65HD49,"Santander Bank, N.A.",2023,Official HMDA Data Browser filers API,matched
U9WBLC3ZT2VBJSNY2Y81,Fairfield County Bank,2025,Official HMDA Data Browser filers API,matched
UBNR8NKAK8J9JL4NZF88,The State Bank and Trust Company,2025,Official HMDA Data Browser filers API,matched
UPMVBH3EU3LS6P1KR697,"AMERANT BANK, NATIONAL ASSOCIATION",2025,Official HMDA Data Browser filers API,matched
VEQ70DCTAI4TBBHPYI39,American National Bank,2025,Official HMDA Data Browser filers API,matched
VN1JLT1F3FLLVN3FZG89,First Commonwealth Bank,2025,Official HMDA Data Browser filers API,matched
VNOO6EITDJ2YUEBMSZ83,"UMB Bank, National Association",2025,Official HMDA Data Browser filers API,matched
WE0I402RW25AU38DTI13,Banner Bank,2025,Official HMDA Data Browser filers API,matched
WKN6AF1FCL7BBYGTGI83,First Savings Bank,2025,Official HMDA Data Browser filers API,matched
WO4YNEKNSZNVVA7Q7C46,The First National Bank of Long Island,2024,Official HMDA Data Browser filers API,matched
WV0OVGBTLUP1XIUJE722,"Webster Bank, National Association",2025,Official HMDA Data Browser filers API,matched
WVM1F03F86RQLLTEVE84,EagleBank,2023,Official HMDA Data Browser filers API,matched
WWB2V0FCW3A0EE3ZJN75,Manufacturers and Traders Trust Company,2025,Official HMDA Data Browser filers API,matched
WWJYKHS2UNKSDW8XLB53,First Hawaiian Bank,2023,Official HMDA Data Browser filers API,matched
X05BVSK68TQ7YTOSNR22,Discover Bank,2025,Official HMDA Data Browser filers API,matched
X6T32LKEPUT8LQMW6755,Republic Bank & Trust Company,2025,Official HMDA Data Browser filers API,matched
X8V2II80XTQHRH7NCB19,Eastern Bank,2023,Official HMDA Data Browser filers API,matched
XC7Z0BA39TU7L1AKOJ12,First American Bank,2025,Official HMDA Data Browser filers API,matched
XJCRTTYJVBMA22IXL619,Bank of Hawaii,2025,Official HMDA Data Browser filers API,matched
YQI2CPR3Z44KAR0HG822,The Park Bank,2025,Official HMDA Data Browser filers API,matched
YWC0TIKBQM2JV8L4IV08,First Republic Bank,2023,Official HMDA Data Browser filers API,matched
Z867SNMO7WGY8TTGQG78,"Summit Community Bank, Inc",2023,Official HMDA Data Browser filers API,matched
ZF85QS7OXKPBG52R7N18,"Associated Bank, National Association",2025,Official HMDA Data Browser filers API,matched
ZXMJHJK466PBZTM5F379,Raymond James Bank,2025,Official HMDA Data Browser filers API,matched
